P/T (kPa/K),Den (Kg/cu m),Temp (C),Pres (kPa),Alt (m)
1.04847844497442E-05,3.6545E-5,107.990000,3.9956E-3,80000
1.04949805115298E-05,3.6581E-5,107.960100,3.9992E-3,79990
1.05051872898412E-05,3.6616E-5,107.930200,4.0028E-3,79980
1.0515404796784E-05,3.6652E-5,107.900300,4.0064E-3,79970
1.05256330444788E-05,3.6687E-5,107.870400,4.0100E-3,79960
1.05358720450606E-05,3.6723E-5,107.840500,4.0135E-3,79950
1.05461218106793E-05,3.6759E-5,107.810600,4.0171E-3,79940
1.05563823534991E-05,3.6795E-5,107.780700,4.0207E-3,79930
1.05666536856994E-05,3.6830E-5,107.750800,4.0243E-3,79920
1.0576935819474E-05,3.6866E-5,107.720900,4.0279E-3,79910
1.05872287670314E-05,3.6902E-5,107.691000,4.0315E-3,79900
1.05975325405951E-05,3.6938E-5,107.661100,4.0351E-3,79890
1.06078471524031E-05,3.6974E-5,107.631200,4.0387E-3,79880
1.06181726147085E-05,3.7010E-5,107.601300,4.0424E-3,79870
1.0628508939779E-05,3.7046E-5,107.571400,4.0460E-3,79860
1.06388561398971E-05,3.7082E-5,107.541500,4.0496E-3,79850
1.06492142273604E-05,3.7118E-5,107.511600,4.0532E-3,79840
1.06595832144812E-05,3.7154E-5,107.481700,4.0568E-3,79830
1.06699631135866E-05,3.7191E-5,107.451800,4.0605E-3,79820
1.06803539370189E-05,3.7227E-5,107.421900,4.0641E-3,79810
1.0690755697135E-05,3.7263E-5,107.392000,4.0677E-3,79800
1.07011684063069E-05,3.7299E-5,107.362100,4.0714E-3,79790
1.07115920769217E-05,3.7336E-5,107.332200,4.0750E-3,79780
1.07220267213814E-05,3.7372E-5,107.302300,4.0787E-3,79770
1.07324723521028E-05,3.7408E-5,107.272400,4.0823E-3,79760
1.0742928981518E-05,3.7445E-5,107.242500,4.0860E-3,79750
1.0753396622074E-05,3.7481E-5,107.212600,4.0897E-3,79740
1.0763875286233E-05,3.7518E-5,107.182700,4.0933E-3,79730
1.07743649864722E-05,3.7554E-5,107.152800,4.0970E-3,79720
1.07848657352838E-05,3.7591E-5,107.122900,4.1007E-3,79710
1.07953775451754E-05,3.7628E-5,107.093000,4.1043E-3,79700
1.08059004286694E-05,3.7664E-5,107.063100,4.1080E-3,79690
1.08164343983036E-05,3.7701E-5,107.033200,4.1117E-3,79680
1.0826979466631E-05,3.7738E-5,107.003300,4.1154E-3,79670
1.08375356462196E-05,3.7775E-5,106.973400,4.1191E-3,79660
1.08481029496529E-05,3.7811E-5,106.943500,4.1228E-3,79650
1.08586813895293E-05,3.7848E-5,106.913600,4.1264E-3,79640
1.08692709784628E-05,3.7885E-5,106.883700,4.1301E-3,79630
1.08798717290825E-05,3.7922E-5,106.853800,4.1338E-3,79620
1.08904836540328E-05,3.7959E-5,106.823900,4.1376E-3,79610
1.09011067659735E-05,3.7996E-5,106.794000,4.1413E-3,79600
1.09117410775797E-05,3.8033E-5,106.764100,4.1450E-3,79590
1.09223866015419E-05,3.8070E-5,106.734200,4.1487E-3,79580
1.09330433505658E-05,3.8108E-5,106.704300,4.1524E-3,79570
1.09437113373727E-05,3.8145E-5,106.674400,4.1561E-3,79560
1.09543905746992E-05,3.8182E-5,106.644500,4.1599E-3,79550
1.09650810752976E-05,3.8219E-5,106.614600,4.1636E-3,79540
1.09757828519353E-05,3.8256E-5,106.584700,4.1673E-3,79530
1.09864959173953E-05,3.8294E-5,106.554800,4.1711E-3,79520
1.09972202844762E-05,3.8331E-5,106.524900,4.1748E-3,79510
1.10079559659921E-05,3.8369E-5,106.495000,4.1786E-3,79500
1.10187029747726E-05,3.8406E-5,106.465100,4.1823E-3,79490
1.10294613236627E-05,3.8444E-5,106.435200,4.1861E-3,79480
1.10402310255233E-05,3.8481E-5,106.405300,4.1898E-3,79470
1.10510120932307E-05,3.8519E-5,106.375400,4.1936E-3,79460
1.10618045396768E-05,3.8556E-5,106.345500,4.1974E-3,79450
1.10726083777693E-05,3.8594E-5,106.315600,4.2011E-3,79440
1.10834236204314E-05,3.8632E-5,106.285700,4.2049E-3,79430
1.1094250280602E-05,3.8669E-5,106.255800,4.2087E-3,79420
1.11050883712358E-05,3.8707E-5,106.225900,4.2124E-3,79410
1.11159379053031E-05,3.8745E-5,106.196000,4.2162E-3,79400
1.11267988957901E-05,3.8783E-5,106.166100,4.2200E-3,79390
1.11376713556986E-05,3.8821E-5,106.136200,4.2238E-3,79380
1.11485552980462E-05,3.8859E-5,106.106300,4.2276E-3,79370
1.11594507358665E-05,3.8897E-5,106.076400,4.2314E-3,79360
1.11703576822087E-05,3.8935E-5,106.046500,4.2352E-3,79350
1.11812761501379E-05,3.8973E-5,106.016600,4.2390E-3,79340
1.11922061527351E-05,3.9011E-5,105.986700,4.2428E-3,79330
1.12031477030971E-05,3.9049E-5,105.956800,4.2466E-3,79320
1.12141008143368E-05,3.9087E-5,105.926900,4.2504E-3,79310
1.12250654995829E-05,3.9125E-5,105.897000,4.2543E-3,79300
1.12360417719799E-05,3.9164E-5,105.867100,4.2581E-3,79290
1.12470296446885E-05,3.9202E-5,105.837200,4.2619E-3,79280
1.12580291308854E-05,3.9240E-5,105.807300,4.2657E-3,79270
1.1269040243763E-05,3.9279E-5,105.777400,4.2696E-3,79260
1.12800629965302E-05,3.9317E-5,105.747500,4.2734E-3,79250
1.12910974024114E-05,3.9356E-5,105.717600,4.2773E-3,79240
1.13021434746476E-05,3.9394E-5,105.687700,4.2811E-3,79230
1.13132012264955E-05,3.9433E-5,105.657800,4.2850E-3,79220
1.13242706712282E-05,3.9471E-5,105.627900,4.2888E-3,79210
1.13353518221347E-05,3.9510E-5,105.598000,4.2927E-3,79200
1.13464446925203E-05,3.9548E-5,105.568100,4.2965E-3,79190
1.13575492957063E-05,3.9587E-5,105.538200,4.3004E-3,79180
1.13686656450305E-05,3.9626E-5,105.508300,4.3043E-3,79170
1.13797937538467E-05,3.9665E-5,105.478400,4.3081E-3,79160
1.13909336355249E-05,3.9703E-5,105.448500,4.3120E-3,79150
1.14020853034516E-05,3.9742E-5,105.418600,4.3159E-3,79140
1.14132487710292E-05,3.9781E-5,105.388700,4.3198E-3,79130
1.14244240516767E-05,3.9820E-5,105.358800,4.3237E-3,79120
1.14356111588295E-05,3.9859E-5,105.328900,4.3276E-3,79110
1.14468101059389E-05,3.9898E-5,105.299000,4.3315E-3,79100
1.14580209064731E-05,3.9937E-5,105.269100,4.3354E-3,79090
1.14692435739163E-05,3.9976E-5,105.239200,4.3393E-3,79080
1.14804781217693E-05,4.0016E-5,105.209300,4.3432E-3,79070
1.14917245635493E-05,4.0055E-5,105.179400,4.3471E-3,79060
1.15029829127898E-05,4.0094E-5,105.149500,4.3510E-3,79050
1.1514253183041E-05,4.0133E-5,105.119600,4.3549E-3,79040
1.15255353878694E-05,4.0173E-5,105.089700,4.3588E-3,79030
1.15368295408582E-05,4.0212E-5,105.059800,4.3628E-3,79020
1.1548135655607E-05,4.0251E-5,105.029900,4.3667E-3,79010
1.15594537457319E-05,4.0291E-5,105.000000,4.3706E-3,79000
1.15707838248658E-05,4.0330E-5,104.970100,4.3746E-3,78990
1.1582125906658E-05,4.0370E-5,104.940200,4.3785E-3,78980
1.15934800047744E-05,4.0409E-5,104.910300,4.3825E-3,78970
1.16048461328978E-05,4.0449E-5,104.880400,4.3864E-3,78960
1.16162243047274E-05,4.0489E-5,104.850500,4.3904E-3,78950
1.16276145339792E-05,4.0528E-5,104.820600,4.3943E-3,78940
1.16390168343859E-05,4.0568E-5,104.790700,4.3983E-3,78930
1.16504312196969E-05,4.0608E-5,104.760800,4.4022E-3,78920
1.16618577036784E-05,4.0648E-5,104.730900,4.4062E-3,78910
1.16732963001132E-05,4.0688E-5,104.701000,4.4102E-3,78900
1.16847470228012E-05,4.0728E-5,104.671100,4.4142E-3,78890
1.16962098855589E-05,4.0768E-5,104.641200,4.4181E-3,78880
1.17076849022197E-05,4.0808E-5,104.611300,4.4221E-3,78870
1.17191720866339E-05,4.0848E-5,104.581400,4.4261E-3,78860
1.17306714526684E-05,4.0888E-5,104.551500,4.4301E-3,78850
1.17421830142075E-05,4.0928E-5,104.521600,4.4341E-3,78840
1.17537067851521E-05,4.0968E-5,104.491700,4.4381E-3,78830
1.176524277942E-05,4.1008E-5,104.461800,4.4421E-3,78820
1.17767910109461E-05,4.1048E-5,104.431900,4.4461E-3,78810
1.17883514936824E-05,4.1089E-5,104.402000,4.4501E-3,78800
1.17999242415976E-05,4.1129E-5,104.372100,4.4541E-3,78790
1.18115092686777E-05,4.1169E-5,104.342200,4.4582E-3,78780
1.18231065889258E-05,4.1210E-5,104.312300,4.4622E-3,78770
1.18347162163617E-05,4.1250E-5,104.282400,4.4662E-3,78760
1.18463381650228E-05,4.1291E-5,104.252500,4.4702E-3,78750
1.18579724489632E-05,4.1331E-5,104.222600,4.4743E-3,78740
1.18696190822544E-05,4.1372E-5,104.192700,4.4783E-3,78730
1.1881278078985E-05,4.1413E-5,104.162800,4.4824E-3,78720
1.18929494532608E-05,4.1453E-5,104.132900,4.4864E-3,78710
1.19046332192048E-05,4.1494E-5,104.103000,4.4905E-3,78700
1.19163293909573E-05,4.1535E-5,104.073100,4.4945E-3,78690
1.19280379826756E-05,4.1576E-5,104.043200,4.4986E-3,78680
1.19397590085347E-05,4.1616E-5,104.013300,4.5026E-3,78670
1.19514924827265E-05,4.1657E-5,103.983400,4.5067E-3,78660
1.19632384194605E-05,4.1698E-5,103.953500,4.5108E-3,78650
1.19749968329635E-05,4.1739E-5,103.923600,4.5149E-3,78640
1.19867677374795E-05,4.1780E-5,103.893700,4.5189E-3,78630
1.19985511472701E-05,4.1821E-5,103.863800,4.5230E-3,78620
1.20103470766143E-05,4.1862E-5,103.833900,4.5271E-3,78610
1.20221555398083E-05,4.1904E-5,103.804000,4.5312E-3,78600
1.20339765511661E-05,4.1945E-5,103.774100,4.5353E-3,78590
1.20458101250189E-05,4.1986E-5,103.744200,4.5394E-3,78580
1.20576562757156E-05,4.2027E-5,103.714300,4.5435E-3,78570
1.20695150176225E-05,4.2069E-5,103.684400,4.5476E-3,78560
1.20813863651236E-05,4.2110E-5,103.654500,4.5517E-3,78550
1.20932703326203E-05,4.2152E-5,103.624600,4.5558E-3,78540
1.21051669345317E-05,4.2193E-5,103.594700,4.5600E-3,78530
1.21170761852945E-05,4.2234E-5,103.564800,4.5641E-3,78520
1.2128998099363E-05,4.2276E-5,103.534900,4.5682E-3,78510
1.21409326912094E-05,4.2318E-5,103.505000,4.5723E-3,78500
1.21528799753232E-05,4.2359E-5,103.475100,4.5765E-3,78490
1.21648399662119E-05,4.2401E-5,103.445200,4.5806E-3,78480
1.21768126784006E-05,4.2443E-5,103.415300,4.5848E-3,78470
1.21887981264323E-05,4.2484E-5,103.385400,4.5889E-3,78460
1.22007963248676E-05,4.2526E-5,103.355500,4.5931E-3,78450
1.22128072882851E-05,4.2568E-5,103.325600,4.5972E-3,78440
1.2224831031281E-05,4.2610E-5,103.295700,4.6014E-3,78430
1.22368675684696E-05,4.2652E-5,103.265800,4.6055E-3,78420
1.22489169144829E-05,4.2694E-5,103.235900,4.6097E-3,78410
1.22609790839709E-05,4.2736E-5,103.206000,4.6139E-3,78400
1.22730540916014E-05,4.2778E-5,103.176100,4.6181E-3,78390
1.22851419520603E-05,4.2820E-5,103.146200,4.6222E-3,78380
1.22972426800513E-05,4.2862E-5,103.116300,4.6264E-3,78370
1.23093562902962E-05,4.2905E-5,103.086400,4.6306E-3,78360
1.23214827975349E-05,4.2947E-5,103.056500,4.6348E-3,78350
1.23336222165252E-05,4.2989E-5,103.026600,4.6390E-3,78340
1.23457745620428E-05,4.3032E-5,102.996700,4.6432E-3,78330
1.2357939848882E-05,4.3074E-5,102.966800,4.6474E-3,78320
1.23701180918546E-05,4.3116E-5,102.936900,4.6516E-3,78310
1.2382309305791E-05,4.3159E-5,102.907000,4.6558E-3,78300
1.23945135055396E-05,4.3202E-5,102.877100,4.6601E-3,78290
1.24067307059668E-05,4.3244E-5,102.847200,4.6643E-3,78280
1.24189609219576E-05,4.3287E-5,102.817300,4.6685E-3,78270
1.24312041684148E-05,4.3329E-5,102.787400,4.6727E-3,78260
1.24434604602596E-05,4.3372E-5,102.757500,4.6770E-3,78250
1.24557298124318E-05,4.3415E-5,102.727600,4.6812E-3,78240
1.24680122398889E-05,4.3458E-5,102.697700,4.6855E-3,78230
1.24803077576073E-05,4.3501E-5,102.667800,4.6897E-3,78220
1.24926163805813E-05,4.3543E-5,102.637900,4.6939E-3,78210
1.25049381238239E-05,4.3586E-5,102.608000,4.6982E-3,78200
1.25172730023663E-05,4.3629E-5,102.578100,4.7025E-3,78190
1.25296210312581E-05,4.3672E-5,102.548200,4.7067E-3,78180
1.25419822255676E-05,4.3716E-5,102.518300,4.7110E-3,78170
1.25543566003813E-05,4.3759E-5,102.488400,4.7153E-3,78160
1.25667441708041E-05,4.3802E-5,102.458500,4.7195E-3,78150
1.25791449519599E-05,4.3845E-5,102.428600,4.7238E-3,78140
1.25915589589906E-05,4.3888E-5,102.398700,4.7281E-3,78130
1.2603986207057E-05,4.3932E-5,102.368800,4.7324E-3,78120
1.26164267113383E-05,4.3975E-5,102.338900,4.7367E-3,78110
1.26288804870325E-05,4.4018E-5,102.309000,4.7410E-3,78100
1.26413475493561E-05,4.4062E-5,102.279100,4.7453E-3,78090
1.26538279135443E-05,4.4105E-5,102.249200,4.7496E-3,78080
1.26663215948509E-05,4.4149E-5,102.219300,4.7539E-3,78070
1.26788286085485E-05,4.4193E-5,102.189400,4.7582E-3,78060
1.26913489699285E-05,4.4236E-5,102.159500,4.7625E-3,78050
1.27038826943009E-05,4.4280E-5,102.129600,4.7669E-3,78040
1.27164297969947E-05,4.4324E-5,102.099700,4.7712E-3,78030
1.27289902933574E-05,4.4367E-5,102.069800,4.7755E-3,78020
1.27415641987556E-05,4.4411E-5,102.039900,4.7799E-3,78010
1.27541515285746E-05,4.4455E-5,102.010000,4.7842E-3,78000
1.27667522982187E-05,4.4499E-5,101.980100,4.7886E-3,77990
1.2779366523111E-05,4.4543E-5,101.950200,4.7929E-3,77980
1.27919942186936E-05,4.4587E-5,101.920300,4.7973E-3,77970
1.28046354004276E-05,4.4631E-5,101.890400,4.8016E-3,77960
1.28172900837928E-05,4.4675E-5,101.860500,4.8060E-3,77950
1.28299582842885E-05,4.4719E-5,101.830600,4.8103E-3,77940
1.28426400174325E-05,4.4763E-5,101.800700,4.8147E-3,77930
1.28553352987621E-05,4.4808E-5,101.770800,4.8191E-3,77920
1.28680441438333E-05,4.4852E-5,101.740900,4.8235E-3,77910
1.28807665682216E-05,4.4896E-5,101.711000,4.8279E-3,77900
1.28935025875212E-05,4.4941E-5,101.681100,4.8322E-3,77890
1.29062522173458E-05,4.4985E-5,101.651200,4.8366E-3,77880
1.29190154733281E-05,4.5030E-5,101.621300,4.8410E-3,77870
1.29317923711201E-05,4.5074E-5,101.591400,4.8454E-3,77860
1.2944582926393E-05,4.5119E-5,101.561500,4.8498E-3,77850
1.29573871548372E-05,4.5163E-5,101.531600,4.8542E-3,77840
1.29702050721624E-05,4.5208E-5,101.501700,4.8587E-3,77830
1.29830366940977E-05,4.5253E-5,101.471800,4.8631E-3,77820
1.29958820363914E-05,4.5298E-5,101.441900,4.8675E-3,77810
1.30087411148112E-05,4.5342E-5,101.412000,4.8719E-3,77800
1.30216139451442E-05,4.5387E-5,101.382100,4.8764E-3,77790
1.30345005431971E-05,4.5432E-5,101.352200,4.8808E-3,77780
1.30474009247955E-05,4.5477E-5,101.322300,4.8852E-3,77770
1.30603151057851E-05,4.5522E-5,101.292400,4.8897E-3,77760
1.30732431020305E-05,4.5567E-5,101.262500,4.8941E-3,77750
1.30861849294163E-05,4.5612E-5,101.232600,4.8986E-3,77740
1.30991406038464E-05,4.5658E-5,101.202700,4.9030E-3,77730
1.31121101412441E-05,4.5703E-5,101.172800,4.9075E-3,77720
1.31250935575527E-05,4.5748E-5,101.142900,4.9120E-3,77710
1.31380908687347E-05,4.5793E-5,101.113000,4.9164E-3,77700
1.31511020907725E-05,4.5839E-5,101.083100,4.9209E-3,77690
1.31641272396681E-05,4.5884E-5,101.053200,4.9254E-3,77680
1.31771663314431E-05,4.5929E-5,101.023300,4.9299E-3,77670
1.31902193821389E-05,4.5975E-5,100.993400,4.9344E-3,77660
1.32032864078166E-05,4.6021E-5,100.963500,4.9389E-3,77650
1.32163674245572E-05,4.6066E-5,100.933600,4.9434E-3,77640
1.32294624484612E-05,4.6112E-5,100.903700,4.9479E-3,77630
1.32425714956492E-05,4.6157E-5,100.873800,4.9524E-3,77620
1.32556945822615E-05,4.6203E-5,100.843900,4.9569E-3,77610
1.32688317244583E-05,4.6249E-5,100.814000,4.9614E-3,77600
1.32819829384198E-05,4.6295E-5,100.784100,4.9659E-3,77590
1.32951482403459E-05,4.6341E-5,100.754200,4.9704E-3,77580
1.33083276464566E-05,4.6387E-5,100.724300,4.9750E-3,77570
1.3321521172992E-05,4.6433E-5,100.694400,4.9795E-3,77560
1.33347288362118E-05,4.6479E-5,100.664500,4.9840E-3,77550
1.33479506523961E-05,4.6525E-5,100.634600,4.9886E-3,77540
1.33611866378449E-05,4.6571E-5,100.604700,4.9931E-3,77530
1.33744368088784E-05,4.6617E-5,100.574800,4.9977E-3,77520
1.33877011818367E-05,4.6663E-5,100.544900,5.0022E-3,77510
1.34009797730803E-05,4.6710E-5,100.515000,5.0068E-3,77500
1.34142725989894E-05,4.6756E-5,100.485100,5.0114E-3,77490
1.3427579675965E-05,4.6802E-5,100.455200,5.0159E-3,77480
1.34409010204279E-05,4.6849E-5,100.425300,5.0205E-3,77470
1.34542366488191E-05,4.6895E-5,100.395400,5.0251E-3,77460
1.34675865776002E-05,4.6942E-5,100.365500,5.0297E-3,77450
1.34809508232527E-05,4.6988E-5,100.335600,5.0343E-3,77440
1.34943294022788E-05,4.7035E-5,100.305700,5.0389E-3,77430
1.35077223312007E-05,4.7082E-5,100.275800,5.0435E-3,77420
1.35211296265612E-05,4.7128E-5,100.245900,5.0481E-3,77410
1.35345513049235E-05,4.7175E-5,100.216000,5.0527E-3,77400
1.3547987382871E-05,4.7222E-5,100.186100,5.0573E-3,77390
1.35614378770077E-05,4.7269E-5,100.156200,5.0619E-3,77380
1.35749028039582E-05,4.7316E-5,100.126300,5.0665E-3,77370
1.35883821803673E-05,4.7363E-5,100.096400,5.0711E-3,77360
1.36018760229007E-05,4.7410E-5,100.066500,5.0758E-3,77350
1.36153843482444E-05,4.7457E-5,100.036600,5.0804E-3,77340
1.36289071731051E-05,4.7504E-5,100.006700,5.0850E-3,77330
1.364244451421E-05,4.7551E-5,99.976800,5.0897E-3,77320
1.36559963883069E-05,4.7598E-5,99.946900,5.0943E-3,77310
1.36695628121647E-05,4.7646E-5,99.917000,5.0990E-3,77300
1.36831438025724E-05,4.7693E-5,99.887100,5.1036E-3,77290
1.36967393763401E-05,4.7740E-5,99.857200,5.1083E-3,77280
1.37103495502985E-05,4.7788E-5,99.827300,5.1130E-3,77270
1.37239743412992E-05,4.7835E-5,99.797400,5.1176E-3,77260
1.37376137662144E-05,4.7883E-5,99.767500,5.1223E-3,77250
1.37512678419374E-05,4.7931E-5,99.737600,5.1270E-3,77240
1.37649365853821E-05,4.7978E-5,99.707700,5.1317E-3,77230
1.37786200134835E-05,4.8026E-5,99.677800,5.1364E-3,77220
1.37923181431972E-05,4.8074E-5,99.647900,5.1411E-3,77210
1.38060309915002E-05,4.8121E-5,99.618000,5.1458E-3,77200
1.38197585753901E-05,4.8169E-5,99.588100,5.1505E-3,77190
1.38335009118857E-05,4.8217E-5,99.558200,5.1552E-3,77180
1.38472580180265E-05,4.8265E-5,99.528300,5.1599E-3,77170
1.38610299108736E-05,4.8313E-5,99.498400,5.1646E-3,77160
1.38748166075087E-05,4.8361E-5,99.468500,5.1693E-3,77150
1.38886181250348E-05,4.8409E-5,99.438600,5.1740E-3,77140
1.39024344805761E-05,4.8457E-5,99.408700,5.1788E-3,77130
1.39162656912777E-05,4.8506E-5,99.378800,5.1835E-3,77120
1.39301117743062E-05,4.8554E-5,99.348900,5.1883E-3,77110
1.39439727468492E-05,4.8602E-5,99.319000,5.1930E-3,77100
1.39578486261157E-05,4.8651E-5,99.289100,5.1978E-3,77090
1.39717394293358E-05,4.8699E-5,99.259200,5.2025E-3,77080
1.39856451737611E-05,4.8747E-5,99.229300,5.2073E-3,77070
1.39995658766643E-05,4.8796E-5,99.199400,5.2120E-3,77060
1.40135015553398E-05,4.8845E-5,99.169500,5.2168E-3,77050
1.4027452227103E-05,4.8893E-5,99.139600,5.2216E-3,77040
1.40414179092909E-05,4.8942E-5,99.109700,5.2264E-3,77030
1.4055398619262E-05,4.8991E-5,99.079800,5.2311E-3,77020
1.40693943743961E-05,4.9039E-5,99.049900,5.2359E-3,77010
1.40834051920948E-05,4.9088E-5,99.020000,5.2407E-3,77000
1.40974310897808E-05,4.9137E-5,98.990100,5.2455E-3,76990
1.41114720848988E-05,4.9186E-5,98.960200,5.2503E-3,76980
1.41255281949147E-05,4.9235E-5,98.930300,5.2551E-3,76970
1.41395994373162E-05,4.9284E-5,98.900400,5.2599E-3,76960
1.41536858296126E-05,4.9333E-5,98.870500,5.2648E-3,76950
1.4167787389335E-05,4.9382E-5,98.840600,5.2696E-3,76940
1.41819041340361E-05,4.9432E-5,98.810700,5.2744E-3,76930
1.41960360812902E-05,4.9481E-5,98.780800,5.2792E-3,76920
1.42101832486935E-05,4.9530E-5,98.750900,5.2841E-3,76910
1.42243456538639E-05,4.9579E-5,98.721000,5.2889E-3,76900
1.42385233144413E-05,4.9629E-5,98.691100,5.2938E-3,76890
1.42527162480873E-05,4.9678E-5,98.661200,5.2986E-3,76880
1.42669244724853E-05,4.9728E-5,98.631300,5.3035E-3,76870
1.42811480053407E-05,4.9777E-5,98.601400,5.3083E-3,76860
1.42953868643807E-05,4.9827E-5,98.571500,5.3132E-3,76850
1.43096410673548E-05,4.9877E-5,98.541600,5.3181E-3,76840
1.43239106320341E-05,4.9926E-5,98.511700,5.3229E-3,76830
1.43381955762118E-05,4.9976E-5,98.481800,5.3278E-3,76820
1.43524959177034E-05,5.0026E-5,98.451900,5.3327E-3,76810
1.43668116743461E-05,5.0076E-5,98.422000,5.3376E-3,76800
1.43811428639994E-05,5.0126E-5,98.392100,5.3425E-3,76790
1.4395489504545E-05,5.0176E-5,98.362200,5.3474E-3,76780
1.44098516138867E-05,5.0226E-5,98.332300,5.3523E-3,76770
1.44242292099503E-05,5.0276E-5,98.302400,5.3572E-3,76760
1.44386223106841E-05,5.0326E-5,98.272500,5.3621E-3,76750
1.44530309340586E-05,5.0377E-5,98.242600,5.3670E-3,76740
1.44674550980664E-05,5.0427E-5,98.212700,5.3719E-3,76730
1.44818948207225E-05,5.0477E-5,98.182800,5.3769E-3,76720
1.44963501200643E-05,5.0528E-5,98.152900,5.3818E-3,76710
1.45108210141515E-05,5.0578E-5,98.123000,5.3868E-3,76700
1.45253075210662E-05,5.0628E-5,98.093100,5.3917E-3,76690
1.4539809658913E-05,5.0679E-5,98.063200,5.3966E-3,76680
1.45543274458188E-05,5.0730E-5,98.033300,5.4016E-3,76670
1.45688608999332E-05,5.0780E-5,98.003400,5.4066E-3,76660
1.45834100394281E-05,5.0831E-5,97.973500,5.4115E-3,76650
1.45979748824981E-05,5.0882E-5,97.943600,5.4165E-3,76640
1.46125554473603E-05,5.0933E-5,97.913700,5.4215E-3,76630
1.46271517522543E-05,5.0983E-5,97.883800,5.4264E-3,76620
1.46417638154426E-05,5.1034E-5,97.853900,5.4314E-3,76610
1.46563916552101E-05,5.1085E-5,97.824000,5.4364E-3,76600
1.46710352898646E-05,5.1136E-5,97.794100,5.4414E-3,76590
1.46856947377365E-05,5.1188E-5,97.764200,5.4464E-3,76580
1.47003700171789E-05,5.1239E-5,97.734300,5.4514E-3,76570
1.47150611465679E-05,5.1290E-5,97.704400,5.4564E-3,76560
1.47297681443022E-05,5.1341E-5,97.674500,5.4614E-3,76550
1.47444910288033E-05,5.1392E-5,97.644600,5.4664E-3,76540
1.4759229818516E-05,5.1444E-5,97.614700,5.4715E-3,76530
1.47739845319074E-05,5.1495E-5,97.584800,5.4765E-3,76520
1.4788755187468E-05,5.1547E-5,97.554900,5.4815E-3,76510
1.4803541803711E-05,5.1598E-5,97.525000,5.4866E-3,76500
1.48183443991728E-05,5.1650E-5,97.495100,5.4916E-3,76490
1.48331629924127E-05,5.1702E-5,97.465200,5.4967E-3,76480
1.48479976020131E-05,5.1753E-5,97.435300,5.5017E-3,76470
1.48628482465793E-05,5.1805E-5,97.405400,5.5068E-3,76460
1.487771494474E-05,5.1857E-5,97.375500,5.5118E-3,76450
1.4892597715147E-05,5.1909E-5,97.345600,5.5169E-3,76440
1.49074965764751E-05,5.1961E-5,97.315700,5.5220E-3,76430
1.49224115474224E-05,5.2013E-5,97.285800,5.5270E-3,76420
1.49373426467103E-05,5.2065E-5,97.255900,5.5321E-3,76410
1.49522898930834E-05,5.2117E-5,97.226000,5.5372E-3,76400
1.49672533053097E-05,5.2169E-5,97.196100,5.5423E-3,76390
1.49822329021803E-05,5.2221E-5,97.166200,5.5474E-3,76380
1.499722870251E-05,5.2273E-5,97.136300,5.5525E-3,76370
1.50122407251368E-05,5.2326E-5,97.106400,5.5576E-3,76360
1.5027268988922E-05,5.2378E-5,97.076500,5.5627E-3,76350
1.50423135127506E-05,5.2431E-5,97.046600,5.5679E-3,76340
1.5057374315531E-05,5.2483E-5,97.016700,5.5730E-3,76330
1.50724514161951E-05,5.2536E-5,96.986800,5.5781E-3,76320
1.50875448336982E-05,5.2588E-5,96.956900,5.5833E-3,76310
1.51026545870195E-05,5.2641E-5,96.927000,5.5884E-3,76300
1.51177806951616E-05,5.2694E-5,96.897100,5.5935E-3,76290
1.51329231771508E-05,5.2746E-5,96.867200,5.5987E-3,76280
1.5148082052037E-05,5.2799E-5,96.837300,5.6038E-3,76270
1.5163257338894E-05,5.2852E-5,96.807400,5.6090E-3,76260
1.5178449056819E-05,5.2905E-5,96.777500,5.6142E-3,76250
1.51936572249334E-05,5.2958E-5,96.747600,5.6193E-3,76240
1.52088818623819E-05,5.3011E-5,96.717700,5.6245E-3,76230
1.52241229883336E-05,5.3064E-5,96.687800,5.6297E-3,76220
1.5239380621981E-05,5.3117E-5,96.657900,5.6349E-3,76210
1.52546547825407E-05,5.3171E-5,96.628000,5.6401E-3,76200
1.52699454892532E-05,5.3224E-5,96.598100,5.6453E-3,76190
1.52852527613829E-05,5.3277E-5,96.568200,5.6505E-3,76180
1.53005766182183E-05,5.3331E-5,96.538300,5.6557E-3,76170
1.53159170790718E-05,5.3384E-5,96.508400,5.6609E-3,76160
1.533127416328E-05,5.3438E-5,96.478500,5.6661E-3,76150
1.53466478902033E-05,5.3491E-5,96.448600,5.6713E-3,76140
1.53620382792267E-05,5.3545E-5,96.418700,5.6766E-3,76130
1.53774453497589E-05,5.3599E-5,96.388800,5.6818E-3,76120
1.5392869121233E-05,5.3652E-5,96.358900,5.6870E-3,76110
1.54083096131062E-05,5.3706E-5,96.329000,5.6923E-3,76100
1.54237668448601E-05,5.3760E-5,96.299100,5.6975E-3,76090
1.54392408360005E-05,5.3814E-5,96.269200,5.7028E-3,76080
1.54547316060573E-05,5.3868E-5,96.239300,5.7080E-3,76070
1.54702391745851E-05,5.3922E-5,96.209400,5.7133E-3,76060
1.54857635611628E-05,5.3976E-5,96.179500,5.7186E-3,76050
1.55013047853934E-05,5.4030E-5,96.149600,5.7239E-3,76040
1.55168628669047E-05,5.4085E-5,96.119700,5.7291E-3,76030
1.55324378253488E-05,5.4139E-5,96.089800,5.7344E-3,76020
1.55480296804024E-05,5.4193E-5,96.059900,5.7397E-3,76010
1.55636384517666E-05,5.4248E-5,96.030000,5.7450E-3,76000
1.55792641591671E-05,5.4302E-5,96.000100,5.7503E-3,75990
1.55949068223544E-05,5.4357E-5,95.970200,5.7556E-3,75980
1.56105664611034E-05,5.4411E-5,95.940300,5.7609E-3,75970
1.56262430952137E-05,5.4466E-5,95.910400,5.7662E-3,75960
1.56419367445098E-05,5.4521E-5,95.880500,5.7716E-3,75950
1.56576474288406E-05,5.4575E-5,95.850600,5.7769E-3,75940
1.56733751680801E-05,5.4630E-5,95.820700,5.7822E-3,75930
1.56891199821269E-05,5.4685E-5,95.790800,5.7876E-3,75920
1.57048818909044E-05,5.4740E-5,95.760900,5.7929E-3,75910
1.57206609143611E-05,5.4795E-5,95.731000,5.7983E-3,75900
1.57364570724701E-05,5.4850E-5,95.701100,5.8036E-3,75890
1.57522703852297E-05,5.4905E-5,95.671200,5.8090E-3,75880
1.5768100872663E-05,5.4960E-5,95.641300,5.8144E-3,75870
1.57839485548181E-05,5.5016E-5,95.611400,5.8197E-3,75860
1.57998134517682E-05,5.5071E-5,95.581500,5.8251E-3,75850
1.58156955836115E-05,5.5126E-5,95.551600,5.8305E-3,75840
1.58315949704714E-05,5.5182E-5,95.521700,5.8359E-3,75830
1.58475116324964E-05,5.5237E-5,95.491800,5.8413E-3,75820
1.586344558986E-05,5.5293E-5,95.461900,5.8467E-3,75810
1.58793968627611E-05,5.5348E-5,95.432000,5.8521E-3,75800
1.58953654714237E-05,5.5404E-5,95.402100,5.8575E-3,75790
1.59113514360972E-05,5.5460E-5,95.372200,5.8629E-3,75780
1.59273547770562E-05,5.5515E-5,95.342300,5.8683E-3,75770
1.59433755146006E-05,5.5571E-5,95.312400,5.8737E-3,75760
1.59594136690557E-05,5.5627E-5,95.282500,5.8792E-3,75750
1.59754692607724E-05,5.5683E-5,95.252600,5.8846E-3,75740
1.59915423101267E-05,5.5739E-5,95.222700,5.8900E-3,75730
1.60076328375202E-05,5.5795E-5,95.192800,5.8955E-3,75720
1.60237408633801E-05,5.5851E-5,95.162900,5.9009E-3,75710
1.6039866408159E-05,5.5908E-5,95.133000,5.9064E-3,75700
1.60560094923351E-05,5.5964E-5,95.103100,5.9119E-3,75690
1.60721701364123E-05,5.6020E-5,95.073200,5.9173E-3,75680
1.60883483609201E-05,5.6077E-5,95.043300,5.9228E-3,75670
1.61045441864135E-05,5.6133E-5,95.013400,5.9283E-3,75660
1.61207576334734E-05,5.6189E-5,94.983500,5.9338E-3,75650
1.61369887227065E-05,5.6246E-5,94.953600,5.9393E-3,75640
1.61532374747449E-05,5.6303E-5,94.923700,5.9448E-3,75630
1.6169503910247E-05,5.6359E-5,94.893800,5.9503E-3,75620
1.61857880498967E-05,5.6416E-5,94.863900,5.9558E-3,75610
1.6202089914404E-05,5.6473E-5,94.834000,5.9613E-3,75600
1.62184095245045E-05,5.6530E-5,94.804100,5.9668E-3,75590
1.62347469009601E-05,5.6587E-5,94.774200,5.9723E-3,75580
1.62511020645585E-05,5.6644E-5,94.744300,5.9779E-3,75570
1.62674750361133E-05,5.6701E-5,94.714400,5.9834E-3,75560
1.62838658364645E-05,5.6758E-5,94.684500,5.9890E-3,75550
1.63002744864778E-05,5.6815E-5,94.654600,5.9945E-3,75540
1.63167010070453E-05,5.6872E-5,94.624700,6.0001E-3,75530
1.63331454190851E-05,5.6930E-5,94.594800,6.0056E-3,75520
1.63496077435416E-05,5.6987E-5,94.564900,6.0112E-3,75510
1.63660880013853E-05,5.7045E-5,94.535000,6.0167E-3,75500
1.6382586213613E-05,5.7102E-5,94.505100,6.0223E-3,75490
1.63991024012479E-05,5.7160E-5,94.475200,6.0279E-3,75480
1.64156365853393E-05,5.7217E-5,94.445300,6.0335E-3,75470
1.64321887869632E-05,5.7275E-5,94.415400,6.0391E-3,75460
1.64487590272217E-05,5.7333E-5,94.385500,6.0447E-3,75450
1.64653473272435E-05,5.7391E-5,94.355600,6.0503E-3,75440
1.64819537081836E-05,5.7448E-5,94.325700,6.0559E-3,75430
1.64985781912238E-05,5.7506E-5,94.295800,6.0615E-3,75420
1.65152207975721E-05,5.7564E-5,94.265900,6.0671E-3,75410
1.65318815484633E-05,5.7622E-5,94.236000,6.0728E-3,75400
1.65485604651587E-05,5.7681E-5,94.206100,6.0784E-3,75390
1.65652575689464E-05,5.7739E-5,94.176200,6.0840E-3,75380
1.6581972881141E-05,5.7797E-5,94.146300,6.0897E-3,75370
1.65987064230839E-05,5.7855E-5,94.116400,6.0953E-3,75360
1.66154582161432E-05,5.7914E-5,94.086500,6.1010E-3,75350
1.6632228281714E-05,5.7972E-5,94.056600,6.1066E-3,75340
1.6649016641218E-05,5.8031E-5,94.026700,6.1123E-3,75330
1.66658233161038E-05,5.8089E-5,93.996800,6.1180E-3,75320
1.66826483278469E-05,5.8148E-5,93.966900,6.1236E-3,75310
1.66994916979497E-05,5.8207E-5,93.937000,6.1293E-3,75300
1.67163534479418E-05,5.8265E-5,93.907100,6.1350E-3,75290
1.67332335993796E-05,5.8324E-5,93.877200,6.1407E-3,75280
1.67501321738465E-05,5.8383E-5,93.847300,6.1464E-3,75270
1.6767049192953E-05,5.8442E-5,93.817400,6.1521E-3,75260
1.67839846783369E-05,5.8501E-5,93.787500,6.1578E-3,75250
1.6800938651663E-05,5.8560E-5,93.757600,6.1636E-3,75240
1.68179111346232E-05,5.8619E-5,93.727700,6.1693E-3,75230
1.68349021489368E-05,5.8679E-5,93.697800,6.1750E-3,75220
1.68519117163503E-05,5.8738E-5,93.667900,6.1807E-3,75210
1.68689398586374E-05,5.8797E-5,93.638000,6.1865E-3,75200
1.68859865975993E-05,5.8857E-5,93.608100,6.1922E-3,75190
1.69030519550645E-05,5.8916E-5,93.578200,6.1980E-3,75180
1.69201359528888E-05,5.8976E-5,93.548300,6.2037E-3,75170
1.69372386129555E-05,5.9035E-5,93.518400,6.2095E-3,75160
1.69543599571754E-05,5.9095E-5,93.488500,6.2153E-3,75150
1.69715000074869E-05,5.9155E-5,93.458600,6.2210E-3,75140
1.69886587858559E-05,5.9215E-5,93.428700,6.2268E-3,75130
1.70058363142758E-05,5.9274E-5,93.398800,6.2326E-3,75120
1.70230326147676E-05,5.9334E-5,93.368900,6.2384E-3,75110
1.70402477093801E-05,5.9394E-5,93.339000,6.2442E-3,75100
1.70574816201899E-05,5.9454E-5,93.309100,6.2500E-3,75090
1.7074734369301E-05,5.9515E-5,93.279200,6.2558E-3,75080
1.70920059788455E-05,5.9575E-5,93.249300,6.2616E-3,75070
1.7109296470983E-05,5.9635E-5,93.219400,6.2675E-3,75060
1.71266058679012E-05,5.9695E-5,93.189500,6.2733E-3,75050
1.71439341918157E-05,5.9756E-5,93.159600,6.2791E-3,75040
1.71612814649697E-05,5.9816E-5,93.129700,6.2850E-3,75030
1.71786477096348E-05,5.9877E-5,93.099800,6.2908E-3,75020
1.71960329481103E-05,5.9937E-5,93.069900,6.2967E-3,75010
1.72134372027236E-05,5.9998E-5,93.040000,6.3025E-3,75000
1.72308604958302E-05,6.0059E-5,93.010100,6.3084E-3,74990
1.72483028498136E-05,6.0120E-5,92.980200,6.3143E-3,74980
1.72657642870858E-05,6.0180E-5,92.950300,6.3201E-3,74970
1.72832448300865E-05,6.0241E-5,92.920400,6.3260E-3,74960
1.7300744501284E-05,6.0302E-5,92.890500,6.3319E-3,74950
1.73182633231746E-05,6.0363E-5,92.860600,6.3378E-3,74940
1.73358013182831E-05,6.0425E-5,92.830700,6.3437E-3,74930
1.73533585091625E-05,6.0486E-5,92.800800,6.3496E-3,74920
1.73709349183943E-05,6.0547E-5,92.770900,6.3555E-3,74910
1.73885305685882E-05,6.0608E-5,92.741000,6.3614E-3,74900
1.74061454823827E-05,6.0670E-5,92.711100,6.3674E-3,74890
1.74237796824444E-05,6.0731E-5,92.681200,6.3733E-3,74880
1.74414331914687E-05,6.0793E-5,92.651300,6.3792E-3,74870
1.74591060321795E-05,6.0854E-5,92.621400,6.3852E-3,74860
1.74767982273291E-05,6.0916E-5,92.591500,6.3911E-3,74850
1.74945097996989E-05,6.0978E-5,92.561600,6.3971E-3,74840
1.75122407720984E-05,6.1040E-5,92.531700,6.4030E-3,74830
1.75299911673664E-05,6.1101E-5,92.501800,6.4090E-3,74820
1.754776100837E-05,6.1163E-5,92.471900,6.4150E-3,74810
1.75655503180052E-05,6.1225E-5,92.442000,6.4209E-3,74800
1.75833591191972E-05,6.1287E-5,92.412100,6.4269E-3,74790
1.76011874348995E-05,6.1350E-5,92.382200,6.4329E-3,74780
1.76190352880949E-05,6.1412E-5,92.352300,6.4389E-3,74770
1.7636902701795E-05,6.1474E-5,92.322400,6.4449E-3,74760
1.76547896990405E-05,6.1536E-5,92.292500,6.4509E-3,74750
1.7672696302901E-05,6.1599E-5,92.262600,6.4569E-3,74740
1.76906225364753E-05,6.1661E-5,92.232700,6.4630E-3,74730
1.77085684228912E-05,6.1724E-5,92.202800,6.4690E-3,74720
1.77265339853057E-05,6.1786E-5,92.172900,6.4750E-3,74710
1.77445192469049E-05,6.1849E-5,92.143000,6.4811E-3,74700
1.77625242309042E-05,6.1912E-5,92.113100,6.4871E-3,74690
1.77805489605484E-05,6.1975E-5,92.083200,6.4932E-3,74680
1.77985934591113E-05,6.2038E-5,92.053300,6.4992E-3,74670
1.78166577498962E-05,6.2101E-5,92.023400,6.5053E-3,74660
1.78347418562358E-05,6.2164E-5,91.993500,6.5113E-3,74650
1.78528458014923E-05,6.2227E-5,91.963600,6.5174E-3,74640
1.78709696090571E-05,6.2290E-5,91.933700,6.5235E-3,74630
1.78891133023513E-05,6.2353E-5,91.903800,6.5296E-3,74620
1.79072769048256E-05,6.2416E-5,91.873900,6.5357E-3,74610
1.79254604399601E-05,6.2480E-5,91.844000,6.5418E-3,74600
1.79436639312646E-05,6.2543E-5,91.814100,6.5479E-3,74590
1.79618874022785E-05,6.2607E-5,91.784200,6.5540E-3,74580
1.79801308765711E-05,6.2670E-5,91.754300,6.5601E-3,74570
1.79983943777412E-05,6.2734E-5,91.724400,6.5663E-3,74560
1.80166779294174E-05,6.2798E-5,91.694500,6.5724E-3,74550
1.80349815552583E-05,6.2862E-5,91.664600,6.5785E-3,74540
1.80533052789523E-05,6.2925E-5,91.634700,6.5847E-3,74530
1.80716491242175E-05,6.2989E-5,91.604800,6.5908E-3,74520
1.80900131148021E-05,6.3053E-5,91.574900,6.5970E-3,74510
1.81083972744843E-05,6.3117E-5,91.545000,6.6031E-3,74500
1.81268016270723E-05,6.3182E-5,91.515100,6.6093E-3,74490
1.81452261964043E-05,6.3246E-5,91.485200,6.6155E-3,74480
1.81636710063486E-05,6.3310E-5,91.455300,6.6217E-3,74470
1.81821360808038E-05,6.3374E-5,91.425400,6.6279E-3,74460
1.82006214436985E-05,6.3439E-5,91.395500,6.6340E-3,74450
1.82191271189916E-05,6.3503E-5,91.365600,6.6402E-3,74440
1.82376531306723E-05,6.3568E-5,91.335700,6.6465E-3,74430
1.82561995027599E-05,6.3633E-5,91.305800,6.6527E-3,74420
1.82747662593043E-05,6.3697E-5,91.275900,6.6589E-3,74410
1.82933534243857E-05,6.3762E-5,91.246000,6.6651E-3,74400
1.83119610221146E-05,6.3827E-5,91.216100,6.6713E-3,74390
1.83305890766322E-05,6.3892E-5,91.186200,6.6776E-3,74380
1.834923761211E-05,6.3957E-5,91.156300,6.6838E-3,74370
1.83679066527501E-05,6.4022E-5,91.126400,6.6901E-3,74360
1.83865962227852E-05,6.4087E-5,91.096500,6.6963E-3,74350
1.84053063464788E-05,6.4152E-5,91.066600,6.7026E-3,74340
1.84240370481248E-05,6.4218E-5,91.036700,6.7089E-3,74330
1.84427883520479E-05,6.4283E-5,91.006800,6.7151E-3,74320
1.84615602826036E-05,6.4348E-5,90.976900,6.7214E-3,74310
1.84803528641783E-05,6.4414E-5,90.947000,6.7277E-3,74300
1.8499166121189E-05,6.4479E-5,90.917100,6.7340E-3,74290
1.85180000780838E-05,6.4545E-5,90.887200,6.7403E-3,74280
1.85368547593415E-05,6.4611E-5,90.857300,6.7466E-3,74270
1.8555730189472E-05,6.4677E-5,90.827400,6.7529E-3,74260
1.85746263930163E-05,6.4743E-5,90.797500,6.7593E-3,74250
1.85935433945462E-05,6.4808E-5,90.767600,6.7656E-3,74240
1.86124812186649E-05,6.4874E-5,90.737700,6.7719E-3,74230
1.86314398900063E-05,6.4941E-5,90.707800,6.7783E-3,74220
1.86504194332358E-05,6.5007E-5,90.677900,6.7846E-3,74210
1.86694198730501E-05,6.5073E-5,90.648000,6.7910E-3,74200
1.86884412341768E-05,6.5139E-5,90.618100,6.7973E-3,74190
1.87074835413751E-05,6.5206E-5,90.588200,6.8037E-3,74180
1.87265468194354E-05,6.5272E-5,90.558300,6.8101E-3,74170
1.87456310931795E-05,6.5339E-5,90.528400,6.8164E-3,74160
1.87647363874606E-05,6.5405E-5,90.498500,6.8228E-3,74150
1.87838627271635E-05,6.5472E-5,90.468600,6.8292E-3,74140
1.88030101372043E-05,6.5539E-5,90.438700,6.8356E-3,74130
1.88221786425308E-05,6.5605E-5,90.408800,6.8420E-3,74120
1.88413682681224E-05,6.5672E-5,90.378900,6.8484E-3,74110
1.886057903899E-05,6.5739E-5,90.349000,6.8549E-3,74100
1.88798109801764E-05,6.5806E-5,90.319100,6.8613E-3,74090
1.88990641167558E-05,6.5873E-5,90.289200,6.8677E-3,74080
1.89183384738346E-05,6.5941E-5,90.259300,6.8742E-3,74070
1.89376340765506E-05,6.6008E-5,90.229400,6.8806E-3,74060
1.89569509500737E-05,6.6075E-5,90.199500,6.8871E-3,74050
1.89762891196056E-05,6.6143E-5,90.169600,6.8935E-3,74040
1.89956486103799E-05,6.6210E-5,90.139700,6.9000E-3,74030
1.90150294476623E-05,6.6278E-5,90.109800,6.9064E-3,74020
1.90344316567505E-05,6.6345E-5,90.079900,6.9129E-3,74010
1.9053855262974E-05,6.6413E-5,90.050000,6.9194E-3,74000
1.90733002916949E-05,6.6481E-5,90.020100,6.9259E-3,73990
1.9092766768307E-05,6.6549E-5,89.990200,6.9324E-3,73980
1.91122547182365E-05,6.6616E-5,89.960300,6.9389E-3,73970
1.91317641669419E-05,6.6684E-5,89.930400,6.9454E-3,73960
1.91512951399138E-05,6.6753E-5,89.900500,6.9519E-3,73950
1.91708476626753E-05,6.6821E-5,89.870600,6.9585E-3,73940
1.91904217607819E-05,6.6889E-5,89.840700,6.9650E-3,73930
1.92100174598212E-05,6.6957E-5,89.810800,6.9715E-3,73920
1.92296347854136E-05,6.7026E-5,89.780900,6.9781E-3,73910
1.92492737632119E-05,6.7094E-5,89.751000,6.9846E-3,73900
1.92689344189014E-05,6.7163E-5,89.721100,6.9912E-3,73890
1.92886167781999E-05,6.7231E-5,89.691200,6.9977E-3,73880
1.93083208668581E-05,6.7300E-5,89.661300,7.0043E-3,73870
1.93280467106592E-05,6.7369E-5,89.631400,7.0109E-3,73860
1.93477943354191E-05,6.7437E-5,89.601500,7.0175E-3,73850
1.93675637669865E-05,6.7506E-5,89.571600,7.0241E-3,73840
1.93873550312429E-05,6.7575E-5,89.541700,7.0307E-3,73830
1.94071681541028E-05,6.7644E-5,89.511800,7.0373E-3,73820
1.94270031615134E-05,6.7714E-5,89.481900,7.0439E-3,73810
1.9446860079455E-05,6.7783E-5,89.452000,7.0505E-3,73800
1.94667389339406E-05,6.7852E-5,89.422100,7.0571E-3,73790
1.94866397510167E-05,6.7921E-5,89.392200,7.0638E-3,73780
1.95065625567625E-05,6.7991E-5,89.362300,7.0704E-3,73770
1.95265073772905E-05,6.8060E-5,89.332400,7.0770E-3,73760
1.95464742387462E-05,6.8130E-5,89.302500,7.0837E-3,73750
1.95664631673086E-05,6.8200E-5,89.272600,7.0904E-3,73740
1.95864741891896E-05,6.8269E-5,89.242700,7.0970E-3,73730
1.96065073306347E-05,6.8339E-5,89.212800,7.1037E-3,73720
1.96265626179227E-05,6.8409E-5,89.182900,7.1104E-3,73710
1.96466400773655E-05,6.8479E-5,89.153000,7.1171E-3,73700
1.96667397353089E-05,6.8549E-5,89.123100,7.1237E-3,73690
1.96868616181318E-05,6.8619E-5,89.093200,7.1304E-3,73680
1.97070057522469E-05,6.8689E-5,89.063300,7.1372E-3,73670
1.97271721641002E-05,6.8760E-5,89.033400,7.1439E-3,73660
1.97473608801716E-05,6.8830E-5,89.003500,7.1506E-3,73650
1.97675719269745E-05,6.8901E-5,88.973600,7.1573E-3,73640
1.9787805331056E-05,6.8971E-5,88.943700,7.1641E-3,73630
1.9808061118997E-05,6.9042E-5,88.913800,7.1708E-3,73620
1.98283393174122E-05,6.9112E-5,88.883900,7.1775E-3,73610
1.98486399529502E-05,6.9183E-5,88.854000,7.1843E-3,73600
1.98689630522935E-05,6.9254E-5,88.824100,7.1911E-3,73590
1.98893086421583E-05,6.9325E-5,88.794200,7.1978E-3,73580
1.9909676749295E-05,6.9396E-5,88.764300,7.2046E-3,73570
1.99300674004882E-05,6.9467E-5,88.734400,7.2114E-3,73560
1.99504806225562E-05,6.9538E-5,88.704500,7.2182E-3,73550
1.99709164423516E-05,6.9609E-5,88.674600,7.2250E-3,73540
1.99913748867612E-05,6.9681E-5,88.644700,7.2318E-3,73530
2.0011855982706E-05,6.9752E-5,88.614800,7.2386E-3,73520
2.00323597571413E-05,6.9823E-5,88.584900,7.2454E-3,73510
2.00528862370565E-05,6.9895E-5,88.555000,7.2522E-3,73500
2.00734354494757E-05,6.9967E-5,88.525100,7.2591E-3,73490
2.0094007421457E-05,7.0038E-5,88.495200,7.2659E-3,73480
2.01146021800934E-05,7.0110E-5,88.465300,7.2727E-3,73470
2.01352197525119E-05,7.0182E-5,88.435400,7.2796E-3,73460
2.01558601658745E-05,7.0254E-5,88.405500,7.2865E-3,73450
2.01765234473776E-05,7.0326E-5,88.375600,7.2933E-3,73440
2.0197209624252E-05,7.0398E-5,88.345700,7.3002E-3,73430
2.02179187237636E-05,7.0470E-5,88.315800,7.3071E-3,73420
2.02386507732128E-05,7.0543E-5,88.285900,7.3140E-3,73410
2.02594057999349E-05,7.0615E-5,88.256000,7.3209E-3,73400
2.02801838312997E-05,7.0687E-5,88.226100,7.3278E-3,73390
2.03009848947123E-05,7.0760E-5,88.196200,7.3347E-3,73380
2.03218090176125E-05,7.0832E-5,88.166300,7.3416E-3,73370
2.03426562274751E-05,7.0905E-5,88.136400,7.3485E-3,73360
2.03635265518098E-05,7.0978E-5,88.106500,7.3554E-3,73350
2.03844200181616E-05,7.1051E-5,88.076600,7.3624E-3,73340
2.04053366541105E-05,7.1124E-5,88.046700,7.3693E-3,73330
2.04262764872714E-05,7.1197E-5,88.016800,7.3763E-3,73320
2.04472395452949E-05,7.1270E-5,87.986900,7.3832E-3,73310
2.04682258558665E-05,7.1343E-5,87.957000,7.3902E-3,73300
2.04892354467071E-05,7.1416E-5,87.927100,7.3972E-3,73290
2.05102683455729E-05,7.1489E-5,87.897200,7.4041E-3,73280
2.05313245802555E-05,7.1563E-5,87.867300,7.4111E-3,73270
2.05524041785821E-05,7.1636E-5,87.837400,7.4181E-3,73260
2.05735071684151E-05,7.1710E-5,87.807500,7.4251E-3,73250
2.05946335776528E-05,7.1783E-5,87.777600,7.4321E-3,73240
2.06157834342288E-05,7.1857E-5,87.747700,7.4392E-3,73230
2.06369567661125E-05,7.1931E-5,87.717800,7.4462E-3,73220
2.06581536013088E-05,7.2005E-5,87.687900,7.4532E-3,73210
2.06793739678585E-05,7.2079E-5,87.658000,7.4602E-3,73200
2.07006178938381E-05,7.2153E-5,87.628100,7.4673E-3,73190
2.07218854073601E-05,7.2227E-5,87.598200,7.4743E-3,73180
2.07431765365727E-05,7.2301E-5,87.568300,7.4814E-3,73170
2.076449130966E-05,7.2375E-5,87.538400,7.4885E-3,73160
2.07858297548422E-05,7.2450E-5,87.508500,7.4955E-3,73150
2.08071919003755E-05,7.2524E-5,87.478600,7.5026E-3,73140
2.08285777745521E-05,7.2599E-5,87.448700,7.5097E-3,73130
2.08499874057004E-05,7.2673E-5,87.418800,7.5168E-3,73120
2.08714208221849E-05,7.2748E-5,87.388900,7.5239E-3,73110
2.08928780524065E-05,7.2823E-5,87.359000,7.5310E-3,73100
2.09143591248022E-05,7.2898E-5,87.329100,7.5381E-3,73090
2.09358640678453E-05,7.2973E-5,87.299200,7.5453E-3,73080
2.09573929100456E-05,7.3048E-5,87.269300,7.5524E-3,73070
2.09789456799491E-05,7.3123E-5,87.239400,7.5595E-3,73060
2.10005224061387E-05,7.3198E-5,87.209500,7.5667E-3,73050
2.10221231172334E-05,7.3273E-5,87.179600,7.5738E-3,73040
2.10437478418889E-05,7.3349E-5,87.149700,7.5810E-3,73030
2.10653966087975E-05,7.3424E-5,87.119800,7.5882E-3,73020
2.10870694466883E-05,7.3500E-5,87.089900,7.5953E-3,73010
2.1108766384327E-05,7.3575E-5,87.060000,7.6025E-3,73000
2.11304874505161E-05,7.3651E-5,87.030100,7.6097E-3,72990
2.11522326740948E-05,7.3727E-5,87.000200,7.6169E-3,72980
2.11740020839393E-05,7.3803E-5,86.970300,7.6241E-3,72970
2.11957957089629E-05,7.3879E-5,86.940400,7.6313E-3,72960
2.12176135781154E-05,7.3955E-5,86.910500,7.6386E-3,72950
2.1239455720384E-05,7.4031E-5,86.880600,7.6458E-3,72940
2.12613221647928E-05,7.4107E-5,86.850700,7.6530E-3,72930
2.12832129404031E-05,7.4183E-5,86.820800,7.6603E-3,72920
2.13051280763134E-05,7.4260E-5,86.790900,7.6675E-3,72910
2.13270676016593E-05,7.4336E-5,86.761000,7.6748E-3,72900
2.13490315456138E-05,7.4413E-5,86.731100,7.6820E-3,72890
2.13710199373871E-05,7.4489E-5,86.701200,7.6893E-3,72880
2.13930328062269E-05,7.4566E-5,86.671300,7.6966E-3,72870
2.14150701814181E-05,7.4643E-5,86.641400,7.7039E-3,72860
2.14371320922834E-05,7.4720E-5,86.611500,7.7112E-3,72850
2.14592185681828E-05,7.4797E-5,86.581600,7.7185E-3,72840
2.1481329638514E-05,7.4874E-5,86.551700,7.7258E-3,72830
2.15034653327122E-05,7.4951E-5,86.521800,7.7331E-3,72820
2.15256256802503E-05,7.5028E-5,86.491900,7.7404E-3,72810
2.15478107106391E-05,7.5106E-5,86.462000,7.7478E-3,72800
2.1570020453427E-05,7.5183E-5,86.432100,7.7551E-3,72790
2.15922549382003E-05,7.5261E-5,86.402200,7.7625E-3,72780
2.16145141945832E-05,7.5338E-5,86.372300,7.7698E-3,72770
2.16367982522378E-05,7.5416E-5,86.342400,7.7772E-3,72760
2.16591071408643E-05,7.5494E-5,86.312500,7.7846E-3,72750
2.16814408902007E-05,7.5571E-5,86.282600,7.7919E-3,72740
2.17037995300234E-05,7.5649E-5,86.252700,7.7993E-3,72730
2.17261830901467E-05,7.5727E-5,86.222800,7.8067E-3,72720
2.17485916004233E-05,7.5805E-5,86.192900,7.8141E-3,72710
2.17710250907439E-05,7.5884E-5,86.163000,7.8215E-3,72700
2.17934835910378E-05,7.5962E-5,86.133100,7.8289E-3,72690
2.18159671312723E-05,7.6040E-5,86.103200,7.8364E-3,72680
2.18384757414535E-05,7.6119E-5,86.073300,7.8438E-3,72670
2.18610094516256E-05,7.6197E-5,86.043400,7.8512E-3,72660
2.18835682918716E-05,7.6276E-5,86.013500,7.8587E-3,72650
2.19061522923129E-05,7.6355E-5,85.983600,7.8661E-3,72640
2.19287614831096E-05,7.6433E-5,85.953700,7.8736E-3,72630
2.19513958944603E-05,7.6512E-5,85.923800,7.8811E-3,72620
2.19740555566026E-05,7.6591E-5,85.893900,7.8886E-3,72610
2.19967404998126E-05,7.6670E-5,85.864000,7.8960E-3,72600
2.20194507544054E-05,7.6750E-5,85.834100,7.9035E-3,72590
2.2042186350735E-05,7.6829E-5,85.804200,7.9110E-3,72580
2.20649473191942E-05,7.6908E-5,85.774300,7.9185E-3,72570
2.20877336902148E-05,7.6988E-5,85.744400,7.9261E-3,72560
2.21105454942678E-05,7.7067E-5,85.714500,7.9336E-3,72550
2.21333827618631E-05,7.7147E-5,85.684600,7.9411E-3,72540
2.21562455235499E-05,7.7226E-5,85.654700,7.9487E-3,72530
2.21791338099165E-05,7.7306E-5,85.624800,7.9562E-3,72520
2.22020476515905E-05,7.7386E-5,85.594900,7.9638E-3,72510
2.22249870792388E-05,7.7466E-5,85.565000,7.9713E-3,72500
2.22479521235677E-05,7.7546E-5,85.535100,7.9789E-3,72490
2.22709428153229E-05,7.7626E-5,85.505200,7.9865E-3,72480
2.22939591852894E-05,7.7706E-5,85.475300,7.9941E-3,72470
2.2317001264292E-05,7.7787E-5,85.445400,8.0017E-3,72460
2.2340069083195E-05,7.7867E-5,85.415500,8.0093E-3,72450
2.23631626729021E-05,7.7948E-5,85.385600,8.0169E-3,72440
2.2386282064357E-05,7.8028E-5,85.355700,8.0245E-3,72430
2.2409427288543E-05,7.8109E-5,85.325800,8.0321E-3,72420
2.24325983764832E-05,7.8190E-5,85.295900,8.0398E-3,72410
2.24557953592404E-05,7.8270E-5,85.266000,8.0474E-3,72400
2.24790182679176E-05,7.8351E-5,85.236100,8.0550E-3,72390
2.25022671336577E-05,7.8432E-5,85.206200,8.0627E-3,72380
2.25255419876433E-05,7.8514E-5,85.176300,8.0704E-3,72370
2.25488428610975E-05,7.8595E-5,85.146400,8.0780E-3,72360
2.25721697852832E-05,7.8676E-5,85.116500,8.0857E-3,72350
2.25955227915036E-05,7.8757E-5,85.086600,8.0934E-3,72340
2.26189019111022E-05,7.8839E-5,85.056700,8.1011E-3,72330
2.26423071754626E-05,7.8921E-5,85.026800,8.1088E-3,72320
2.26657386160089E-05,7.9002E-5,84.996900,8.1165E-3,72310
2.26891962642056E-05,7.9084E-5,84.967000,8.1243E-3,72300
2.27126801515575E-05,7.9166E-5,84.937100,8.1320E-3,72290
2.27361903096102E-05,7.9248E-5,84.907200,8.1397E-3,72280
2.27597267699495E-05,7.9330E-5,84.877300,8.1475E-3,72270
2.27832895642021E-05,7.9412E-5,84.847400,8.1552E-3,72260
2.28068787240352E-05,7.9494E-5,84.817500,8.1630E-3,72250
2.28304942811568E-05,7.9576E-5,84.787600,8.1708E-3,72240
2.28541362673158E-05,7.9659E-5,84.757700,8.1785E-3,72230
2.28778047143018E-05,7.9741E-5,84.727800,8.1863E-3,72220
2.29014996539452E-05,7.9824E-5,84.697900,8.1941E-3,72210
2.29252211181176E-05,7.9907E-5,84.668000,8.2019E-3,72200
2.29489691387316E-05,7.9989E-5,84.638100,8.2097E-3,72190
2.29727437477405E-05,8.0072E-5,84.608200,8.2175E-3,72180
2.29965449771392E-05,8.0155E-5,84.578300,8.2254E-3,72170
2.30203728589634E-05,8.0238E-5,84.548400,8.2332E-3,72160
2.30442274252904E-05,8.0321E-5,84.518500,8.2410E-3,72150
2.30681087082385E-05,8.0405E-5,84.488600,8.2489E-3,72140
2.30920167399674E-05,8.0488E-5,84.458700,8.2568E-3,72130
2.31159515526783E-05,8.0571E-5,84.428800,8.2646E-3,72120
2.31399131786139E-05,8.0655E-5,84.398900,8.2725E-3,72110
2.31639016500581E-05,8.0739E-5,84.369000,8.2804E-3,72100
2.31879169993368E-05,8.0822E-5,84.339100,8.2883E-3,72090
2.32119592588173E-05,8.0906E-5,84.309200,8.2962E-3,72080
2.32360284609087E-05,8.0990E-5,84.279300,8.3041E-3,72070
2.32601246380616E-05,8.1074E-5,84.249400,8.3120E-3,72060
2.32842478227687E-05,8.1158E-5,84.219500,8.3199E-3,72050
2.33083980475645E-05,8.1242E-5,84.189600,8.3278E-3,72040
2.33325753450252E-05,8.1327E-5,84.159700,8.3358E-3,72030
2.33567797477694E-05,8.1411E-5,84.129800,8.3437E-3,72020
2.33810112884572E-05,8.1495E-5,84.099900,8.3517E-3,72010
2.34052699997912E-05,8.1580E-5,84.070000,8.3597E-3,72000
2.34295559145161E-05,8.1665E-5,84.040100,8.3676E-3,71990
2.34538690654187E-05,8.1749E-5,84.010200,8.3756E-3,71980
2.3478209485328E-05,8.1834E-5,83.980300,8.3836E-3,71970
2.35025772071155E-05,8.1919E-5,83.950400,8.3916E-3,71960
2.3526972263695E-05,8.2004E-5,83.920500,8.3996E-3,71950
2.35513946880227E-05,8.2089E-5,83.890600,8.4076E-3,71940
2.35758445130974E-05,8.2174E-5,83.860700,8.4156E-3,71930
2.36003217719604E-05,8.2260E-5,83.830800,8.4237E-3,71920
2.36248264976955E-05,8.2345E-5,83.800900,8.4317E-3,71910
2.36493587234295E-05,8.2431E-5,83.771000,8.4398E-3,71900
2.36739184823315E-05,8.2516E-5,83.741100,8.4478E-3,71890
2.36985058076138E-05,8.2602E-5,83.711200,8.4559E-3,71880
2.37231207325313E-05,8.2688E-5,83.681300,8.4640E-3,71870
2.37477632903819E-05,8.2774E-5,83.651400,8.4720E-3,71860
2.37724335145064E-05,8.2860E-5,83.621500,8.4801E-3,71850
2.37971314382887E-05,8.2946E-5,83.591600,8.4882E-3,71840
2.38218570951557E-05,8.3032E-5,83.561700,8.4963E-3,71830
2.38466105185776E-05,8.3118E-5,83.531800,8.5045E-3,71820
2.38713917420677E-05,8.3205E-5,83.501900,8.5126E-3,71810
2.38962007991825E-05,8.3291E-5,83.472000,8.5207E-3,71800
2.39210377235219E-05,8.3378E-5,83.442100,8.5289E-3,71790
2.39459025487292E-05,8.3464E-5,83.412200,8.5370E-3,71780
2.39707953084911E-05,8.3551E-5,83.382300,8.5452E-3,71770
2.3995716036538E-05,8.3638E-5,83.352400,8.5533E-3,71760
2.40206647666435E-05,8.3725E-5,83.322500,8.5615E-3,71750
2.4045641532625E-05,8.3812E-5,83.292600,8.5697E-3,71740
2.40706463683437E-05,8.3899E-5,83.262700,8.5779E-3,71730
2.40956793077044E-05,8.3986E-5,83.232800,8.5861E-3,71720
2.41207403846558E-05,8.4074E-5,83.202900,8.5943E-3,71710
2.41458296331903E-05,8.4161E-5,83.173000,8.6025E-3,71700
2.41709470873443E-05,8.4249E-5,83.143100,8.6107E-3,71690
2.41960927811984E-05,8.4336E-5,83.113200,8.6190E-3,71680
2.42212667488768E-05,8.4424E-5,83.083300,8.6272E-3,71670
2.42464690245483E-05,8.4512E-5,83.053400,8.6355E-3,71660
2.42716996424255E-05,8.4600E-5,83.023500,8.6437E-3,71650
2.42969586367653E-05,8.4688E-5,82.993600,8.6520E-3,71640
2.43222460418691E-05,8.4776E-5,82.963700,8.6603E-3,71630
2.43475618920824E-05,8.4864E-5,82.933800,8.6686E-3,71620
2.43729062217952E-05,8.4953E-5,82.903900,8.6768E-3,71610
2.4398279065442E-05,8.5041E-5,82.874000,8.6852E-3,71600
2.44236804575018E-05,8.5130E-5,82.844100,8.6935E-3,71590
2.44491104324981E-05,8.5218E-5,82.814200,8.7018E-3,71580
2.44745690249993E-05,8.5307E-5,82.784300,8.7101E-3,71570
2.45000562696183E-05,8.5396E-5,82.754400,8.7185E-3,71560
2.45255722010128E-05,8.5485E-5,82.724500,8.7268E-3,71550
2.45511168538853E-05,8.5574E-5,82.694600,8.7352E-3,71540
2.45766902629836E-05,8.5663E-5,82.664700,8.7435E-3,71530
2.46022924630999E-05,8.5752E-5,82.634800,8.7519E-3,71520
2.46279234890717E-05,8.5841E-5,82.604900,8.7603E-3,71510
2.46535833757816E-05,8.5931E-5,82.575000,8.7687E-3,71500
2.46792721581573E-05,8.6020E-5,82.545100,8.7771E-3,71490
2.47049898711718E-05,8.6110E-5,82.515200,8.7855E-3,71480
2.47307365498431E-05,8.6200E-5,82.485300,8.7939E-3,71470
2.4756512229235E-05,8.6290E-5,82.455400,8.8023E-3,71460
2.47823169444562E-05,8.6380E-5,82.425500,8.8107E-3,71450
2.48081507306612E-05,8.6470E-5,82.395600,8.8192E-3,71440
2.48340136230499E-05,8.6560E-5,82.365700,8.8276E-3,71430
2.48599056568678E-05,8.6650E-5,82.335800,8.8361E-3,71420
2.48858268674061E-05,8.6740E-5,82.305900,8.8446E-3,71410
2.49117772900016E-05,8.6831E-5,82.276000,8.8530E-3,71400
2.4937756960037E-05,8.6921E-5,82.246100,8.8615E-3,71390
2.49637659129407E-05,8.7012E-5,82.216200,8.8700E-3,71380
2.49898041841872E-05,8.7103E-5,82.186300,8.8785E-3,71370
2.50158718092968E-05,8.7194E-5,82.156400,8.8870E-3,71360
2.50419688238358E-05,8.7285E-5,82.126500,8.8956E-3,71350
2.50680952634169E-05,8.7376E-5,82.096600,8.9041E-3,71340
2.50942511636984E-05,8.7467E-5,82.066700,8.9126E-3,71330
2.51204365603855E-05,8.7558E-5,82.036800,8.9212E-3,71320
2.51466514892291E-05,8.7650E-5,82.006900,8.9297E-3,71310
2.51728959860267E-05,8.7741E-5,81.977000,8.9383E-3,71300
2.51991700866223E-05,8.7833E-5,81.947100,8.9469E-3,71290
2.52254738269062E-05,8.7924E-5,81.917200,8.9555E-3,71280
2.52518072428153E-05,8.8016E-5,81.887300,8.9641E-3,71270
2.52781703703331E-05,8.8108E-5,81.857400,8.9727E-3,71260
2.53045632454899E-05,8.8200E-5,81.827500,8.9813E-3,71250
2.53309859043625E-05,8.8292E-5,81.797600,8.9899E-3,71240
2.53574383830746E-05,8.8384E-5,81.767700,8.9985E-3,71230
2.53839207177969E-05,8.8477E-5,81.737800,9.0072E-3,71220
2.54104329447468E-05,8.8569E-5,81.707900,9.0158E-3,71210
2.54369751001888E-05,8.8661E-5,81.678000,9.0245E-3,71200
2.54635472204345E-05,8.8754E-5,81.648100,9.0331E-3,71190
2.54901493418425E-05,8.8847E-5,81.618200,9.0418E-3,71180
2.55167815008187E-05,8.8940E-5,81.588300,9.0505E-3,71170
2.55434437338163E-05,8.9033E-5,81.558400,9.0592E-3,71160
2.55701360773356E-05,8.9126E-5,81.528500,9.0679E-3,71150
2.55968585679244E-05,8.9219E-5,81.498600,9.0766E-3,71140
2.56236112421781E-05,8.9312E-5,81.468700,9.0853E-3,71130
2.56503941367393E-05,8.9405E-5,81.438800,9.0941E-3,71120
2.56772072882986E-05,8.9499E-5,81.408900,9.1028E-3,71110
2.57040507335938E-05,8.9592E-5,81.379000,9.1115E-3,71100
2.57309245094106E-05,8.9686E-5,81.349100,9.1203E-3,71090
2.57578286525826E-05,8.9780E-5,81.319200,9.1291E-3,71080
2.57847631999911E-05,8.9874E-5,81.289300,9.1378E-3,71070
2.58117281885654E-05,8.9968E-5,81.259400,9.1466E-3,71060
2.58387236552826E-05,9.0062E-5,81.229500,9.1554E-3,71050
2.58657496371681E-05,9.0156E-5,81.199600,9.1642E-3,71040
2.58928061712951E-05,9.0250E-5,81.169700,9.1730E-3,71030
2.59198932947853E-05,9.0345E-5,81.139800,9.1819E-3,71020
2.59470110448085E-05,9.0439E-5,81.109900,9.1907E-3,71010
2.59741594585826E-05,9.0534E-5,81.080000,9.1995E-3,71000
2.60013385733742E-05,9.0629E-5,81.050100,9.2084E-3,70990
2.60285484264983E-05,9.0723E-5,81.020200,9.2172E-3,70980
2.60557890553183E-05,9.0818E-5,80.990300,9.2261E-3,70970
2.60830604972461E-05,9.0913E-5,80.960400,9.2350E-3,70960
2.61103627897424E-05,9.1009E-5,80.930500,9.2439E-3,70950
2.61376959703165E-05,9.1104E-5,80.900600,9.2528E-3,70940
2.61650600765267E-05,9.1199E-5,80.870700,9.2617E-3,70930
2.61924551459799E-05,9.1295E-5,80.840800,9.2706E-3,70920
2.62198812163319E-05,9.1390E-5,80.810900,9.2795E-3,70910
2.62473383252878E-05,9.1486E-5,80.781000,9.2884E-3,70900
2.62748265106013E-05,9.1582E-5,80.751100,9.2974E-3,70890
2.63023458100757E-05,9.1678E-5,80.721200,9.3063E-3,70880
2.6329896261563E-05,9.1774E-5,80.691300,9.3153E-3,70870
2.63574779029648E-05,9.1870E-5,80.661400,9.3243E-3,70860
2.63850907722319E-05,9.1966E-5,80.631500,9.3332E-3,70850
2.64127349073645E-05,9.2063E-5,80.601600,9.3422E-3,70840
2.64404103464123E-05,9.2159E-5,80.571700,9.3512E-3,70830
2.64681171274745E-05,9.2256E-5,80.541800,9.3602E-3,70820
2.64958552886998E-05,9.2352E-5,80.511900,9.3692E-3,70810
2.65236248682867E-05,9.2449E-5,80.482000,9.3783E-3,70800
2.65514259044835E-05,9.2546E-5,80.452100,9.3873E-3,70790
2.6579258435588E-05,9.2643E-5,80.422200,9.3964E-3,70780
2.66071224999482E-05,9.2740E-5,80.392300,9.4054E-3,70770
2.66350181359618E-05,9.2837E-5,80.362400,9.4145E-3,70760
2.66629453820767E-05,9.2935E-5,80.332500,9.4236E-3,70750
2.66909042767907E-05,9.3032E-5,80.302600,9.4326E-3,70740
2.6718894858652E-05,9.3130E-5,80.272700,9.4417E-3,70730
2.67469171662587E-05,9.3227E-5,80.242800,9.4508E-3,70720
2.67749712382595E-05,9.3325E-5,80.212900,9.4599E-3,70710
2.68030571133533E-05,9.3423E-5,80.183000,9.4691E-3,70700
2.68311748302893E-05,9.3521E-5,80.153100,9.4782E-3,70690
2.68593244278674E-05,9.3619E-5,80.123200,9.4873E-3,70680
2.68875059449381E-05,9.3717E-5,80.093300,9.4965E-3,70670
2.69157194204023E-05,9.3816E-5,80.063400,9.5056E-3,70660
2.69439648932118E-05,9.3914E-5,80.033500,9.5148E-3,70650
2.69722424023693E-05,9.4013E-5,80.003600,9.5240E-3,70640
2.70005519869279E-05,9.4111E-5,79.973700,9.5332E-3,70630
2.70288936859921E-05,9.4210E-5,79.943800,9.5424E-3,70620
2.70572675387171E-05,9.4309E-5,79.913900,9.5516E-3,70610
2.70856735843094E-05,9.4408E-5,79.884000,9.5608E-3,70600
2.71141118620263E-05,9.4507E-5,79.854100,9.5700E-3,70590
2.71425824111767E-05,9.4606E-5,79.824200,9.5793E-3,70580
2.71710852711203E-05,9.4706E-5,79.794300,9.5885E-3,70570
2.71996204812687E-05,9.4805E-5,79.764400,9.5978E-3,70560
2.72281880810845E-05,9.4905E-5,79.734500,9.6070E-3,70550
2.72567881100819E-05,9.5004E-5,79.704600,9.6163E-3,70540
2.72854206078267E-05,9.5104E-5,79.674700,9.6256E-3,70530
2.73140856139363E-05,9.5204E-5,79.644800,9.6349E-3,70520
2.73427831680799E-05,9.5304E-5,79.614900,9.6442E-3,70510
2.73715133099783E-05,9.5404E-5,79.585000,9.6535E-3,70500
2.74002760794044E-05,9.5505E-5,79.555100,9.6628E-3,70490
2.74290715161826E-05,9.5605E-5,79.525200,9.6722E-3,70480
2.74578996601898E-05,9.5705E-5,79.495300,9.6815E-3,70470
2.74867605513546E-05,9.5806E-5,79.465400,9.6909E-3,70460
2.7515654229658E-05,9.5907E-5,79.435500,9.7002E-3,70450
2.75445807351328E-05,9.6008E-5,79.405600,9.7096E-3,70440
2.75735401078646E-05,9.6109E-5,79.375700,9.7190E-3,70430
2.7602532387991E-05,9.6210E-5,79.345800,9.7284E-3,70420
2.76315576157021E-05,9.6311E-5,79.315900,9.7378E-3,70410
2.76606158312406E-05,9.6412E-5,79.286000,9.7472E-3,70400
2.76897070749017E-05,9.6513E-5,79.256100,9.7566E-3,70390
2.77188313870332E-05,9.6615E-5,79.226200,9.7661E-3,70380
2.77479888080357E-05,9.6717E-5,79.196300,9.7755E-3,70370
2.77771793783627E-05,9.6818E-5,79.166400,9.7850E-3,70360
2.78064031385202E-05,9.6920E-5,79.136500,9.7944E-3,70350
2.78356601290675E-05,9.7022E-5,79.106600,9.8039E-3,70340
2.78649503906167E-05,9.7124E-5,79.076700,9.8134E-3,70330
2.78942739638333E-05,9.7226E-5,79.046800,9.8229E-3,70320
2.79236308894355E-05,9.7329E-5,79.016900,9.8324E-3,70310
2.7953021208195E-05,9.7431E-5,78.987000,9.8419E-3,70300
2.79824449609369E-05,9.7534E-5,78.957100,9.8514E-3,70290
2.80119021885395E-05,9.7636E-5,78.927200,9.8610E-3,70280
2.80413929319346E-05,9.7739E-5,78.897300,9.8705E-3,70270
2.80709172321077E-05,9.7842E-5,78.867400,9.8800E-3,70260
2.81004751300976E-05,9.7945E-5,78.837500,9.8896E-3,70250
2.8130066666997E-05,9.8048E-5,78.807600,9.8992E-3,70240
2.81596918839522E-05,9.8152E-5,78.777700,9.9088E-3,70230
2.81893508221637E-05,9.8255E-5,78.747800,9.9184E-3,70220
2.82190435228855E-05,9.8358E-5,78.717900,9.9280E-3,70210
2.82487700274257E-05,9.8462E-5,78.688000,9.9376E-3,70200
2.82785303771465E-05,9.8566E-5,78.658100,9.9472E-3,70190
2.83083246134643E-05,9.8670E-5,78.628200,9.9568E-3,70180
2.83381527778495E-05,9.8774E-5,78.598300,9.9665E-3,70170
2.8368014911827E-05,9.8878E-5,78.568400,9.9761E-3,70160
2.83979110569759E-05,9.8982E-5,78.538500,9.9858E-3,70150
2.84278412549298E-05,9.9086E-5,78.508600,9.9955E-3,70140
2.8457805547377E-05,9.9191E-5,78.478700,1.0005E-2,70130
2.84878039760599E-05,9.9295E-5,78.448800,1.0015E-2,70120
2.85178365827761E-05,9.9400E-5,78.418900,1.0025E-2,70110
2.85479034093776E-05,9.9505E-5,78.389000,1.0034E-2,70100
2.85780044977714E-05,9.9610E-5,78.359100,1.0044E-2,70090
2.86081398899193E-05,9.9715E-5,78.329200,1.0054E-2,70080
2.8638309627838E-05,9.9820E-5,78.299300,1.0063E-2,70070
2.86685137535994E-05,9.9925E-5,78.269400,1.0073E-2,70060
2.86987523093304E-05,1.0003E-4,78.239500,1.0083E-2,70050
2.87290253372131E-05,1.0014E-4,78.209600,1.0093E-2,70040
2.87593328794851E-05,1.0024E-4,78.179700,1.0103E-2,70030
2.87896749784391E-05,1.0035E-4,78.149800,1.0112E-2,70020
2.88200516764233E-05,1.0045E-4,78.119900,1.0122E-2,70010
2.88504630158414E-05,1.0056E-4,78.090000,1.0132E-2,70000
2.88809090391526E-05,1.0067E-4,78.060100,1.0142E-2,69990
2.89113897888721E-05,1.0077E-4,78.030200,1.0152E-2,69980
2.89419053075705E-05,1.0088E-4,78.000300,1.0162E-2,69970
2.89724556378743E-05,1.0098E-4,77.970400,1.0171E-2,69960
2.9003040822466E-05,1.0109E-4,77.940500,1.0181E-2,69950
2.90336609040839E-05,1.0120E-4,77.910600,1.0191E-2,69940
2.90643159255225E-05,1.0130E-4,77.880700,1.0201E-2,69930
2.90950059296323E-05,1.0141E-4,77.850800,1.0211E-2,69920
2.91257309593203E-05,1.0152E-4,77.820900,1.0221E-2,69910
2.91564910575494E-05,1.0163E-4,77.791000,1.0231E-2,69900
2.91872862673391E-05,1.0173E-4,77.761100,1.0241E-2,69890
2.92181166317653E-05,1.0184E-4,77.731200,1.0251E-2,69880
2.92489821939604E-05,1.0195E-4,77.701300,1.0261E-2,69870
2.92798829971134E-05,1.0206E-4,77.671400,1.0271E-2,69860
2.93108190844701E-05,1.0216E-4,77.641500,1.0281E-2,69850
2.9341790499333E-05,1.0227E-4,77.611600,1.0291E-2,69840
2.93727972850611E-05,1.0238E-4,77.581700,1.0301E-2,69830
2.9403839485071E-05,1.0249E-4,77.551800,1.0311E-2,69820
2.94349171428358E-05,1.0260E-4,77.521900,1.0321E-2,69810
2.94660303018857E-05,1.0270E-4,77.492000,1.0331E-2,69800
2.94971790058083E-05,1.0281E-4,77.462100,1.0341E-2,69790
2.95283632982482E-05,1.0292E-4,77.432200,1.0351E-2,69780
2.95595832229076E-05,1.0303E-4,77.402300,1.0361E-2,69770
2.95908388235457E-05,1.0314E-4,77.372400,1.0371E-2,69760
2.96221301439796E-05,1.0325E-4,77.342500,1.0381E-2,69750
2.96534572280837E-05,1.0336E-4,77.312600,1.0391E-2,69740
2.96848201197901E-05,1.0347E-4,77.282700,1.0401E-2,69730
2.97162188630886E-05,1.0358E-4,77.252800,1.0411E-2,69720
2.97476535020269E-05,1.0369E-4,77.222900,1.0421E-2,69710
2.97791240807105E-05,1.0380E-4,77.193000,1.0431E-2,69700
2.98106306433029E-05,1.0391E-4,77.163100,1.0442E-2,69690
2.98421732340256E-05,1.0402E-4,77.133200,1.0452E-2,69680
2.98737518971583E-05,1.0413E-4,77.103300,1.0462E-2,69670
2.99053666770388E-05,1.0424E-4,77.073400,1.0472E-2,69660
2.99370176180633E-05,1.0435E-4,77.043500,1.0482E-2,69650
2.99687047646863E-05,1.0446E-4,77.013600,1.0492E-2,69640
3.00004281614208E-05,1.0457E-4,76.983700,1.0503E-2,69630
3.00321878528383E-05,1.0468E-4,76.953800,1.0513E-2,69620
3.00639838835689E-05,1.0479E-4,76.923900,1.0523E-2,69610
3.00958162983015E-05,1.0490E-4,76.894000,1.0533E-2,69600
3.01276851417837E-05,1.0501E-4,76.864100,1.0544E-2,69590
3.0159590458822E-05,1.0512E-4,76.834200,1.0554E-2,69580
3.01915322942817E-05,1.0523E-4,76.804300,1.0564E-2,69570
3.02235106930874E-05,1.0535E-4,76.774400,1.0574E-2,69560
3.02555257002226E-05,1.0546E-4,76.744500,1.0585E-2,69550
3.028757736073E-05,1.0557E-4,76.714600,1.0595E-2,69540
3.03196657197117E-05,1.0568E-4,76.684700,1.0605E-2,69530
3.03517908223291E-05,1.0579E-4,76.654800,1.0616E-2,69520
3.03839527138031E-05,1.0590E-4,76.624900,1.0626E-2,69510
3.04161514394139E-05,1.0602E-4,76.595000,1.0636E-2,69500
3.04483870445016E-05,1.0613E-4,76.565100,1.0647E-2,69490
3.04806595744658E-05,1.0624E-4,76.535200,1.0657E-2,69480
3.0512969074766E-05,1.0635E-4,76.505300,1.0667E-2,69470
3.05453155909215E-05,1.0647E-4,76.475400,1.0678E-2,69460
3.05776991685116E-05,1.0658E-4,76.445500,1.0688E-2,69450
3.06101198531754E-05,1.0669E-4,76.415600,1.0699E-2,69440
3.06425776906126E-05,1.0681E-4,76.385700,1.0709E-2,69430
3.06750727265825E-05,1.0692E-4,76.355800,1.0720E-2,69420
3.07076050069052E-05,1.0703E-4,76.325900,1.0730E-2,69410
3.07401745774608E-05,1.0715E-4,76.296000,1.0740E-2,69400
3.077278148419E-05,1.0726E-4,76.266100,1.0751E-2,69390
3.08054257730942E-05,1.0737E-4,76.236200,1.0761E-2,69380
3.08381074902351E-05,1.0749E-4,76.206300,1.0772E-2,69370
3.08708266817353E-05,1.0760E-4,76.176400,1.0782E-2,69360
3.09035833937782E-05,1.0772E-4,76.146500,1.0793E-2,69350
3.09363776726079E-05,1.0783E-4,76.116600,1.0803E-2,69340
3.09692095645298E-05,1.0794E-4,76.086700,1.0814E-2,69330
3.100207911591E-05,1.0806E-4,76.056800,1.0825E-2,69320
3.10349863731759E-05,1.0817E-4,76.026900,1.0835E-2,69310
3.10679313828162E-05,1.0829E-4,75.997000,1.0846E-2,69300
3.11009141913806E-05,1.0840E-4,75.967100,1.0856E-2,69290
3.11339348454806E-05,1.0852E-4,75.937200,1.0867E-2,69280
3.11669933917889E-05,1.0863E-4,75.907300,1.0878E-2,69270
3.12000898770398E-05,1.0875E-4,75.877400,1.0888E-2,69260
3.12332243480293E-05,1.0886E-4,75.847500,1.0899E-2,69250
3.12663968516152E-05,1.0898E-4,75.817600,1.0909E-2,69240
3.1299607434717E-05,1.0910E-4,75.787700,1.0920E-2,69230
3.13328561443161E-05,1.0921E-4,75.757800,1.0931E-2,69220
3.13661430274561E-05,1.0933E-4,75.727900,1.0941E-2,69210
3.13994681312424E-05,1.0944E-4,75.698000,1.0952E-2,69200
3.14328315028429E-05,1.0956E-4,75.668100,1.0963E-2,69190
3.14662331894874E-05,1.0968E-4,75.638200,1.0973E-2,69180
3.14996732384683E-05,1.0979E-4,75.608300,1.0984E-2,69170
3.15331516971405E-05,1.0991E-4,75.578400,1.0995E-2,69160
3.15666686129211E-05,1.1003E-4,75.548500,1.1006E-2,69150
3.160022403329E-05,1.1014E-4,75.518600,1.1016E-2,69140
3.16338180057899E-05,1.1026E-4,75.488700,1.1027E-2,69130
3.16674505780262E-05,1.1038E-4,75.458800,1.1038E-2,69120
3.1701121797667E-05,1.1050E-4,75.428900,1.1049E-2,69110
3.17348317124437E-05,1.1061E-4,75.399000,1.1060E-2,69100
3.17685803701505E-05,1.1073E-4,75.369100,1.1070E-2,69090
3.18023678186448E-05,1.1085E-4,75.339200,1.1081E-2,69080
3.18361941058473E-05,1.1097E-4,75.309300,1.1092E-2,69070
3.1870059279742E-05,1.1108E-4,75.279400,1.1103E-2,69060
3.19039633883762E-05,1.1120E-4,75.249500,1.1114E-2,69050
3.19379064798608E-05,1.1132E-4,75.219600,1.1125E-2,69040
3.19718886023702E-05,1.1144E-4,75.189700,1.1135E-2,69030
3.20059098041427E-05,1.1156E-4,75.159800,1.1146E-2,69020
3.20399701334801E-05,1.1168E-4,75.129900,1.1157E-2,69010
3.20740696387481E-05,1.1180E-4,75.100000,1.1168E-2,69000
3.21082083683765E-05,1.1191E-4,75.070100,1.1179E-2,68990
3.2142386370859E-05,1.1203E-4,75.040200,1.1190E-2,68980
3.21766036947535E-05,1.1215E-4,75.010300,1.1201E-2,68970
3.22108603886821E-05,1.1227E-4,74.980400,1.1212E-2,68960
3.22451565013311E-05,1.1239E-4,74.950500,1.1223E-2,68950
3.22794920814514E-05,1.1251E-4,74.920600,1.1234E-2,68940
3.23138671778583E-05,1.1263E-4,74.890700,1.1245E-2,68930
3.23482818394315E-05,1.1275E-4,74.860800,1.1256E-2,68920
3.23827361151156E-05,1.1287E-4,74.830900,1.1267E-2,68910
3.24172300539199E-05,1.1299E-4,74.801000,1.1278E-2,68900
3.24517637049186E-05,1.1311E-4,74.771100,1.1289E-2,68890
3.24863371172506E-05,1.1323E-4,74.741200,1.1300E-2,68880
3.25209503401203E-05,1.1335E-4,74.711300,1.1311E-2,68870
3.25556034227967E-05,1.1347E-4,74.681400,1.1322E-2,68860
3.25902964146143E-05,1.1359E-4,74.651500,1.1333E-2,68850
3.2625029364973E-05,1.1372E-4,74.621600,1.1344E-2,68840
3.26598023233378E-05,1.1384E-4,74.591700,1.1356E-2,68830
3.26946153392396E-05,1.1396E-4,74.561800,1.1367E-2,68820
3.27294684622745E-05,1.1408E-4,74.531900,1.1378E-2,68810
3.27643617421045E-05,1.1420E-4,74.502000,1.1389E-2,68800
3.27992952284572E-05,1.1432E-4,74.472100,1.1400E-2,68790
3.28342689711264E-05,1.1444E-4,74.442200,1.1411E-2,68780
3.28692830199714E-05,1.1457E-4,74.412300,1.1422E-2,68770
3.2904337424918E-05,1.1469E-4,74.382400,1.1434E-2,68760
3.29394322359577E-05,1.1481E-4,74.352500,1.1445E-2,68750
3.29745675031487E-05,1.1493E-4,74.322600,1.1456E-2,68740
3.30097432766152E-05,1.1506E-4,74.292700,1.1467E-2,68730
3.30449596065479E-05,1.1518E-4,74.262800,1.1479E-2,68720
3.3080216543204E-05,1.1530E-4,74.232900,1.1490E-2,68710
3.31155141369075E-05,1.1543E-4,74.203000,1.1501E-2,68700
3.31508524380489E-05,1.1555E-4,74.173100,1.1512E-2,68690
3.31862314970855E-05,1.1567E-4,74.143200,1.1524E-2,68680
3.32216513645417E-05,1.1580E-4,74.113300,1.1535E-2,68670
3.32571120910087E-05,1.1592E-4,74.083400,1.1546E-2,68660
3.32926137271448E-05,1.1604E-4,74.053500,1.1558E-2,68650
3.33281563236755E-05,1.1617E-4,74.023600,1.1569E-2,68640
3.33637399313936E-05,1.1629E-4,73.993700,1.1580E-2,68630
3.33993646011592E-05,1.1641E-4,73.963800,1.1592E-2,68620
3.34350303839001E-05,1.1654E-4,73.933900,1.1603E-2,68610
3.34707373306113E-05,1.1666E-4,73.904000,1.1614E-2,68600
3.35064854923557E-05,1.1679E-4,73.874100,1.1626E-2,68590
3.35422749202639E-05,1.1691E-4,73.844200,1.1637E-2,68580
3.35781056655343E-05,1.1704E-4,73.814300,1.1649E-2,68570
3.36139777794333E-05,1.1716E-4,73.784400,1.1660E-2,68560
3.36498913132953E-05,1.1729E-4,73.754500,1.1672E-2,68550
3.36858463185228E-05,1.1741E-4,73.724600,1.1683E-2,68540
3.37218428465867E-05,1.1754E-4,73.694700,1.1695E-2,68530
3.3757880949026E-05,1.1766E-4,73.664800,1.1706E-2,68520
3.37939606774483E-05,1.1779E-4,73.634900,1.1718E-2,68510
3.38300820835295E-05,1.1792E-4,73.605000,1.1729E-2,68500
3.38662452190144E-05,1.1804E-4,73.575100,1.1741E-2,68490
3.39024501357163E-05,1.1817E-4,73.545200,1.1752E-2,68480
3.39386968855175E-05,1.1829E-4,73.515300,1.1764E-2,68470
3.3974985520369E-05,1.1842E-4,73.485400,1.1775E-2,68460
3.40113160922909E-05,1.1855E-4,73.455500,1.1787E-2,68450
3.40476886533724E-05,1.1867E-4,73.425600,1.1798E-2,68440
3.40841032557721E-05,1.1880E-4,73.395700,1.1810E-2,68430
3.41205599517174E-05,1.1893E-4,73.365800,1.1822E-2,68420
3.41570587935057E-05,1.1906E-4,73.335900,1.1833E-2,68410
3.41935998335034E-05,1.1918E-4,73.306000,1.1845E-2,68400
3.42301831241468E-05,1.1931E-4,73.276100,1.1857E-2,68390
3.42668087179418E-05,1.1944E-4,73.246200,1.1868E-2,68380
3.4303476667464E-05,1.1957E-4,73.216300,1.1880E-2,68370
3.43401870253589E-05,1.1969E-4,73.186400,1.1892E-2,68360
3.43769398443423E-05,1.1982E-4,73.156500,1.1903E-2,68350
3.44137351771997E-05,1.1995E-4,73.126600,1.1915E-2,68340
3.4450573076787E-05,1.2008E-4,73.096700,1.1927E-2,68330
3.44874535960302E-05,1.2021E-4,73.066800,1.1938E-2,68320
3.45243767879259E-05,1.2034E-4,73.036900,1.1950E-2,68310
3.45613427055411E-05,1.2046E-4,73.007000,1.1962E-2,68300
3.45983514020134E-05,1.2059E-4,72.977100,1.1974E-2,68290
3.46354029305511E-05,1.2072E-4,72.947200,1.1985E-2,68280
3.46724973444332E-05,1.2085E-4,72.917300,1.1997E-2,68270
3.47096346970096E-05,1.2098E-4,72.887400,1.2009E-2,68260
3.47468150417012E-05,1.2111E-4,72.857500,1.2021E-2,68250
3.47840384320002E-05,1.2124E-4,72.827600,1.2033E-2,68240
3.48213049214696E-05,1.2137E-4,72.797700,1.2045E-2,68230
3.4858614563744E-05,1.2150E-4,72.767800,1.2056E-2,68220
3.48959674125292E-05,1.2163E-4,72.737900,1.2068E-2,68210
3.49333635216028E-05,1.2176E-4,72.708000,1.2080E-2,68200
3.49708029448135E-05,1.2189E-4,72.678100,1.2092E-2,68190
3.50082857360821E-05,1.2202E-4,72.648200,1.2104E-2,68180
3.50458119494009E-05,1.2215E-4,72.618300,1.2116E-2,68170
3.50833816388345E-05,1.2228E-4,72.588400,1.2128E-2,68160
3.51209948585191E-05,1.2242E-4,72.558500,1.2140E-2,68150
3.51586516626632E-05,1.2255E-4,72.528600,1.2152E-2,68140
3.51963521055475E-05,1.2268E-4,72.498700,1.2164E-2,68130
3.52340962415249E-05,1.2281E-4,72.468800,1.2176E-2,68120
3.52718841250208E-05,1.2294E-4,72.438900,1.2188E-2,68110
3.53097158105331E-05,1.2307E-4,72.409000,1.2200E-2,68100
3.53475913526323E-05,1.2321E-4,72.379100,1.2212E-2,68090
3.53855108059616E-05,1.2334E-4,72.349200,1.2224E-2,68080
3.54234742252371E-05,1.2347E-4,72.319300,1.2236E-2,68070
3.54614816652476E-05,1.2360E-4,72.289400,1.2248E-2,68060
3.54995331808553E-05,1.2373E-4,72.259500,1.2260E-2,68050
3.55376288269953E-05,1.2387E-4,72.229600,1.2272E-2,68040
3.55757686586758E-05,1.2400E-4,72.199700,1.2284E-2,68030
3.56139527309787E-05,1.2413E-4,72.169800,1.2296E-2,68020
3.56521810990591E-05,1.2427E-4,72.139900,1.2309E-2,68010
3.56904538181456E-05,1.2440E-4,72.110000,1.2321E-2,68000
3.57287709435405E-05,1.2453E-4,72.080100,1.2333E-2,67990
3.57671325306201E-05,1.2467E-4,72.050200,1.2345E-2,67980
3.58055386348343E-05,1.2480E-4,72.020300,1.2357E-2,67970
3.5843989311707E-05,1.2494E-4,71.990400,1.2369E-2,67960
3.58824846168361E-05,1.2507E-4,71.960500,1.2382E-2,67950
3.59210246058939E-05,1.2520E-4,71.930600,1.2394E-2,67940
3.59596093346269E-05,1.2534E-4,71.900700,1.2406E-2,67930
3.59982388588558E-05,1.2547E-4,71.870800,1.2418E-2,67920
3.60369132344761E-05,1.2561E-4,71.840900,1.2431E-2,67910
3.60756325174577E-05,1.2574E-4,71.811000,1.2443E-2,67900
3.61143967638453E-05,1.2588E-4,71.781100,1.2455E-2,67890
3.61532060297582E-05,1.2601E-4,71.751200,1.2467E-2,67880
3.61920603713909E-05,1.2615E-4,71.721300,1.2480E-2,67870
3.62309598450127E-05,1.2628E-4,71.691400,1.2492E-2,67860
3.62699045069682E-05,1.2642E-4,71.661500,1.2504E-2,67850
3.63088944136773E-05,1.2656E-4,71.631600,1.2517E-2,67840
3.63479296216349E-05,1.2669E-4,71.601700,1.2529E-2,67830
3.63870101874117E-05,1.2683E-4,71.571800,1.2542E-2,67820
3.64261361676538E-05,1.2696E-4,71.541900,1.2554E-2,67810
3.64653076190829E-05,1.2710E-4,71.512000,1.2566E-2,67800
3.65045245984968E-05,1.2724E-4,71.482100,1.2579E-2,67790
3.65437871627688E-05,1.2737E-4,71.452200,1.2591E-2,67780
3.65830953688483E-05,1.2751E-4,71.422300,1.2604E-2,67770
3.66224492737611E-05,1.2765E-4,71.392400,1.2616E-2,67760
3.66618489346086E-05,1.2779E-4,71.362500,1.2629E-2,67750
3.67012944085691E-05,1.2792E-4,71.332600,1.2641E-2,67740
3.6740785752897E-05,1.2806E-4,71.302700,1.2654E-2,67730
3.67803230249234E-05,1.2820E-4,71.272800,1.2666E-2,67720
3.68199062820559E-05,1.2834E-4,71.242900,1.2679E-2,67710
3.68595355817789E-05,1.2848E-4,71.213000,1.2691E-2,67700
3.68992109816538E-05,1.2861E-4,71.183100,1.2704E-2,67690
3.69389325393187E-05,1.2875E-4,71.153200,1.2716E-2,67680
3.6978700312489E-05,1.2889E-4,71.123300,1.2729E-2,67670
3.70185143589572E-05,1.2903E-4,71.093400,1.2742E-2,67660
3.70583747365932E-05,1.2917E-4,71.063500,1.2754E-2,67650
3.70982815033441E-05,1.2931E-4,71.033600,1.2767E-2,67640
3.71382347172347E-05,1.2945E-4,71.003700,1.2779E-2,67630
3.71782344363673E-05,1.2959E-4,70.973800,1.2792E-2,67620
3.72182807189222E-05,1.2973E-4,70.943900,1.2805E-2,67610
3.72583736231572E-05,1.2987E-4,70.914000,1.2817E-2,67600
3.72985132074083E-05,1.3001E-4,70.884100,1.2830E-2,67590
3.73386995300895E-05,1.3015E-4,70.854200,1.2843E-2,67580
3.7378932649693E-05,1.3029E-4,70.824300,1.2856E-2,67570
3.74192126247892E-05,1.3043E-4,70.794400,1.2868E-2,67560
3.74595395140271E-05,1.3057E-4,70.764500,1.2881E-2,67550
3.7499913376134E-05,1.3071E-4,70.734600,1.2894E-2,67540
3.7540334269916E-05,1.3085E-4,70.704700,1.2907E-2,67530
3.7580802254258E-05,1.3099E-4,70.674800,1.2919E-2,67520
3.76213173881235E-05,1.3113E-4,70.644900,1.2932E-2,67510
3.76618797305551E-05,1.3127E-4,70.615000,1.2945E-2,67500
3.77024893406746E-05,1.3141E-4,70.585100,1.2958E-2,67490
3.77431462776828E-05,1.3156E-4,70.555200,1.2971E-2,67480
3.778385060086E-05,1.3170E-4,70.525300,1.2983E-2,67470
3.78246023695657E-05,1.3184E-4,70.495400,1.2996E-2,67460
3.78654016432391E-05,1.3198E-4,70.465500,1.3009E-2,67450
3.79062484813989E-05,1.3212E-4,70.435600,1.3022E-2,67440
3.79471429436438E-05,1.3227E-4,70.405700,1.3035E-2,67430
3.79880850896521E-05,1.3241E-4,70.375800,1.3048E-2,67420
3.80290749791824E-05,1.3255E-4,70.345900,1.3061E-2,67410
3.80701126720731E-05,1.3269E-4,70.316000,1.3074E-2,67400
3.81111982282429E-05,1.3284E-4,70.286100,1.3087E-2,67390
3.81523317076909E-05,1.3298E-4,70.256200,1.3100E-2,67380
3.81935131704968E-05,1.3312E-4,70.226300,1.3113E-2,67370
3.82347426768203E-05,1.3327E-4,70.196400,1.3126E-2,67360
3.82760202869025E-05,1.3341E-4,70.166500,1.3139E-2,67350
3.83173460610648E-05,1.3356E-4,70.136600,1.3152E-2,67340
3.83587200597096E-05,1.3370E-4,70.106700,1.3165E-2,67330
3.84001423433205E-05,1.3385E-4,70.076800,1.3178E-2,67320
3.8441612972462E-05,1.3399E-4,70.046900,1.3191E-2,67310
3.848313200778E-05,1.3413E-4,70.017000,1.3204E-2,67300
3.85246995100018E-05,1.3428E-4,69.987100,1.3217E-2,67290
3.8566315539936E-05,1.3442E-4,69.957200,1.3230E-2,67280
3.86079801584731E-05,1.3457E-4,69.927300,1.3244E-2,67270
3.8649693426585E-05,1.3471E-4,69.897400,1.3257E-2,67260
3.86914554053257E-05,1.3486E-4,69.867500,1.3270E-2,67250
3.8733266155831E-05,1.3501E-4,69.837600,1.3283E-2,67240
3.87751257393188E-05,1.3515E-4,69.807700,1.3296E-2,67230
3.88170342170891E-05,1.3530E-4,69.777800,1.3309E-2,67220
3.88589916505243E-05,1.3544E-4,69.747900,1.3323E-2,67210
3.89009981010894E-05,1.3559E-4,69.718000,1.3336E-2,67200
3.89430536303317E-05,1.3574E-4,69.688100,1.3349E-2,67190
3.89851582998811E-05,1.3588E-4,69.658200,1.3362E-2,67180
3.90273121714505E-05,1.3603E-4,69.628300,1.3376E-2,67170
3.90695153068356E-05,1.3618E-4,69.598400,1.3389E-2,67160
3.91117677679151E-05,1.3633E-4,69.568500,1.3402E-2,67150
3.91540696166508E-05,1.3647E-4,69.538600,1.3416E-2,67140
3.91964209150879E-05,1.3662E-4,69.508700,1.3429E-2,67130
3.92388217253548E-05,1.3677E-4,69.478800,1.3442E-2,67120
3.92812721096634E-05,1.3692E-4,69.448900,1.3456E-2,67110
3.93237721303094E-05,1.3706E-4,69.419000,1.3469E-2,67100
3.9366321849672E-05,1.3721E-4,69.389100,1.3483E-2,67090
3.94089213302144E-05,1.3736E-4,69.359200,1.3496E-2,67080
3.94515706344837E-05,1.3751E-4,69.329300,1.3509E-2,67070
3.94942698251111E-05,1.3766E-4,69.299400,1.3523E-2,67060
3.9537018964812E-05,1.3781E-4,69.269500,1.3536E-2,67050
3.95798181163861E-05,1.3796E-4,69.239600,1.3550E-2,67040
3.96226673427177E-05,1.3811E-4,69.209700,1.3563E-2,67030
3.96655667067756E-05,1.3826E-4,69.179800,1.3577E-2,67020
3.97085162716132E-05,1.3841E-4,69.149900,1.3590E-2,67010
3.97515161003687E-05,1.3856E-4,69.120000,1.3604E-2,67000
3.97945662562655E-05,1.3871E-4,69.090100,1.3617E-2,66990
3.98376668026118E-05,1.3886E-4,69.060200,1.3631E-2,66980
3.9880817802801E-05,1.3901E-4,69.030300,1.3644E-2,66970
3.99240193203119E-05,1.3916E-4,69.000400,1.3658E-2,66960
3.99672714187086E-05,1.3931E-4,68.970500,1.3672E-2,66950
4.0010574161641E-05,1.3946E-4,68.940600,1.3685E-2,66940
4.00539276128444E-05,1.3961E-4,68.910700,1.3699E-2,66930
4.00973318361399E-05,1.3976E-4,68.880800,1.3713E-2,66920
4.01407868954348E-05,1.3991E-4,68.850900,1.3726E-2,66910
4.01842928547221E-05,1.4006E-4,68.821000,1.3740E-2,66900
4.02278497780812E-05,1.4022E-4,68.791100,1.3754E-2,66890
4.02714577296776E-05,1.4037E-4,68.761200,1.3767E-2,66880
4.03151167737634E-05,1.4052E-4,68.731300,1.3781E-2,66870
4.03588269746771E-05,1.4067E-4,68.701400,1.3795E-2,66860
4.0402588396844E-05,1.4082E-4,68.671500,1.3808E-2,66850
4.04464011047758E-05,1.4098E-4,68.641600,1.3822E-2,66840
4.04902651630716E-05,1.4113E-4,68.611700,1.3836E-2,66830
4.05341806364172E-05,1.4128E-4,68.581800,1.3850E-2,66820
4.05781475895857E-05,1.4144E-4,68.551900,1.3864E-2,66810
4.06221660874375E-05,1.4159E-4,68.522000,1.3877E-2,66800
4.06662361949203E-05,1.4174E-4,68.492100,1.3891E-2,66790
4.07103579770694E-05,1.4190E-4,68.462200,1.3905E-2,66780
4.07545314990077E-05,1.4205E-4,68.432300,1.3919E-2,66770
4.0798756825946E-05,1.4221E-4,68.402400,1.3933E-2,66760
4.08430340231829E-05,1.4236E-4,68.372500,1.3947E-2,66750
4.08873631561051E-05,1.4251E-4,68.342600,1.3961E-2,66740
4.09317442901874E-05,1.4267E-4,68.312700,1.3975E-2,66730
4.0976177490993E-05,1.4282E-4,68.282800,1.3989E-2,66720
4.10206628241733E-05,1.4298E-4,68.252900,1.4003E-2,66710
4.10652003554684E-05,1.4313E-4,68.223000,1.4016E-2,66700
4.1109790150707E-05,1.4329E-4,68.193100,1.4030E-2,66690
4.11544322758068E-05,1.4345E-4,68.163200,1.4044E-2,66680
4.11991267967742E-05,1.4360E-4,68.133300,1.4059E-2,66670
4.12438737797046E-05,1.4376E-4,68.103400,1.4073E-2,66660
4.12886732907829E-05,1.4391E-4,68.073500,1.4087E-2,66650
4.1333525396283E-05,1.4407E-4,68.043600,1.4101E-2,66640
4.13784301625682E-05,1.4423E-4,68.013700,1.4115E-2,66630
4.14233876560918E-05,1.4438E-4,67.983800,1.4129E-2,66620
4.14683979433963E-05,1.4454E-4,67.953900,1.4143E-2,66610
4.15134610911143E-05,1.4470E-4,67.924000,1.4157E-2,66600
4.15585771659683E-05,1.4485E-4,67.894100,1.4171E-2,66590
4.16037462347707E-05,1.4501E-4,67.864200,1.4185E-2,66580
4.16489683644245E-05,1.4517E-4,67.834300,1.4200E-2,66570
4.16942436219226E-05,1.4533E-4,67.804400,1.4214E-2,66560
4.17395720743487E-05,1.4548E-4,67.774500,1.4228E-2,66550
4.17849537888769E-05,1.4564E-4,67.744600,1.4242E-2,66540
4.18303888327721E-05,1.4580E-4,67.714700,1.4256E-2,66530
4.18758772733901E-05,1.4596E-4,67.684800,1.4271E-2,66520
4.19214191781778E-05,1.4612E-4,67.654900,1.4285E-2,66510
4.19670146146729E-05,1.4628E-4,67.625000,1.4299E-2,66500
4.20126636505046E-05,1.4644E-4,67.595100,1.4314E-2,66490
4.20583663533934E-05,1.4660E-4,67.565200,1.4328E-2,66480
4.21041227911514E-05,1.4676E-4,67.535300,1.4342E-2,66470
4.21499330316823E-05,1.4692E-4,67.505400,1.4356E-2,66460
4.21957971429814E-05,1.4707E-4,67.475500,1.4371E-2,66450
4.22417151931363E-05,1.4723E-4,67.445600,1.4385E-2,66440
4.22876872503263E-05,1.4740E-4,67.415700,1.4400E-2,66430
4.2333713382823E-05,1.4756E-4,67.385800,1.4414E-2,66420
4.23797936589904E-05,1.4772E-4,67.355900,1.4428E-2,66410
4.24259281472848E-05,1.4788E-4,67.326000,1.4443E-2,66400
4.24721169162551E-05,1.4804E-4,67.296100,1.4457E-2,66390
4.2518360034543E-05,1.4820E-4,67.266200,1.4472E-2,66380
4.2564657570883E-05,1.4836E-4,67.236300,1.4486E-2,66370
4.26110095941026E-05,1.4852E-4,67.206400,1.4501E-2,66360
4.26574161731223E-05,1.4868E-4,67.176500,1.4515E-2,66350
4.27038773769559E-05,1.4885E-4,67.146600,1.4530E-2,66340
4.27503932747107E-05,1.4901E-4,67.116700,1.4544E-2,66330
4.27969639355873E-05,1.4917E-4,67.086800,1.4559E-2,66320
4.284358942888E-05,1.4933E-4,67.056900,1.4574E-2,66310
4.28902698239772E-05,1.4950E-4,67.027000,1.4588E-2,66300
4.29370051903608E-05,1.4966E-4,66.997100,1.4603E-2,66290
4.29837955976069E-05,1.4982E-4,66.967200,1.4617E-2,66280
4.30306411153859E-05,1.4998E-4,66.937300,1.4632E-2,66270
4.30775418134622E-05,1.5015E-4,66.907400,1.4647E-2,66260
4.31244977616953E-05,1.5031E-4,66.877500,1.4661E-2,66250
4.31715090300386E-05,1.5048E-4,66.847600,1.4676E-2,66240
4.32185756885406E-05,1.5064E-4,66.817700,1.4691E-2,66230
4.32656978073446E-05,1.5080E-4,66.787800,1.4705E-2,66220
4.3312875456689E-05,1.5097E-4,66.757900,1.4720E-2,66210
4.33601087069071E-05,1.5113E-4,66.728000,1.4735E-2,66200
4.34073976284278E-05,1.5130E-4,66.698100,1.4750E-2,66190
4.34547422917751E-05,1.5146E-4,66.668200,1.4765E-2,66180
4.35021427675687E-05,1.5163E-4,66.638300,1.4779E-2,66170
4.35495991265241E-05,1.5179E-4,66.608400,1.4794E-2,66160
4.35971114394526E-05,1.5196E-4,66.578500,1.4809E-2,66150
4.36446797772612E-05,1.5213E-4,66.548600,1.4824E-2,66140
4.36923042109534E-05,1.5229E-4,66.518700,1.4839E-2,66130
4.37399848116287E-05,1.5246E-4,66.488800,1.4854E-2,66120
4.37877216504832E-05,1.5262E-4,66.458900,1.4869E-2,66110
4.38355147988092E-05,1.5279E-4,66.429000,1.4883E-2,66100
4.38833643279959E-05,1.5296E-4,66.399100,1.4898E-2,66090
4.39312703095294E-05,1.5312E-4,66.369200,1.4913E-2,66080
4.39792328149924E-05,1.5329E-4,66.339300,1.4928E-2,66070
4.4027251916065E-05,1.5346E-4,66.309400,1.4943E-2,66060
4.40753276845245E-05,1.5363E-4,66.279500,1.4958E-2,66050
4.41234601922453E-05,1.5379E-4,66.249600,1.4973E-2,66040
4.41716495111996E-05,1.5396E-4,66.219700,1.4988E-2,66030
4.42198957134571E-05,1.5413E-4,66.189800,1.5003E-2,66020
4.42681988711854E-05,1.5430E-4,66.159900,1.5018E-2,66010
4.43165590566499E-05,1.5447E-4,66.130000,1.5034E-2,66000
4.43649763422141E-05,1.5464E-4,66.100100,1.5049E-2,65990
4.44134508003399E-05,1.5480E-4,66.070200,1.5064E-2,65980
4.44619825035872E-05,1.5497E-4,66.040300,1.5079E-2,65970
4.45105715246148E-05,1.5514E-4,66.010400,1.5094E-2,65960
4.45592179361798E-05,1.5531E-4,65.980500,1.5109E-2,65950
4.46079218111382E-05,1.5548E-4,65.950600,1.5124E-2,65940
4.46566832224451E-05,1.5565E-4,65.920700,1.5140E-2,65930
4.47055022431545E-05,1.5582E-4,65.890800,1.5155E-2,65920
4.47543789464195E-05,1.5599E-4,65.860900,1.5170E-2,65910
4.48033134054927E-05,1.5616E-4,65.831000,1.5185E-2,65900
4.48523056937263E-05,1.5633E-4,65.801100,1.5200E-2,65890
4.4901355884572E-05,1.5651E-4,65.771200,1.5216E-2,65880
4.49504640515813E-05,1.5668E-4,65.741300,1.5231E-2,65870
4.49996302684056E-05,1.5685E-4,65.711400,1.5246E-2,65860
4.50488546087965E-05,1.5702E-4,65.681500,1.5262E-2,65850
4.50981371466058E-05,1.5719E-4,65.651600,1.5277E-2,65840
4.51474779557855E-05,1.5736E-4,65.621700,1.5292E-2,65830
4.51968771103883E-05,1.5754E-4,65.591800,1.5308E-2,65820
4.52463346845675E-05,1.5771E-4,65.561900,1.5323E-2,65810
4.52958507525772E-05,1.5788E-4,65.532000,1.5339E-2,65800
4.53454253887723E-05,1.5805E-4,65.502100,1.5354E-2,65790
4.5395058667609E-05,1.5823E-4,65.472200,1.5370E-2,65780
4.54447506636448E-05,1.5840E-4,65.442300,1.5385E-2,65770
4.54945014515383E-05,1.5857E-4,65.412400,1.5400E-2,65760
4.55443111060498E-05,1.5875E-4,65.382500,1.5416E-2,65750
4.55941797020414E-05,1.5892E-4,65.352600,1.5431E-2,65740
4.56441073144768E-05,1.5909E-4,65.322700,1.5447E-2,65730
4.56940940184219E-05,1.5927E-4,65.292800,1.5463E-2,65720
4.57441398890446E-05,1.5944E-4,65.262900,1.5478E-2,65710
4.5794245001615E-05,1.5962E-4,65.233000,1.5494E-2,65700
4.58444094315058E-05,1.5979E-4,65.203100,1.5509E-2,65690
4.58946332541921E-05,1.5997E-4,65.173200,1.5525E-2,65680
4.59449165452518E-05,1.6014E-4,65.143300,1.5541E-2,65670
4.59952593803657E-05,1.6032E-4,65.113400,1.5556E-2,65660
4.60456618353175E-05,1.6049E-4,65.083500,1.5572E-2,65650
4.60961239859943E-05,1.6067E-4,65.053600,1.5588E-2,65640
4.61466459083861E-05,1.6085E-4,65.023700,1.5603E-2,65630
4.61972276785869E-05,1.6102E-4,64.993800,1.5619E-2,65620
4.62478693727938E-05,1.6120E-4,64.963900,1.5635E-2,65610
4.62985710673081E-05,1.6138E-4,64.934000,1.5650E-2,65600
4.63493328385347E-05,1.6155E-4,64.904100,1.5666E-2,65590
4.64001547629827E-05,1.6173E-4,64.874200,1.5682E-2,65580
4.64510369172655E-05,1.6191E-4,64.844300,1.5698E-2,65570
4.65019793781006E-05,1.6208E-4,64.814400,1.5714E-2,65560
4.65529822223103E-05,1.6226E-4,64.784500,1.5730E-2,65550
4.66040455268215E-05,1.6244E-4,64.754600,1.5745E-2,65540
4.66551693686658E-05,1.6262E-4,64.724700,1.5761E-2,65530
4.67063538249798E-05,1.6280E-4,64.694800,1.5777E-2,65520
4.67575989730055E-05,1.6298E-4,64.664900,1.5793E-2,65510
4.68089048900897E-05,1.6315E-4,64.635000,1.5809E-2,65500
4.68602716536851E-05,1.6333E-4,64.605100,1.5825E-2,65490
4.69116993413498E-05,1.6351E-4,64.575200,1.5841E-2,65480
4.69631880307475E-05,1.6369E-4,64.545300,1.5857E-2,65470
4.7014737799648E-05,1.6387E-4,64.515400,1.5873E-2,65460
4.70663487259271E-05,1.6405E-4,64.485500,1.5889E-2,65450
4.71180208875668E-05,1.6423E-4,64.455600,1.5905E-2,65440
4.71697543626552E-05,1.6441E-4,64.425700,1.5921E-2,65430
4.72215492293874E-05,1.6459E-4,64.395800,1.5937E-2,65420
4.72734055660648E-05,1.6477E-4,64.365900,1.5953E-2,65410
4.73253234510957E-05,1.6495E-4,64.336000,1.5969E-2,65400
4.73773029629953E-05,1.6514E-4,64.306100,1.5985E-2,65390
4.74293441803863E-05,1.6532E-4,64.276200,1.6002E-2,65380
4.74814471819981E-05,1.6550E-4,64.246300,1.6018E-2,65370
4.75336120466681E-05,1.6568E-4,64.216400,1.6034E-2,65360
4.75858388533409E-05,1.6586E-4,64.186500,1.6050E-2,65350
4.76381276810692E-05,1.6604E-4,64.156600,1.6066E-2,65340
4.76904786090131E-05,1.6623E-4,64.126700,1.6083E-2,65330
4.77428917164414E-05,1.6641E-4,64.096800,1.6099E-2,65320
4.77953670827307E-05,1.6659E-4,64.066900,1.6115E-2,65310
4.7847904787366E-05,1.6678E-4,64.037000,1.6131E-2,65300
4.7900504909941E-05,1.6696E-4,64.007100,1.6148E-2,65290
4.79531675301581E-05,1.6714E-4,63.977200,1.6164E-2,65280
4.80058927278284E-05,1.6733E-4,63.947300,1.6180E-2,65270
4.80586805828721E-05,1.6751E-4,63.917400,1.6197E-2,65260
4.81115311753186E-05,1.6769E-4,63.887500,1.6213E-2,65250
4.81644445853067E-05,1.6788E-4,63.857600,1.6229E-2,65240
4.82174208930843E-05,1.6806E-4,63.827700,1.6246E-2,65230
4.82704601790096E-05,1.6825E-4,63.797800,1.6262E-2,65220
4.83235625235502E-05,1.6843E-4,63.767900,1.6279E-2,65210
4.83767280072835E-05,1.6862E-4,63.738000,1.6295E-2,65200
4.84299567108975E-05,1.6880E-4,63.708100,1.6312E-2,65190
4.84832487151901E-05,1.6899E-4,63.678200,1.6328E-2,65180
4.85366041010699E-05,1.6918E-4,63.648300,1.6345E-2,65170
4.85900229495559E-05,1.6936E-4,63.618400,1.6361E-2,65160
4.86435053417782E-05,1.6955E-4,63.588500,1.6378E-2,65150
4.86970513589773E-05,1.6974E-4,63.558600,1.6394E-2,65140
4.87506610825053E-05,1.6992E-4,63.528700,1.6411E-2,65130
4.88043345938254E-05,1.7011E-4,63.498800,1.6427E-2,65120
4.88580719745121E-05,1.7030E-4,63.468900,1.6444E-2,65110
4.89118733062516E-05,1.7048E-4,63.439000,1.6461E-2,65100
4.89657386708417E-05,1.7067E-4,63.409100,1.6477E-2,65090
4.90196681501925E-05,1.7086E-4,63.379200,1.6494E-2,65080
4.90736618263257E-05,1.7105E-4,63.349300,1.6511E-2,65070
4.91277197813754E-05,1.7124E-4,63.319400,1.6528E-2,65060
4.91818420975882E-05,1.7143E-4,63.289500,1.6544E-2,65050
4.92360288573232E-05,1.7161E-4,63.259600,1.6561E-2,65040
4.92902801430522E-05,1.7180E-4,63.229700,1.6578E-2,65030
4.93445960373598E-05,1.7199E-4,63.199800,1.6595E-2,65020
4.93989766229438E-05,1.7218E-4,63.169900,1.6611E-2,65010
4.94534219826152E-05,1.7237E-4,63.140000,1.6628E-2,65000
4.95079321992984E-05,1.7256E-4,63.110100,1.6645E-2,64990
4.95625073560311E-05,1.7275E-4,63.080200,1.6662E-2,64980
4.96171475359651E-05,1.7294E-4,63.050300,1.6679E-2,64970
4.96718528223659E-05,1.7313E-4,63.020400,1.6696E-2,64960
4.9726623298613E-05,1.7332E-4,62.990500,1.6713E-2,64950
4.97814590482001E-05,1.7352E-4,62.960600,1.6730E-2,64940
4.98363601547354E-05,1.7371E-4,62.930700,1.6747E-2,64930
4.98913267019416E-05,1.7390E-4,62.900800,1.6764E-2,64920
4.9946358773656E-05,1.7409E-4,62.870900,1.6781E-2,64910
5.0001456453831E-05,1.7428E-4,62.841000,1.6798E-2,64900
5.00566198265339E-05,1.7447E-4,62.811100,1.6815E-2,64890
5.01118489759471E-05,1.7467E-4,62.781200,1.6832E-2,64880
5.01671439863687E-05,1.7486E-4,62.751300,1.6849E-2,64870
5.0222504942212E-05,1.7505E-4,62.721400,1.6866E-2,64860
5.02779319280064E-05,1.7525E-4,62.691500,1.6883E-2,64850
5.03334250283969E-05,1.7544E-4,62.661600,1.6900E-2,64840
5.03889843281447E-05,1.7563E-4,62.631700,1.6917E-2,64830
5.04446099121271E-05,1.7583E-4,62.601800,1.6934E-2,64820
5.0500301865338E-05,1.7602E-4,62.571900,1.6952E-2,64810
5.05560602728876E-05,1.7621E-4,62.542000,1.6969E-2,64800
5.06118852200031E-05,1.7641E-4,62.512100,1.6986E-2,64790
5.06677767920284E-05,1.7660E-4,62.482200,1.7003E-2,64780
5.07237350744247E-05,1.7680E-4,62.452300,1.7020E-2,64770
5.07797601527704E-05,1.7699E-4,62.422400,1.7038E-2,64760
5.0835852112761E-05,1.7719E-4,62.392500,1.7055E-2,64750
5.089201104021E-05,1.7739E-4,62.362600,1.7072E-2,64740
5.09482370210485E-05,1.7758E-4,62.332700,1.7090E-2,64730
5.10045301413255E-05,1.7778E-4,62.302800,1.7107E-2,64720
5.10608904872084E-05,1.7797E-4,62.272900,1.7124E-2,64710
5.11173181449824E-05,1.7817E-4,62.243000,1.7142E-2,64700
5.11738132010515E-05,1.7837E-4,62.213100,1.7159E-2,64690
5.12303757419383E-05,1.7857E-4,62.183200,1.7177E-2,64680
5.12870058542841E-05,1.7876E-4,62.153300,1.7194E-2,64670
5.13437036248492E-05,1.7896E-4,62.123400,1.7212E-2,64660
5.14004691405131E-05,1.7916E-4,62.093500,1.7229E-2,64650
5.14573024882746E-05,1.7936E-4,62.063600,1.7247E-2,64640
5.1514203755252E-05,1.7955E-4,62.033700,1.7264E-2,64630
5.15711730286833E-05,1.7975E-4,62.003800,1.7282E-2,64620
5.16282103959262E-05,1.7995E-4,61.973900,1.7299E-2,64610
5.16853159444587E-05,1.8015E-4,61.944000,1.7317E-2,64600
5.17424897618787E-05,1.8035E-4,61.914100,1.7334E-2,64590
5.17997319359047E-05,1.8055E-4,61.884200,1.7352E-2,64580
5.18570425543758E-05,1.8075E-4,61.854300,1.7370E-2,64570
5.19144217052517E-05,1.8095E-4,61.824400,1.7387E-2,64560
5.19718694766128E-05,1.8115E-4,61.794500,1.7405E-2,64550
5.2029385956661E-05,1.8135E-4,61.764600,1.7423E-2,64540
5.20869712337193E-05,1.8155E-4,61.734700,1.7441E-2,64530
5.21446253962319E-05,1.8175E-4,61.704800,1.7458E-2,64520
5.22023485327649E-05,1.8195E-4,61.674900,1.7476E-2,64510
5.22601407320062E-05,1.8215E-4,61.645000,1.7494E-2,64500
5.23180020827656E-05,1.8236E-4,61.615100,1.7512E-2,64490
5.23759326739749E-05,1.8256E-4,61.585200,1.7529E-2,64480
5.24339325946884E-05,1.8276E-4,61.555300,1.7547E-2,64470
5.24920019340829E-05,1.8296E-4,61.525400,1.7565E-2,64460
5.25501407814579E-05,1.8317E-4,61.495500,1.7583E-2,64450
5.26083492262358E-05,1.8337E-4,61.465600,1.7601E-2,64440
5.26666273579618E-05,1.8357E-4,61.435700,1.7619E-2,64430
5.27249752663047E-05,1.8377E-4,61.405800,1.7637E-2,64420
5.27833930410564E-05,1.8398E-4,61.375900,1.7655E-2,64410
5.28418807721325E-05,1.8418E-4,61.346000,1.7673E-2,64400
5.29004385495725E-05,1.8439E-4,61.316100,1.7691E-2,64390
5.29590664635397E-05,1.8459E-4,61.286200,1.7709E-2,64380
5.30177646043215E-05,1.8480E-4,61.256300,1.7727E-2,64370
5.30765330623298E-05,1.8500E-4,61.226400,1.7745E-2,64360
5.31353719281008E-05,1.8521E-4,61.196500,1.7763E-2,64350
5.31942812922954E-05,1.8541E-4,61.166600,1.7781E-2,64340
5.32532612456997E-05,1.8562E-4,61.136700,1.7799E-2,64330
5.33123118792244E-05,1.8582E-4,61.106800,1.7817E-2,64320
5.33714332839056E-05,1.8603E-4,61.076900,1.7836E-2,64310
5.3430625550905E-05,1.8623E-4,61.047000,1.7854E-2,64300
5.34898887715095E-05,1.8644E-4,61.017100,1.7872E-2,64290
5.35492230371323E-05,1.8665E-4,60.987200,1.7890E-2,64280
5.3608628439312E-05,1.8685E-4,60.957300,1.7908E-2,64270
5.36681050697138E-05,1.8706E-4,60.927400,1.7927E-2,64260
5.37276530201291E-05,1.8727E-4,60.897500,1.7945E-2,64250
5.37872723824758E-05,1.8748E-4,60.867600,1.7963E-2,64240
5.38469632487983E-05,1.8769E-4,60.837700,1.7982E-2,64230
5.39067257112684E-05,1.8789E-4,60.807800,1.8000E-2,64220
5.39665598621844E-05,1.8810E-4,60.777900,1.8018E-2,64210
5.40264657939723E-05,1.8831E-4,60.748000,1.8037E-2,64200
5.40864435991855E-05,1.8852E-4,60.718100,1.8055E-2,64190
5.41464933705049E-05,1.8873E-4,60.688200,1.8073E-2,64180
5.42066152007392E-05,1.8894E-4,60.658300,1.8092E-2,64170
5.42668091828253E-05,1.8915E-4,60.628400,1.8110E-2,64160
5.43270754098282E-05,1.8936E-4,60.598500,1.8129E-2,64150
5.43874139749413E-05,1.8957E-4,60.568600,1.8147E-2,64140
5.44478249714865E-05,1.8978E-4,60.538700,1.8166E-2,64130
5.45083084929146E-05,1.8999E-4,60.508800,1.8184E-2,64120
5.45688646328055E-05,1.9020E-4,60.478900,1.8203E-2,64110
5.46294934848678E-05,1.9041E-4,60.449000,1.8222E-2,64100
5.46901951429398E-05,1.9062E-4,60.419100,1.8240E-2,64090
5.47509697009893E-05,1.9084E-4,60.389200,1.8259E-2,64080
5.48118172531137E-05,1.9105E-4,60.359300,1.8278E-2,64070
5.48727378935403E-05,1.9126E-4,60.329400,1.8296E-2,64060
5.49337317166268E-05,1.9147E-4,60.299500,1.8315E-2,64050
5.49947988168609E-05,1.9169E-4,60.269600,1.8334E-2,64040
5.50559392888607E-05,1.9190E-4,60.239700,1.8352E-2,64030
5.51171532273753E-05,1.9211E-4,60.209800,1.8371E-2,64020
5.51784407272845E-05,1.9233E-4,60.179900,1.8390E-2,64010
5.52398018835991E-05,1.9254E-4,60.150000,1.8409E-2,64000
5.53012367914613E-05,1.9275E-4,60.120100,1.8427E-2,63990
5.53627455461445E-05,1.9297E-4,60.090200,1.8446E-2,63980
5.54243282430541E-05,1.9318E-4,60.060300,1.8465E-2,63970
5.54859849777271E-05,1.9340E-4,60.030400,1.8484E-2,63960
5.55477158458325E-05,1.9361E-4,60.000500,1.8503E-2,63950
5.56095209431717E-05,1.9383E-4,59.970600,1.8522E-2,63940
5.56714003656785E-05,1.9404E-4,59.940700,1.8541E-2,63930
5.5733354209419E-05,1.9426E-4,59.910800,1.8560E-2,63920
5.57953825705926E-05,1.9448E-4,59.880900,1.8579E-2,63910
5.58574855455313E-05,1.9469E-4,59.851000,1.8598E-2,63900
5.59196632307005E-05,1.9491E-4,59.821100,1.8617E-2,63890
5.59819157226989E-05,1.9513E-4,59.791200,1.8636E-2,63880
5.60442431182588E-05,1.9534E-4,59.761300,1.8655E-2,63870
5.61066455142465E-05,1.9556E-4,59.731400,1.8674E-2,63860
5.6169123007662E-05,1.9578E-4,59.701500,1.8693E-2,63850
5.62316756956396E-05,1.9600E-4,59.671600,1.8712E-2,63840
5.6294303675448E-05,1.9622E-4,59.641700,1.8731E-2,63830
5.63570070444905E-05,1.9643E-4,59.611800,1.8751E-2,63820
5.64197859003051E-05,1.9665E-4,59.581900,1.8770E-2,63810
5.64826403405648E-05,1.9687E-4,59.552000,1.8789E-2,63800
5.65455704630779E-05,1.9709E-4,59.522100,1.8808E-2,63790
5.66085763657878E-05,1.9731E-4,59.492200,1.8828E-2,63780
5.66716581467738E-05,1.9753E-4,59.462300,1.8847E-2,63770
5.67348159042508E-05,1.9775E-4,59.432400,1.8866E-2,63760
5.67980497365696E-05,1.9797E-4,59.402500,1.8885E-2,63750
5.68613597422173E-05,1.9819E-4,59.372600,1.8905E-2,63740
5.69247460198173E-05,1.9841E-4,59.342700,1.8924E-2,63730
5.69882086681299E-05,1.9863E-4,59.312800,1.8944E-2,63720
5.70517477860516E-05,1.9886E-4,59.282900,1.8963E-2,63710
5.71153634726162E-05,1.9908E-4,59.253000,1.8982E-2,63700
5.71790558269946E-05,1.9930E-4,59.223100,1.9002E-2,63690
5.72428249484954E-05,1.9952E-4,59.193200,1.9021E-2,63680
5.73066709365645E-05,1.9974E-4,59.163300,1.9041E-2,63670
5.73705938907855E-05,1.9997E-4,59.133400,1.9060E-2,63660
5.74345939108801E-05,2.0019E-4,59.103500,1.9080E-2,63650
5.74986710967084E-05,2.0041E-4,59.073600,1.9100E-2,63640
5.75628255482685E-05,2.0064E-4,59.043700,1.9119E-2,63630
5.76270573656975E-05,2.0086E-4,59.013800,1.9139E-2,63620
5.7691366649271E-05,2.0109E-4,58.983900,1.9158E-2,63610
5.77557534994039E-05,2.0131E-4,58.954000,1.9178E-2,63600
5.78202180166501E-05,2.0153E-4,58.924100,1.9198E-2,63590
5.78847603017029E-05,2.0176E-4,58.894200,1.9217E-2,63580
5.79493804553955E-05,2.0198E-4,58.864300,1.9237E-2,63570
5.80140785787006E-05,2.0221E-4,58.834400,1.9257E-2,63560
5.80788547727312E-05,2.0244E-4,58.804500,1.9277E-2,63550
5.81437091387405E-05,2.0266E-4,58.774600,1.9296E-2,63540
5.82086417781221E-05,2.0289E-4,58.744700,1.9316E-2,63530
5.82736527924103E-05,2.0311E-4,58.714800,1.9336E-2,63520
5.83387422832803E-05,2.0334E-4,58.684900,1.9356E-2,63510
5.84039103525483E-05,2.0357E-4,58.655000,1.9376E-2,63500
5.84691571021718E-05,2.0380E-4,58.625100,1.9396E-2,63490
5.85344826342499E-05,2.0402E-4,58.595200,1.9416E-2,63480
5.85998870510234E-05,2.0425E-4,58.565300,1.9436E-2,63470
5.86653704548748E-05,2.0448E-4,58.535400,1.9456E-2,63460
5.87309329483291E-05,2.0471E-4,58.505500,1.9476E-2,63450
5.87965746340533E-05,2.0494E-4,58.475600,1.9496E-2,63440
5.8862295614857E-05,2.0517E-4,58.445700,1.9516E-2,63430
5.89280959936929E-05,2.0540E-4,58.415800,1.9536E-2,63420
5.89939758736563E-05,2.0563E-4,58.385900,1.9556E-2,63410
5.90599353579858E-05,2.0586E-4,58.356000,1.9576E-2,63400
5.91259745500633E-05,2.0609E-4,58.326100,1.9596E-2,63390
5.91920935534145E-05,2.0632E-4,58.296200,1.9616E-2,63380
5.92582924717089E-05,2.0655E-4,58.266300,1.9636E-2,63370
5.93245714087597E-05,2.0678E-4,58.236400,1.9656E-2,63360
5.93909304685248E-05,2.0701E-4,58.206500,1.9677E-2,63350
5.94573697551063E-05,2.0724E-4,58.176600,1.9697E-2,63340
5.9523889372751E-05,2.0747E-4,58.146700,1.9717E-2,63330
5.95904894258505E-05,2.0770E-4,58.116800,1.9737E-2,63320
5.96571700189419E-05,2.0794E-4,58.086900,1.9758E-2,63310
5.97239312567071E-05,2.0817E-4,58.057000,1.9778E-2,63300
5.97907732439739E-05,2.0840E-4,58.027100,1.9798E-2,63290
5.98576960857156E-05,2.0864E-4,57.997200,1.9819E-2,63280
5.99246998870516E-05,2.0887E-4,57.967300,1.9839E-2,63270
5.99917847532474E-05,2.0910E-4,57.937400,1.9860E-2,63260
6.00589507897149E-05,2.0934E-4,57.907500,1.9880E-2,63250
6.01261981020128E-05,2.0957E-4,57.877600,1.9900E-2,63240
6.01935267958464E-05,2.0981E-4,57.847700,1.9921E-2,63230
6.02609369770682E-05,2.1004E-4,57.817800,1.9941E-2,63220
6.03284287516777E-05,2.1028E-4,57.787900,1.9962E-2,63210
6.03960022258224E-05,2.1051E-4,57.758000,1.9983E-2,63200
6.04636575057968E-05,2.1075E-4,57.728100,2.0003E-2,63190
6.05313946980437E-05,2.1098E-4,57.698200,2.0024E-2,63180
6.05992139091544E-05,2.1122E-4,57.668300,2.0044E-2,63170
6.06671152458679E-05,2.1146E-4,57.638400,2.0065E-2,63160
6.07350988150721E-05,2.1169E-4,57.608500,2.0086E-2,63150
6.08031647238038E-05,2.1193E-4,57.578600,2.0106E-2,63140
6.08713130792485E-05,2.1217E-4,57.548700,2.0127E-2,63130
6.09395439887413E-05,2.1241E-4,57.518800,2.0148E-2,63120
6.10078575597665E-05,2.1265E-4,57.488900,2.0169E-2,63110
6.10762538999581E-05,2.1288E-4,57.459000,2.0189E-2,63100
6.11447331171002E-05,2.1312E-4,57.429100,2.0210E-2,63090
6.12132953191269E-05,2.1336E-4,57.399200,2.0231E-2,63080
6.12819406141227E-05,2.1360E-4,57.369300,2.0252E-2,63070
6.13506691103224E-05,2.1384E-4,57.339400,2.0273E-2,63060
6.1419480916112E-05,2.1408E-4,57.309500,2.0294E-2,63050
6.14883761400282E-05,2.1432E-4,57.279600,2.0315E-2,63040
6.15573548907593E-05,2.1456E-4,57.249700,2.0335E-2,63030
6.16264172771447E-05,2.1480E-4,57.219800,2.0356E-2,63020
6.16955634081758E-05,2.1504E-4,57.189900,2.0377E-2,63010
6.17647933929957E-05,2.1528E-4,57.160000,2.0398E-2,63000
6.18341073408996E-05,2.1552E-4,57.130100,2.0419E-2,62990
6.19035053613354E-05,2.1577E-4,57.100200,2.0441E-2,62980
6.19729875639033E-05,2.1601E-4,57.070300,2.0462E-2,62970
6.20425540583563E-05,2.1625E-4,57.040400,2.0483E-2,62960
6.21122049546007E-05,2.1649E-4,57.010500,2.0504E-2,62950
6.21819403626959E-05,2.1674E-4,56.980600,2.0525E-2,62940
6.22517603928548E-05,2.1698E-4,56.950700,2.0546E-2,62930
6.23216651554441E-05,2.1722E-4,56.920800,2.0567E-2,62920
6.23916547609845E-05,2.1747E-4,56.890900,2.0589E-2,62910
6.24617293201507E-05,2.1771E-4,56.861000,2.0610E-2,62900
6.25318889437721E-05,2.1796E-4,56.831100,2.0631E-2,62890
6.26021337428325E-05,2.1820E-4,56.801200,2.0653E-2,62880
6.26724638284708E-05,2.1845E-4,56.771300,2.0674E-2,62870
6.27428793119807E-05,2.1869E-4,56.741400,2.0695E-2,62860
6.28133803048115E-05,2.1894E-4,56.711500,2.0717E-2,62850
6.2883966918568E-05,2.1918E-4,56.681600,2.0738E-2,62840
6.29546392650109E-05,2.1943E-4,56.651700,2.0759E-2,62830
6.30253974560567E-05,2.1968E-4,56.621800,2.0781E-2,62820
6.30962416037784E-05,2.1992E-4,56.591900,2.0802E-2,62810
6.31671718204052E-05,2.2017E-4,56.562000,2.0824E-2,62800
6.32381882183235E-05,2.2042E-4,56.532100,2.0845E-2,62790
6.33092909100763E-05,2.2067E-4,56.502200,2.0867E-2,62780
6.33804800083638E-05,2.2091E-4,56.472300,2.0888E-2,62770
6.34517556260438E-05,2.2116E-4,56.442400,2.0910E-2,62760
6.35231178761317E-05,2.2141E-4,56.412500,2.0932E-2,62750
6.35945668718007E-05,2.2166E-4,56.382600,2.0953E-2,62740
6.36661027263823E-05,2.2191E-4,56.352700,2.0975E-2,62730
6.37377255533663E-05,2.2216E-4,56.322800,2.0997E-2,62720
6.38094354664011E-05,2.2241E-4,56.292900,2.1018E-2,62710
6.38812325792939E-05,2.2266E-4,56.263000,2.1040E-2,62700
6.3953117006011E-05,2.2291E-4,56.233100,2.1062E-2,62690
6.40250888606782E-05,2.2316E-4,56.203200,2.1084E-2,62680
6.40971482575805E-05,2.2341E-4,56.173300,2.1105E-2,62670
6.41692953111628E-05,2.2366E-4,56.143400,2.1127E-2,62660
6.42415301360303E-05,2.2392E-4,56.113500,2.1149E-2,62650
6.43138528469483E-05,2.2417E-4,56.083600,2.1171E-2,62640
6.43862635588425E-05,2.2442E-4,56.053700,2.1193E-2,62630
6.44587623867995E-05,2.2467E-4,56.023800,2.1215E-2,62620
6.45313494460667E-05,2.2493E-4,55.993900,2.1237E-2,62610
6.46040248520528E-05,2.2518E-4,55.964000,2.1259E-2,62600
6.46767887203282E-05,2.2543E-4,55.934100,2.1281E-2,62590
6.47496411666246E-05,2.2569E-4,55.904200,2.1303E-2,62580
6.4822582306836E-05,2.2594E-4,55.874300,2.1325E-2,62570
6.48956122570183E-05,2.2620E-4,55.844400,2.1347E-2,62560
6.49687311333901E-05,2.2645E-4,55.814500,2.1369E-2,62550
6.50419390523324E-05,2.2671E-4,55.784600,2.1391E-2,62540
6.51152361303893E-05,2.2696E-4,55.754700,2.1413E-2,62530
6.51886224842679E-05,2.2722E-4,55.724800,2.1436E-2,62520
6.5262098230839E-05,2.2747E-4,55.694900,2.1458E-2,62510
6.53356634871368E-05,2.2773E-4,55.665000,2.1480E-2,62500
6.54093183703593E-05,2.2799E-4,55.635100,2.1502E-2,62490
6.54830629978689E-05,2.2824E-4,55.605200,2.1525E-2,62480
6.55568974871923E-05,2.2850E-4,55.575300,2.1547E-2,62470
6.56308219560205E-05,2.2876E-4,55.545400,2.1569E-2,62460
6.57048365222099E-05,2.2902E-4,55.515500,2.1592E-2,62450
6.57789413037816E-05,2.2927E-4,55.485600,2.1614E-2,62440
6.58531364189223E-05,2.2953E-4,55.455700,2.1636E-2,62430
6.59274219859841E-05,2.2979E-4,55.425800,2.1659E-2,62420
6.6001798123485E-05,2.3005E-4,55.395900,2.1681E-2,62410
6.60762649501094E-05,2.3031E-4,55.366000,2.1704E-2,62400
6.61508225847077E-05,2.3057E-4,55.336100,2.1726E-2,62390
6.6225471146297E-05,2.3083E-4,55.306200,2.1749E-2,62380
6.63002107540613E-05,2.3109E-4,55.276300,2.1771E-2,62370
6.63750415273516E-05,2.3135E-4,55.246400,2.1794E-2,62360
6.64499635856863E-05,2.3161E-4,55.216500,2.1817E-2,62350
6.65249770487514E-05,2.3188E-4,55.186600,2.1839E-2,62340
6.66000820364008E-05,2.3214E-4,55.156700,2.1862E-2,62330
6.66752786686563E-05,2.3240E-4,55.126800,2.1885E-2,62320
6.67505670657083E-05,2.3266E-4,55.096900,2.1907E-2,62310
6.68259473479157E-05,2.3292E-4,55.067000,2.1930E-2,62300
6.6901419635806E-05,2.3319E-4,55.037100,2.1953E-2,62290
6.69769840500763E-05,2.3345E-4,55.007200,2.1976E-2,62280
6.70526407115926E-05,2.3371E-4,54.977300,2.1998E-2,62270
6.71283897413909E-05,2.3398E-4,54.947400,2.2021E-2,62260
6.72042312606767E-05,2.3424E-4,54.917500,2.2044E-2,62250
6.72801653908257E-05,2.3451E-4,54.887600,2.2067E-2,62240
6.73561922533843E-05,2.3477E-4,54.857700,2.2090E-2,62230
6.7432311970069E-05,2.3504E-4,54.827800,2.2113E-2,62220
6.75085246627676E-05,2.3530E-4,54.797900,2.2136E-2,62210
6.75848304535388E-05,2.3557E-4,54.768000,2.2159E-2,62200
6.76612294646129E-05,2.3584E-4,54.738100,2.2182E-2,62190
6.77377218183915E-05,2.3610E-4,54.708200,2.2205E-2,62180
6.78143076374485E-05,2.3637E-4,54.678300,2.2228E-2,62170
6.78909870445299E-05,2.3664E-4,54.648400,2.2251E-2,62160
6.79677601625536E-05,2.3690E-4,54.618500,2.2274E-2,62150
6.8044627114611E-05,2.3717E-4,54.588600,2.2297E-2,62140
6.81215880239657E-05,2.3744E-4,54.558700,2.2321E-2,62130
6.81986430140551E-05,2.3771E-4,54.528800,2.2344E-2,62120
6.82757922084895E-05,2.3798E-4,54.498900,2.2367E-2,62110
6.83530357310533E-05,2.3825E-4,54.469000,2.2390E-2,62100
6.84303737057048E-05,2.3852E-4,54.439100,2.2414E-2,62090
6.85078062565764E-05,2.3879E-4,54.409200,2.2437E-2,62080
6.85853335079751E-05,2.3906E-4,54.379300,2.2460E-2,62070
6.86629555843826E-05,2.3933E-4,54.349400,2.2484E-2,62060
6.87406726104557E-05,2.3960E-4,54.319500,2.2507E-2,62050
6.88184847110265E-05,2.3987E-4,54.289600,2.2530E-2,62040
6.88963920111025E-05,2.4014E-4,54.259700,2.2554E-2,62030
6.8974394635867E-05,2.4041E-4,54.229800,2.2577E-2,62020
6.90524927106793E-05,2.4068E-4,54.199900,2.2601E-2,62010
6.91306863610755E-05,2.4096E-4,54.170000,2.2624E-2,62000
6.92089757127679E-05,2.4123E-4,54.140100,2.2648E-2,61990
6.92873608916457E-05,2.4150E-4,54.110200,2.2672E-2,61980
6.93658420237751E-05,2.4178E-4,54.080300,2.2695E-2,61970
6.94444192354001E-05,2.4205E-4,54.050400,2.2719E-2,61960
6.95230926529419E-05,2.4233E-4,54.020500,2.2742E-2,61950
6.96018624029999E-05,2.4260E-4,53.990600,2.2766E-2,61940
6.96807286123517E-05,2.4287E-4,53.960700,2.2790E-2,61930
6.97596914079531E-05,2.4315E-4,53.930800,2.2814E-2,61920
6.98387509169389E-05,2.4343E-4,53.900900,2.2837E-2,61910
6.99179072666228E-05,2.4370E-4,53.871000,2.2861E-2,61900
6.99971605844976E-05,2.4398E-4,53.841100,2.2885E-2,61890
7.0076510998236E-05,2.4425E-4,53.811200,2.2909E-2,61880
7.01559586356902E-05,2.4453E-4,53.781300,2.2933E-2,61870
7.02355036248926E-05,2.4481E-4,53.751400,2.2957E-2,61860
7.03151460940557E-05,2.4509E-4,53.721500,2.2981E-2,61850
7.03948861715729E-05,2.4536E-4,53.691600,2.3004E-2,61840
7.04747239860185E-05,2.4564E-4,53.661700,2.3028E-2,61830
7.05546596661476E-05,2.4592E-4,53.631800,2.3052E-2,61820
7.06346933408971E-05,2.4620E-4,53.601900,2.3076E-2,61810
7.07148251393854E-05,2.4648E-4,53.572000,2.3101E-2,61800
7.07950551909129E-05,2.4676E-4,53.542100,2.3125E-2,61790
7.08753836249623E-05,2.4704E-4,53.512200,2.3149E-2,61780
7.09558105711986E-05,2.4732E-4,53.482300,2.3173E-2,61770
7.103633615947E-05,2.4760E-4,53.452400,2.3197E-2,61760
7.11169605198075E-05,2.4788E-4,53.422500,2.3221E-2,61750
7.11976837824253E-05,2.4816E-4,53.392600,2.3246E-2,61740
7.12785060777215E-05,2.4844E-4,53.362700,2.3270E-2,61730
7.13594275362778E-05,2.4873E-4,53.332800,2.3294E-2,61720
7.14404482888605E-05,2.4901E-4,53.302900,2.3318E-2,61710
7.15215684664198E-05,2.4929E-4,53.273000,2.3343E-2,61700
7.16027882000911E-05,2.4957E-4,53.243100,2.3367E-2,61690
7.16841076211945E-05,2.4986E-4,53.213200,2.3391E-2,61680
7.17655268612354E-05,2.5014E-4,53.183300,2.3416E-2,61670
7.18470460519048E-05,2.5043E-4,53.153400,2.3440E-2,61660
7.19286653250798E-05,2.5071E-4,53.123500,2.3465E-2,61650
7.20103848128234E-05,2.5099E-4,53.093600,2.3489E-2,61640
7.20922046473843E-05,2.5128E-4,53.063700,2.3514E-2,61630
7.21741249611992E-05,2.5157E-4,53.033800,2.3538E-2,61620
7.22561458868908E-05,2.5185E-4,53.003900,2.3563E-2,61610
7.23382675572693E-05,2.5214E-4,52.974000,2.3588E-2,61600
7.24204901053325E-05,2.5242E-4,52.944100,2.3612E-2,61590
7.25028136642659E-05,2.5271E-4,52.914200,2.3637E-2,61580
7.25852383674431E-05,2.5300E-4,52.884300,2.3662E-2,61570
7.2667764348426E-05,2.5329E-4,52.854400,2.3686E-2,61560
7.27503917409653E-05,2.5357E-4,52.824500,2.3711E-2,61550
7.28331206790005E-05,2.5386E-4,52.794600,2.3736E-2,61540
7.29159512966603E-05,2.5415E-4,52.764700,2.3761E-2,61530
7.29988837282628E-05,2.5444E-4,52.734800,2.3786E-2,61520
7.30819181083167E-05,2.5473E-4,52.704900,2.3810E-2,61510
7.31650545715192E-05,2.5502E-4,52.675000,2.3835E-2,61500
7.32482932527593E-05,2.5531E-4,52.645100,2.3860E-2,61490
7.33316342871159E-05,2.5560E-4,52.615200,2.3885E-2,61480
7.34150778098592E-05,2.5589E-4,52.585300,2.3910E-2,61470
7.34986239564502E-05,2.5618E-4,52.555400,2.3935E-2,61460
7.35822728625418E-05,2.5647E-4,52.525500,2.3960E-2,61450
7.36660246639785E-05,2.5677E-4,52.495600,2.3985E-2,61440
7.37498794967969E-05,2.5706E-4,52.465700,2.4010E-2,61430
7.3833837497226E-05,2.5735E-4,52.435800,2.4036E-2,61420
7.39178988016875E-05,2.5764E-4,52.405900,2.4061E-2,61410
7.40020635467959E-05,2.5794E-4,52.376000,2.4086E-2,61400
7.40863318693591E-05,2.5823E-4,52.346100,2.4111E-2,61390
7.41707039063783E-05,2.5852E-4,52.316200,2.4136E-2,61380
7.42551797950489E-05,2.5882E-4,52.286300,2.4162E-2,61370
7.43397596727602E-05,2.5911E-4,52.256400,2.4187E-2,61360
7.44244436770958E-05,2.5941E-4,52.226500,2.4212E-2,61350
7.45092319458342E-05,2.5970E-4,52.196600,2.4238E-2,61340
7.45941246169488E-05,2.6000E-4,52.166700,2.4263E-2,61330
7.46791218286082E-05,2.6030E-4,52.136800,2.4288E-2,61320
7.47642237191768E-05,2.6059E-4,52.106900,2.4314E-2,61310
7.48494304272147E-05,2.6089E-4,52.077000,2.4339E-2,61300
7.49347420914783E-05,2.6119E-4,52.047100,2.4365E-2,61290
7.50201588509203E-05,2.6149E-4,52.017200,2.4390E-2,61280
7.51056808446903E-05,2.6178E-4,51.987300,2.4416E-2,61270
7.51913082121349E-05,2.6208E-4,51.957400,2.4441E-2,61260
7.52770410927982E-05,2.6238E-4,51.927500,2.4467E-2,61250
7.53628796264217E-05,2.6268E-4,51.897600,2.4493E-2,61240
7.54488239529452E-05,2.6298E-4,51.867700,2.4518E-2,61230
7.55348742125064E-05,2.6328E-4,51.837800,2.4544E-2,61220
7.56210305454416E-05,2.6358E-4,51.807900,2.4570E-2,61210
7.57072930922863E-05,2.6388E-4,51.778000,2.4596E-2,61200
7.57936619937748E-05,2.6418E-4,51.748100,2.4621E-2,61190
7.58801373908409E-05,2.6448E-4,51.718200,2.4647E-2,61180
7.59667194246183E-05,2.6478E-4,51.688300,2.4673E-2,61170
7.60534082364406E-05,2.6509E-4,51.658400,2.4699E-2,61160
7.61402039678419E-05,2.6539E-4,51.628500,2.4725E-2,61150
7.62271067605568E-05,2.6569E-4,51.598600,2.4751E-2,61140
7.63141167565211E-05,2.6600E-4,51.568700,2.4777E-2,61130
7.64012340978718E-05,2.6630E-4,51.538800,2.4803E-2,61120
7.64884589269471E-05,2.6660E-4,51.508900,2.4829E-2,61110
7.65757913862875E-05,2.6691E-4,51.479000,2.4855E-2,61100
7.66632316186356E-05,2.6721E-4,51.449100,2.4881E-2,61090
7.67507797669364E-05,2.6752E-4,51.419200,2.4907E-2,61080
7.68384359743376E-05,2.6782E-4,51.389300,2.4933E-2,61070
7.69262003841903E-05,2.6813E-4,51.359400,2.4959E-2,61060
7.70140731400488E-05,2.6844E-4,51.329500,2.4986E-2,61050
7.71020543856711E-05,2.6874E-4,51.299600,2.5012E-2,61040
7.71901442650193E-05,2.6905E-4,51.269700,2.5038E-2,61030
7.72783429222597E-05,2.6936E-4,51.239800,2.5064E-2,61020
7.73666505017633E-05,2.6966E-4,51.209900,2.5091E-2,61010
7.74550671481061E-05,2.6997E-4,51.180000,2.5117E-2,61000
7.75435930060698E-05,2.7028E-4,51.150100,2.5144E-2,60990
7.76322282206404E-05,2.7059E-4,51.120200,2.5170E-2,60980
7.77209729370111E-05,2.7090E-4,51.090300,2.5196E-2,60970
7.78098273005806E-05,2.7121E-4,51.060400,2.5223E-2,60960
7.78987914569543E-05,2.7152E-4,51.030500,2.5249E-2,60950
7.79878655519444E-05,2.7183E-4,51.000600,2.5276E-2,60940
7.80770497315701E-05,2.7214E-4,50.970700,2.5302E-2,60930
7.81663441420582E-05,2.7245E-4,50.940800,2.5329E-2,60920
7.82557489298433E-05,2.7276E-4,50.910900,2.5356E-2,60910
7.83452642415679E-05,2.7308E-4,50.881000,2.5382E-2,60900
7.84348902240829E-05,2.7339E-4,50.851100,2.5409E-2,60890
7.8524627024448E-05,2.7370E-4,50.821200,2.5436E-2,60880
7.86144747899318E-05,2.7401E-4,50.791300,2.5463E-2,60870
7.87044336680122E-05,2.7433E-4,50.761400,2.5489E-2,60860
7.87945038063772E-05,2.7464E-4,50.731500,2.5516E-2,60850
7.88846853529241E-05,2.7496E-4,50.701600,2.5543E-2,60840
7.8974978455761E-05,2.7527E-4,50.671700,2.5570E-2,60830
7.90653832632062E-05,2.7559E-4,50.641800,2.5597E-2,60820
7.91558999237892E-05,2.7590E-4,50.611900,2.5624E-2,60810
7.92465285862506E-05,2.7622E-4,50.582000,2.5651E-2,60800
7.93372693995426E-05,2.7653E-4,50.552100,2.5678E-2,60790
7.94281225128294E-05,2.7685E-4,50.522200,2.5705E-2,60780
7.95190880754873E-05,2.7717E-4,50.492300,2.5732E-2,60770
7.9610166237105E-05,2.7748E-4,50.462400,2.5759E-2,60760
7.9701357147484E-05,2.7780E-4,50.432500,2.5786E-2,60750
7.97926609566395E-05,2.7812E-4,50.402600,2.5813E-2,60740
7.98840778147996E-05,2.7844E-4,50.372700,2.5840E-2,60730
7.99756078724065E-05,2.7876E-4,50.342800,2.5868E-2,60720
8.00672512801165E-05,2.7908E-4,50.312900,2.5895E-2,60710
8.01590081888002E-05,2.7940E-4,50.283000,2.5922E-2,60700
8.02508787495432E-05,2.7972E-4,50.253100,2.5949E-2,60690
8.03428631136462E-05,2.8004E-4,50.223200,2.5977E-2,60680
8.04349614326252E-05,2.8036E-4,50.193300,2.6004E-2,60670
8.0527173858212E-05,2.8068E-4,50.163400,2.6031E-2,60660
8.06195005423546E-05,2.8100E-4,50.133500,2.6059E-2,60650
8.07119416372173E-05,2.8132E-4,50.103600,2.6086E-2,60640
8.08044972951812E-05,2.8165E-4,50.073700,2.6114E-2,60630
8.08971676688446E-05,2.8197E-4,50.043800,2.6141E-2,60620
8.0989952911023E-05,2.8229E-4,50.013900,2.6169E-2,60610
8.108285317475E-05,2.8262E-4,49.984000,2.6197E-2,60600
8.11758686132765E-05,2.8294E-4,49.954100,2.6224E-2,60590
8.12689993800726E-05,2.8327E-4,49.924200,2.6252E-2,60580
8.13622456288268E-05,2.8359E-4,49.894300,2.6280E-2,60570
8.14556075134466E-05,2.8392E-4,49.864400,2.6307E-2,60560
8.15490851880592E-05,2.8424E-4,49.834500,2.6335E-2,60550
8.16426788070111E-05,2.8457E-4,49.804600,2.6363E-2,60540
8.17363885248692E-05,2.8490E-4,49.774700,2.6391E-2,60530
8.18302144964206E-05,2.8522E-4,49.744800,2.6418E-2,60520
8.19241568766732E-05,2.8555E-4,49.714900,2.6446E-2,60510
8.20182158208561E-05,2.8588E-4,49.685000,2.6474E-2,60500
8.21123914844195E-05,2.8621E-4,49.655100,2.6502E-2,60490
8.22066840230357E-05,2.8653E-4,49.625200,2.6530E-2,60480
8.2301093592599E-05,2.8686E-4,49.595300,2.6558E-2,60470
8.23956203492256E-05,2.8719E-4,49.565400,2.6586E-2,60460
8.24902644492551E-05,2.8752E-4,49.535500,2.6614E-2,60450
8.25850260492499E-05,2.8785E-4,49.505600,2.6642E-2,60440
8.26799053059959E-05,2.8818E-4,49.475700,2.6671E-2,60430
8.27749023765027E-05,2.8851E-4,49.445800,2.6699E-2,60420
8.28700174180041E-05,2.8885E-4,49.415900,2.6727E-2,60410
8.29652505879582E-05,2.8918E-4,49.386000,2.6755E-2,60400
8.30606020440481E-05,2.8951E-4,49.356100,2.6783E-2,60390
8.31560719441819E-05,2.8984E-4,49.326200,2.6812E-2,60380
8.32516604464931E-05,2.9018E-4,49.296300,2.6840E-2,60370
8.33473677093413E-05,2.9051E-4,49.266400,2.6868E-2,60360
8.34431938913117E-05,2.9084E-4,49.236500,2.6897E-2,60350
8.35391391512169E-05,2.9118E-4,49.206600,2.6925E-2,60340
8.36352036480955E-05,2.9151E-4,49.176700,2.6954E-2,60330
8.37313875412136E-05,2.9185E-4,49.146800,2.6982E-2,60320
8.3827690990065E-05,2.9218E-4,49.116900,2.7011E-2,60310
8.39241141543712E-05,2.9252E-4,49.087000,2.7039E-2,60300
8.4020657194082E-05,2.9286E-4,49.057100,2.7068E-2,60290
8.41173202693757E-05,2.9319E-4,49.027200,2.7096E-2,60280
8.42141035406596E-05,2.9353E-4,48.997300,2.7125E-2,60270
8.43110071685703E-05,2.9387E-4,48.967400,2.7154E-2,60260
8.4408031313974E-05,2.9421E-4,48.937500,2.7183E-2,60250
8.45051761379668E-05,2.9455E-4,48.907600,2.7211E-2,60240
8.46024418018752E-05,2.9488E-4,48.877700,2.7240E-2,60230
8.46998284672564E-05,2.9522E-4,48.847800,2.7269E-2,60220
8.47973362958987E-05,2.9556E-4,48.817900,2.7298E-2,60210
8.48949654498215E-05,2.9590E-4,48.788000,2.7327E-2,60200
8.49927160912763E-05,2.9625E-4,48.758100,2.7356E-2,60190
8.50905883827464E-05,2.9659E-4,48.728200,2.7385E-2,60180
8.51885824869475E-05,2.9693E-4,48.698300,2.7414E-2,60170
8.52866985668284E-05,2.9727E-4,48.668400,2.7443E-2,60160
8.53849367855708E-05,2.9761E-4,48.638500,2.7472E-2,60150
8.548329730659E-05,2.9796E-4,48.608600,2.7501E-2,60140
8.55817802935352E-05,2.9830E-4,48.578700,2.7530E-2,60130
8.56803859102896E-05,2.9864E-4,48.548800,2.7559E-2,60120
8.57791143209711E-05,2.9899E-4,48.518900,2.7588E-2,60110
8.58779656899327E-05,2.9933E-4,48.489000,2.7617E-2,60100
8.59769401817626E-05,2.9968E-4,48.459100,2.7647E-2,60090
8.60760379612846E-05,3.0002E-4,48.429200,2.7676E-2,60080
8.61752591935582E-05,3.0037E-4,48.399300,2.7705E-2,60070
8.62746040438798E-05,3.0071E-4,48.369400,2.7735E-2,60060
8.63740726777822E-05,3.0106E-4,48.339500,2.7764E-2,60050
8.64736652610353E-05,3.0141E-4,48.309600,2.7793E-2,60040
8.65733819596467E-05,3.0175E-4,48.279700,2.7823E-2,60030
8.66732229398615E-05,3.0210E-4,48.249800,2.7852E-2,60020
8.67731883681632E-05,3.0245E-4,48.219900,2.7882E-2,60010
8.68732784112737E-05,3.0280E-4,48.190000,2.7912E-2,60000
8.69734932361538E-05,3.0315E-4,48.160100,2.7941E-2,59990
8.70738330100035E-05,3.0350E-4,48.130200,2.7971E-2,59980
8.71742979002629E-05,3.0385E-4,48.100300,2.8000E-2,59970
8.72748880746116E-05,3.0420E-4,48.070400,2.8030E-2,59960
8.73756037009697E-05,3.0455E-4,48.040500,2.8060E-2,59950
8.74764449474979E-05,3.0490E-4,48.010600,2.8090E-2,59940
8.75774119825983E-05,3.0525E-4,47.980700,2.8119E-2,59930
8.76785049749141E-05,3.0561E-4,47.950800,2.8149E-2,59920
8.77797240933308E-05,3.0596E-4,47.920900,2.8179E-2,59910
8.78810695069756E-05,3.0631E-4,47.891000,2.8209E-2,59900
8.79825413852187E-05,3.0667E-4,47.861100,2.8239E-2,59890
8.8084139897673E-05,3.0702E-4,47.831200,2.8269E-2,59880
8.81858652141948E-05,3.0737E-4,47.801300,2.8299E-2,59870
8.82877175048841E-05,3.0773E-4,47.771400,2.8329E-2,59860
8.83896969400847E-05,3.0809E-4,47.741500,2.8359E-2,59850
8.84918036903852E-05,3.0844E-4,47.711600,2.8389E-2,59840
8.85940379266191E-05,3.0880E-4,47.681700,2.8419E-2,59830
8.86963998198646E-05,3.0915E-4,47.651800,2.8450E-2,59820
8.87988895414457E-05,3.0951E-4,47.621900,2.8480E-2,59810
8.89015072629324E-05,3.0987E-4,47.592000,2.8510E-2,59800
8.90042531561411E-05,3.1023E-4,47.562100,2.8540E-2,59790
8.91071273931344E-05,3.1059E-4,47.532200,2.8571E-2,59780
8.92101301462225E-05,3.1095E-4,47.502300,2.8601E-2,59770
8.93132615879628E-05,3.1130E-4,47.472400,2.8631E-2,59760
8.94165218911606E-05,3.1166E-4,47.442500,2.8662E-2,59750
8.95199112288692E-05,3.1202E-4,47.412600,2.8692E-2,59740
8.96234297743907E-05,3.1239E-4,47.382700,2.8723E-2,59730
8.97270777012759E-05,3.1275E-4,47.352800,2.8753E-2,59720
8.98308551833255E-05,3.1311E-4,47.322900,2.8784E-2,59710
8.99347623945893E-05,3.1347E-4,47.293000,2.8814E-2,59700
9.00387995093675E-05,3.1383E-4,47.263100,2.8845E-2,59690
9.01429667022106E-05,3.1420E-4,47.233200,2.8876E-2,59680
9.02472641479202E-05,3.1456E-4,47.203300,2.8906E-2,59670
9.0351692021549E-05,3.1492E-4,47.173400,2.8937E-2,59660
9.04562504984013E-05,3.1529E-4,47.143500,2.8968E-2,59650
9.05609397540336E-05,3.1565E-4,47.113600,2.8999E-2,59640
9.06657599642547E-05,3.1602E-4,47.083700,2.9030E-2,59630
9.07707113051261E-05,3.1638E-4,47.053800,2.9061E-2,59620
9.08757939529627E-05,3.1675E-4,47.023900,2.9092E-2,59610
9.09810080843326E-05,3.1712E-4,46.994000,2.9122E-2,59600
9.10863538760584E-05,3.1748E-4,46.964100,2.9153E-2,59590
9.11918315052166E-05,3.1785E-4,46.934200,2.9185E-2,59580
9.12974411491387E-05,3.1822E-4,46.904300,2.9216E-2,59570
9.14031829854112E-05,3.1859E-4,46.874400,2.9247E-2,59560
9.15090571918759E-05,3.1896E-4,46.844500,2.9278E-2,59550
9.16150639466309E-05,3.1933E-4,46.814600,2.9309E-2,59540
9.17212034280304E-05,3.1970E-4,46.784700,2.9340E-2,59530
9.18274758146854E-05,3.2007E-4,46.754800,2.9371E-2,59520
9.19338812854638E-05,3.2044E-4,46.724900,2.9403E-2,59510
9.20404200194912E-05,3.2081E-4,46.695000,2.9434E-2,59500
9.21470921961509E-05,3.2118E-4,46.665100,2.9465E-2,59490
9.22538979950846E-05,3.2155E-4,46.635200,2.9497E-2,59480
9.23608375961926E-05,3.2193E-4,46.605300,2.9528E-2,59470
9.2467911179634E-05,3.2230E-4,46.575400,2.9560E-2,59460
9.25751189258282E-05,3.2267E-4,46.545500,2.9591E-2,59450
9.26824610154535E-05,3.2305E-4,46.515600,2.9623E-2,59440
9.27899376294492E-05,3.2342E-4,46.485700,2.9654E-2,59430
9.28975489490145E-05,3.2380E-4,46.455800,2.9686E-2,59420
9.30052951556102E-05,3.2417E-4,46.425900,2.9718E-2,59410
9.31131764309585E-05,3.2455E-4,46.396000,2.9749E-2,59400
9.32211929570434E-05,3.2493E-4,46.366100,2.9781E-2,59390
9.33293449161111E-05,3.2530E-4,46.336200,2.9813E-2,59380
9.34376324906705E-05,3.2568E-4,46.306300,2.9845E-2,59370
9.35460558634936E-05,3.2606E-4,46.276400,2.9876E-2,59360
9.36546152176158E-05,3.2644E-4,46.246500,2.9908E-2,59350
9.37633107363365E-05,3.2682E-4,46.216600,2.9940E-2,59340
9.38721426032194E-05,3.2719E-4,46.186700,2.9972E-2,59330
9.39811110020924E-05,3.2757E-4,46.156800,3.0004E-2,59320
9.40902161170493E-05,3.2795E-4,46.126900,3.0036E-2,59310
9.41994581324489E-05,3.2834E-4,46.097000,3.0068E-2,59300
9.43088372329159E-05,3.2872E-4,46.067100,3.0100E-2,59290
9.44183536033415E-05,3.2910E-4,46.037200,3.0132E-2,59280
9.45280074288834E-05,3.2948E-4,46.007300,3.0165E-2,59270
9.46377988949667E-05,3.2986E-4,45.977400,3.0197E-2,59260
9.47477281872839E-05,3.3025E-4,45.947500,3.0229E-2,59250
9.48577954917954E-05,3.3063E-4,45.917600,3.0261E-2,59240
9.49680009947301E-05,3.3101E-4,45.887700,3.0294E-2,59230
9.50783448825855E-05,3.3140E-4,45.857800,3.0326E-2,59220
9.51888273421286E-05,3.3178E-4,45.827900,3.0358E-2,59210
9.52994485603956E-05,3.3217E-4,45.798000,3.0391E-2,59200
9.54102087246932E-05,3.3256E-4,45.768100,3.0423E-2,59190
9.55211080225982E-05,3.3294E-4,45.738200,3.0456E-2,59180
9.56321466419584E-05,3.3333E-4,45.708300,3.0488E-2,59170
9.57433247708926E-05,3.3372E-4,45.678400,3.0521E-2,59160
9.58546425977916E-05,3.3410E-4,45.648500,3.0554E-2,59150
9.59661003113183E-05,3.3449E-4,45.618600,3.0586E-2,59140
9.60776981004079E-05,3.3488E-4,45.588700,3.0619E-2,59130
9.61894361542688E-05,3.3527E-4,45.558800,3.0652E-2,59120
9.63013146623824E-05,3.3566E-4,45.528900,3.0684E-2,59110
9.64133338145044E-05,3.3605E-4,45.499000,3.0717E-2,59100
9.65254938006641E-05,3.3644E-4,45.469100,3.0750E-2,59090
9.66377948111661E-05,3.3683E-4,45.439200,3.0783E-2,59080
9.67502370365895E-05,3.3723E-4,45.409300,3.0816E-2,59070
9.68628206677892E-05,3.3762E-4,45.379400,3.0849E-2,59060
9.69755458958957E-05,3.3801E-4,45.349500,3.0882E-2,59050
9.70884129123161E-05,3.3841E-4,45.319600,3.0915E-2,59040
9.72014219087344E-05,3.3880E-4,45.289700,3.0948E-2,59030
9.7314573077111E-05,3.3919E-4,45.259800,3.0981E-2,59020
9.74278666096846E-05,3.3959E-4,45.229900,3.1014E-2,59010
9.75413026989719E-05,3.3998E-4,45.200000,3.1047E-2,59000
9.76548815377678E-05,3.4038E-4,45.170100,3.1081E-2,58990
9.77686033191462E-05,3.4078E-4,45.140200,3.1114E-2,58980
9.78824682364602E-05,3.4117E-4,45.110300,3.1147E-2,58970
9.7996476483343E-05,3.4157E-4,45.080400,3.1181E-2,58960
9.81106282537073E-05,3.4197E-4,45.050500,3.1214E-2,58950
9.82249237417473E-05,3.4237E-4,45.020600,3.1247E-2,58940
9.83393631419376E-05,3.4277E-4,44.990700,3.1281E-2,58930
9.84539466490345E-05,3.4316E-4,44.960800,3.1314E-2,58920
9.85686744580761E-05,3.4356E-4,44.930900,3.1348E-2,58910
9.8683546764383E-05,3.4396E-4,44.901000,3.1381E-2,58900
9.87985637635583E-05,3.4437E-4,44.871100,3.1415E-2,58890
9.89137256514885E-05,3.4477E-4,44.841200,3.1449E-2,58880
9.90290326243438E-05,3.4517E-4,44.811300,3.1482E-2,58870
9.91444848785786E-05,3.4557E-4,44.781400,3.1516E-2,58860
9.92600826109314E-05,3.4597E-4,44.751500,3.1550E-2,58850
9.93758260184261E-05,3.4638E-4,44.721600,3.1584E-2,58840
9.94917152983718E-05,3.4678E-4,44.691700,3.1618E-2,58830
9.96077506483634E-05,3.4719E-4,44.661800,3.1652E-2,58820
9.97239322662822E-05,3.4759E-4,44.631900,3.1685E-2,58810
9.98402603502963E-05,3.4800E-4,44.602000,3.1719E-2,58800
9.99567350988607E-05,3.4840E-4,44.572100,3.1753E-2,58790
0.000100073356711,3.4881E-4,44.542200,3.1788E-2,58780
0.000100190125385,3.4922E-4,44.512300,3.1822E-2,58770
0.000100307041321,3.4962E-4,44.482400,3.1856E-2,58760
0.000100424104718,3.5003E-4,44.452500,3.1890E-2,58750
0.000100541315776,3.5044E-4,44.422600,3.1924E-2,58740
0.000100658674696,3.5085E-4,44.392700,3.1958E-2,58730
0.000100776181677,3.5126E-4,44.362800,3.1993E-2,58720
0.000100893836921,3.5167E-4,44.332900,3.2027E-2,58710
0.000101011640629,3.5208E-4,44.303000,3.2061E-2,58700
0.000101129593001,3.5249E-4,44.273100,3.2096E-2,58690
0.00010124769424,3.5290E-4,44.243200,3.2130E-2,58680
0.000101365944548,3.5331E-4,44.213300,3.2165E-2,58670
0.000101484344127,3.5373E-4,44.183400,3.2199E-2,58660
0.000101602893179,3.5414E-4,44.153500,3.2234E-2,58650
0.000101721591907,3.5455E-4,44.123600,3.2268E-2,58640
0.000101840440514,3.5497E-4,44.093700,3.2303E-2,58630
0.000101959439204,3.5538E-4,44.063800,3.2338E-2,58620
0.00010207858818,3.5580E-4,44.033900,3.2373E-2,58610
0.000102197887647,3.5621E-4,44.004000,3.2407E-2,58600
0.000102317337809,3.5663E-4,43.974100,3.2442E-2,58590
0.000102436938869,3.5705E-4,43.944200,3.2477E-2,58580
0.000102556691034,3.5746E-4,43.914300,3.2512E-2,58570
0.000102676594508,3.5788E-4,43.884400,3.2547E-2,58560
0.000102796649497,3.5830E-4,43.854500,3.2582E-2,58550
0.000102916856206,3.5872E-4,43.824600,3.2617E-2,58540
0.000103037214842,3.5914E-4,43.794700,3.2652E-2,58530
0.000103157725611,3.5956E-4,43.764800,3.2687E-2,58520
0.00010327838872,3.5998E-4,43.734900,3.2722E-2,58510
0.000103399204375,3.6040E-4,43.705000,3.2757E-2,58500
0.000103520172785,3.6082E-4,43.675100,3.2793E-2,58490
0.000103641294156,3.6125E-4,43.645200,3.2828E-2,58480
0.000103762568696,3.6167E-4,43.615300,3.2863E-2,58470
0.000103883996614,3.6209E-4,43.585400,3.2899E-2,58460
0.000104005578118,3.6252E-4,43.555500,3.2934E-2,58450
0.000104127313417,3.6294E-4,43.525600,3.2969E-2,58440
0.00010424920272,3.6336E-4,43.495700,3.3005E-2,58430
0.000104371246236,3.6379E-4,43.465800,3.3040E-2,58420
0.000104493444176,3.6422E-4,43.435900,3.3076E-2,58410
0.000104615796748,3.6464E-4,43.406000,3.3112E-2,58400
0.000104738304164,3.6507E-4,43.376100,3.3147E-2,58390
0.000104860966634,3.6550E-4,43.346200,3.3183E-2,58380
0.000104983784369,3.6592E-4,43.316300,3.3219E-2,58370
0.00010510675758,3.6635E-4,43.286400,3.3254E-2,58360
0.000105229886479,3.6678E-4,43.256500,3.3290E-2,58350
0.000105353171278,3.6721E-4,43.226600,3.3326E-2,58340
0.000105476612188,3.6764E-4,43.196700,3.3362E-2,58330
0.000105600209422,3.6807E-4,43.166800,3.3398E-2,58320
0.000105723963193,3.6850E-4,43.136900,3.3434E-2,58310
0.000105847873715,3.6894E-4,43.107000,3.3470E-2,58300
0.0001059719412,3.6937E-4,43.077100,3.3506E-2,58290
0.000106096165861,3.6980E-4,43.047200,3.3542E-2,58280
0.000106220547915,3.7024E-4,43.017300,3.3578E-2,58270
0.000106345087573,3.7067E-4,42.987400,3.3614E-2,58260
0.000106469785052,3.7110E-4,42.957500,3.3651E-2,58250
0.000106594640566,3.7154E-4,42.927600,3.3687E-2,58240
0.00010671965433,3.7198E-4,42.897700,3.3723E-2,58230
0.00010684482656,3.7241E-4,42.867800,3.3760E-2,58220
0.000106970157472,3.7285E-4,42.837900,3.3796E-2,58210
0.000107095647282,3.7329E-4,42.808000,3.3832E-2,58200
0.000107221296207,3.7372E-4,42.778100,3.3869E-2,58190
0.000107347104463,3.7416E-4,42.748200,3.3905E-2,58180
0.000107473072267,3.7460E-4,42.718300,3.3942E-2,58170
0.000107599199838,3.7504E-4,42.688400,3.3979E-2,58160
0.000107725487392,3.7548E-4,42.658500,3.4015E-2,58150
0.000107851935148,3.7592E-4,42.628600,3.4052E-2,58140
0.000107978543325,3.7636E-4,42.598700,3.4089E-2,58130
0.000108105312141,3.7680E-4,42.568800,3.4125E-2,58120
0.000108232241814,3.7725E-4,42.538900,3.4162E-2,58110
0.000108359332566,3.7769E-4,42.509000,3.4199E-2,58100
0.000108486584614,3.7813E-4,42.479100,3.4236E-2,58090
0.00010861399818,3.7858E-4,42.449200,3.4273E-2,58080
0.000108741573484,3.7902E-4,42.419300,3.4310E-2,58070
0.000108869310745,3.7947E-4,42.389400,3.4347E-2,58060
0.000108997210186,3.7991E-4,42.359500,3.4384E-2,58050
0.000109125272028,3.8036E-4,42.329600,3.4421E-2,58040
0.000109253496492,3.8081E-4,42.299700,3.4459E-2,58030
0.000109381883799,3.8125E-4,42.269800,3.4496E-2,58020
0.000109510434174,3.8170E-4,42.239900,3.4533E-2,58010
0.000109639147837,3.8215E-4,42.210000,3.4570E-2,58000
0.000109768025012,3.8260E-4,42.180100,3.4608E-2,57990
0.000109897065923,3.8305E-4,42.150200,3.4645E-2,57980
0.000110026270792,3.8350E-4,42.120300,3.4683E-2,57970
0.000110155639844,3.8395E-4,42.090400,3.4720E-2,57960
0.000110285173303,3.8440E-4,42.060500,3.4758E-2,57950
0.000110414871393,3.8485E-4,42.030600,3.4795E-2,57940
0.00011054473434,3.8531E-4,42.000700,3.4833E-2,57930
0.000110674762368,3.8576E-4,41.970800,3.4870E-2,57920
0.000110804955704,3.8621E-4,41.940900,3.4908E-2,57910
0.000110935314572,3.8667E-4,41.911000,3.4946E-2,57900
0.0001110658392,3.8712E-4,41.881100,3.4984E-2,57890
0.000111196529813,3.8758E-4,41.851200,3.5021E-2,57880
0.00011132738664,3.8804E-4,41.821300,3.5059E-2,57870
0.000111458409906,3.8849E-4,41.791400,3.5097E-2,57860
0.000111589599839,3.8895E-4,41.761500,3.5135E-2,57850
0.000111720956668,3.8941E-4,41.731600,3.5173E-2,57840
0.00011185248062,3.8987E-4,41.701700,3.5211E-2,57830
0.000111984171924,3.9032E-4,41.671800,3.5249E-2,57820
0.000112116030809,3.9078E-4,41.641900,3.5288E-2,57810
0.000112248057504,3.9124E-4,41.612000,3.5326E-2,57800
0.000112380252238,3.9171E-4,41.582100,3.5364E-2,57790
0.000112512615242,3.9217E-4,41.552200,3.5402E-2,57780
0.000112645146746,3.9263E-4,41.522300,3.5441E-2,57770
0.000112777846979,3.9309E-4,41.492400,3.5479E-2,57760
0.000112910716174,3.9355E-4,41.462500,3.5517E-2,57750
0.000113043754561,3.9402E-4,41.432600,3.5556E-2,57740
0.000113176962373,3.9448E-4,41.402700,3.5594E-2,57730
0.000113310339839,3.9495E-4,41.372800,3.5633E-2,57720
0.000113443887194,3.9541E-4,41.342900,3.5672E-2,57710
0.00011357760467,3.9588E-4,41.313000,3.5710E-2,57700
0.000113711492499,3.9635E-4,41.283100,3.5749E-2,57690
0.000113845550914,3.9681E-4,41.253200,3.5788E-2,57680
0.00011397978015,3.9728E-4,41.223300,3.5827E-2,57670
0.000114114180441,3.9775E-4,41.193400,3.5865E-2,57660
0.00011424875202,3.9822E-4,41.163500,3.5904E-2,57650
0.000114383495122,3.9869E-4,41.133600,3.5943E-2,57640
0.000114518409982,3.9916E-4,41.103700,3.5982E-2,57630
0.000114653496836,3.9963E-4,41.073800,3.6021E-2,57620
0.000114788755919,4.0010E-4,41.043900,3.6060E-2,57610
0.000114924187467,4.0057E-4,41.014000,3.6099E-2,57600
0.000115059791717,4.0104E-4,40.984100,3.6138E-2,57590
0.000115195568905,4.0152E-4,40.954200,3.6178E-2,57580
0.000115331519268,4.0199E-4,40.924300,3.6217E-2,57570
0.000115467643044,4.0247E-4,40.894400,3.6256E-2,57560
0.000115603940471,4.0294E-4,40.864500,3.6296E-2,57550
0.000115740411786,4.0342E-4,40.834600,3.6335E-2,57540
0.000115877057228,4.0389E-4,40.804700,3.6374E-2,57530
0.000116013877035,4.0437E-4,40.774800,3.6414E-2,57520
0.000116150871448,4.0485E-4,40.744900,3.6453E-2,57510
0.000116288040705,4.0533E-4,40.715000,3.6493E-2,57500
0.000116425385046,4.0580E-4,40.685100,3.6533E-2,57490
0.000116562904711,4.0628E-4,40.655200,3.6572E-2,57480
0.000116700599942,4.0676E-4,40.625300,3.6612E-2,57470
0.000116838470978,4.0724E-4,40.595400,3.6652E-2,57460
0.000116976518062,4.0773E-4,40.565500,3.6691E-2,57450
0.000117114741434,4.0821E-4,40.535600,3.6731E-2,57440
0.000117253141337,4.0869E-4,40.505700,3.6771E-2,57430
0.000117391718012,4.0917E-4,40.475800,3.6811E-2,57420
0.000117530471704,4.0966E-4,40.445900,3.6851E-2,57410
0.000117669402654,4.1014E-4,40.416000,3.6891E-2,57400
0.000117808511107,4.1063E-4,40.386100,3.6931E-2,57390
0.000117947797305,4.1111E-4,40.356200,3.6971E-2,57380
0.000118087261493,4.1160E-4,40.326300,3.7012E-2,57370
0.000118226903915,4.1208E-4,40.296400,3.7052E-2,57360
0.000118366724817,4.1257E-4,40.266500,3.7092E-2,57350
0.000118506724443,4.1306E-4,40.236600,3.7132E-2,57340
0.000118646903039,4.1355E-4,40.206700,3.7173E-2,57330
0.000118787260851,4.1404E-4,40.176800,3.7213E-2,57320
0.000118927798125,4.1453E-4,40.146900,3.7254E-2,57310
0.000119068515108,4.1502E-4,40.117000,3.7294E-2,57300
0.000119209412047,4.1551E-4,40.087100,3.7335E-2,57290
0.000119350489188,4.1600E-4,40.057200,3.7375E-2,57280
0.00011949174678,4.1649E-4,40.027300,3.7416E-2,57270
0.000119633185072,4.1699E-4,39.997400,3.7457E-2,57260
0.00011977480431,4.1748E-4,39.967500,3.7498E-2,57250
0.000119916604745,4.1797E-4,39.937600,3.7538E-2,57240
0.000120058586624,4.1847E-4,39.907700,3.7579E-2,57230
0.000120200750199,4.1896E-4,39.877800,3.7620E-2,57220
0.000120343095718,4.1946E-4,39.847900,3.7661E-2,57210
0.000120485623433,4.1996E-4,39.818000,3.7702E-2,57200
0.000120628333593,4.2045E-4,39.788100,3.7743E-2,57190
0.000120771226449,4.2095E-4,39.758200,3.7784E-2,57180
0.000120914302254,4.2145E-4,39.728300,3.7825E-2,57170
0.000121057561259,4.2195E-4,39.698400,3.7867E-2,57160
0.000121201003715,4.2245E-4,39.668500,3.7908E-2,57150
0.000121344629876,4.2295E-4,39.638600,3.7949E-2,57140
0.000121488439994,4.2345E-4,39.608700,3.7990E-2,57130
0.000121632434322,4.2395E-4,39.578800,3.8032E-2,57120
0.000121776613115,4.2446E-4,39.548900,3.8073E-2,57110
0.000121920976626,4.2496E-4,39.519000,3.8115E-2,57100
0.000122065525109,4.2546E-4,39.489100,3.8156E-2,57090
0.000122210258819,4.2597E-4,39.459200,3.8198E-2,57080
0.000122355178012,4.2647E-4,39.429300,3.8240E-2,57070
0.000122500282942,4.2698E-4,39.399400,3.8281E-2,57060
0.000122645573866,4.2749E-4,39.369500,3.8323E-2,57050
0.00012279105104,4.2799E-4,39.339600,3.8365E-2,57040
0.00012293671472,4.2850E-4,39.309700,3.8407E-2,57030
0.000123082565164,4.2901E-4,39.279800,3.8449E-2,57020
0.000123228602629,4.2952E-4,39.249900,3.8490E-2,57010
0.000123374827372,4.3003E-4,39.220000,3.8532E-2,57000
0.000123521239652,4.3054E-4,39.190100,3.8574E-2,56990
0.000123667839727,4.3105E-4,39.160200,3.8617E-2,56980
0.000123814627857,4.3156E-4,39.130300,3.8659E-2,56970
0.0001239616043,4.3207E-4,39.100400,3.8701E-2,56960
0.000124108769315,4.3259E-4,39.070500,3.8743E-2,56950
0.000124256123164,4.3310E-4,39.040600,3.8785E-2,56940
0.000124403666107,4.3361E-4,39.010700,3.8828E-2,56930
0.000124551398403,4.3413E-4,38.980800,3.8870E-2,56920
0.000124699320316,4.3464E-4,38.950900,3.8913E-2,56910
0.000124847432105,4.3516E-4,38.921000,3.8955E-2,56900
0.000124995734033,4.3568E-4,38.891100,3.8998E-2,56890
0.000125144226363,4.3619E-4,38.861200,3.9040E-2,56880
0.000125292909357,4.3671E-4,38.831300,3.9083E-2,56870
0.000125441783278,4.3723E-4,38.801400,3.9125E-2,56860
0.00012559084839,4.3775E-4,38.771500,3.9168E-2,56850
0.000125740104957,4.3827E-4,38.741600,3.9211E-2,56840
0.000125889553242,4.3879E-4,38.711700,3.9254E-2,56830
0.000126039193511,4.3931E-4,38.681800,3.9297E-2,56820
0.000126189026029,4.3984E-4,38.651900,3.9340E-2,56810
0.000126339051061,4.4036E-4,38.622000,3.9383E-2,56800
0.000126489268873,4.4088E-4,38.592100,3.9426E-2,56790
0.000126639679732,4.4141E-4,38.562200,3.9469E-2,56780
0.000126790283903,4.4193E-4,38.532300,3.9512E-2,56770
0.000126941081655,4.4246E-4,38.502400,3.9555E-2,56760
0.000127092073253,4.4298E-4,38.472500,3.9598E-2,56750
0.000127243258967,4.4351E-4,38.442600,3.9642E-2,56740
0.000127394639064,4.4404E-4,38.412700,3.9685E-2,56730
0.000127546213814,4.4457E-4,38.382800,3.9728E-2,56720
0.000127697983484,4.4510E-4,38.352900,3.9772E-2,56710
0.000127849948345,4.4563E-4,38.323000,3.9815E-2,56700
0.000128002108666,4.4616E-4,38.293100,3.9859E-2,56690
0.000128154464718,4.4669E-4,38.263200,3.9903E-2,56680
0.000128307016771,4.4722E-4,38.233300,3.9946E-2,56670
0.000128459765096,4.4775E-4,38.203400,3.9990E-2,56660
0.000128612709964,4.4828E-4,38.173500,4.0034E-2,56650
0.000128765851648,4.4882E-4,38.143600,4.0078E-2,56640
0.00012891919042,4.4935E-4,38.113700,4.0121E-2,56630
0.000129072726551,4.4989E-4,38.083800,4.0165E-2,56620
0.000129226460316,4.5042E-4,38.053900,4.0209E-2,56610
0.000129380391987,4.5096E-4,38.024000,4.0253E-2,56600
0.000129534521839,4.5150E-4,37.994100,4.0297E-2,56590
0.000129688850145,4.5204E-4,37.964200,4.0342E-2,56580
0.000129843377181,4.5257E-4,37.934300,4.0386E-2,56570
0.000129998103221,4.5311E-4,37.904400,4.0430E-2,56560
0.000130153028541,4.5365E-4,37.874500,4.0474E-2,56550
0.000130308153417,4.5419E-4,37.844600,4.0519E-2,56540
0.000130463478124,4.5474E-4,37.814700,4.0563E-2,56530
0.000130619002941,4.5528E-4,37.784800,4.0607E-2,56520
0.000130774728142,4.5582E-4,37.754900,4.0652E-2,56510
0.000130930654007,4.5636E-4,37.725000,4.0697E-2,56500
0.000131086780814,4.5691E-4,37.695100,4.0741E-2,56490
0.000131243108839,4.5745E-4,37.665200,4.0786E-2,56480
0.000131399638363,4.5800E-4,37.635300,4.0831E-2,56470
0.000131556369664,4.5854E-4,37.605400,4.0875E-2,56460
0.000131713303022,4.5909E-4,37.575500,4.0920E-2,56450
0.000131870438717,4.5964E-4,37.545600,4.0965E-2,56440
0.000132027777029,4.6019E-4,37.515700,4.1010E-2,56430
0.000132185318239,4.6074E-4,37.485800,4.1055E-2,56420
0.000132343062628,4.6129E-4,37.455900,4.1100E-2,56410
0.000132501010479,4.6184E-4,37.426000,4.1145E-2,56400
0.000132659162072,4.6239E-4,37.396100,4.1190E-2,56390
0.00013281751769,4.6294E-4,37.366200,4.1235E-2,56380
0.000132976077617,4.6349E-4,37.336300,4.1281E-2,56370
0.000133134842136,4.6405E-4,37.306400,4.1326E-2,56360
0.00013329381153,4.6460E-4,37.276500,4.1371E-2,56350
0.000133452986083,4.6516E-4,37.246600,4.1417E-2,56340
0.000133612366081,4.6571E-4,37.216700,4.1462E-2,56330
0.000133771951808,4.6627E-4,37.186800,4.1508E-2,56320
0.000133931743549,4.6682E-4,37.156900,4.1553E-2,56310
0.00013409174159,4.6738E-4,37.127000,4.1599E-2,56300
0.000134251946219,4.6794E-4,37.097100,4.1645E-2,56290
0.00013441235772,4.6850E-4,37.067200,4.1690E-2,56280
0.000134572976382,4.6906E-4,37.037300,4.1736E-2,56270
0.000134733802492,4.6962E-4,37.007400,4.1782E-2,56260
0.000134894836338,4.7018E-4,36.977500,4.1828E-2,56250
0.000135056078208,4.7074E-4,36.947600,4.1874E-2,56240
0.000135217528391,4.7131E-4,36.917700,4.1920E-2,56230
0.000135379187177,4.7187E-4,36.887800,4.1966E-2,56220
0.000135541054855,4.7243E-4,36.857900,4.2012E-2,56210
0.000135703131715,4.7300E-4,36.828000,4.2058E-2,56200
0.000135865418048,4.7356E-4,36.798100,4.2104E-2,56190
0.000136027914145,4.7413E-4,36.768200,4.2151E-2,56180
0.000136190620297,4.7470E-4,36.738300,4.2197E-2,56170
0.000136353536795,4.7527E-4,36.708400,4.2243E-2,56160
0.000136516663934,4.7583E-4,36.678500,4.2290E-2,56150
0.000136680002004,4.7640E-4,36.648600,4.2336E-2,56140
0.000136843551299,4.7697E-4,36.618700,4.2383E-2,56130
0.000137007312113,4.7754E-4,36.588800,4.2430E-2,56120
0.00013717128474,4.7812E-4,36.558900,4.2476E-2,56110
0.000137335469474,4.7869E-4,36.529000,4.2523E-2,56100
0.00013749986661,4.7926E-4,36.499100,4.2570E-2,56090
0.000137664476443,4.7983E-4,36.469200,4.2617E-2,56080
0.00013782929927,4.8041E-4,36.439300,4.2664E-2,56070
0.000137994335386,4.8098E-4,36.409400,4.2711E-2,56060
0.000138159585089,4.8156E-4,36.379500,4.2758E-2,56050
0.000138325048674,4.8214E-4,36.349600,4.2805E-2,56040
0.00013849072644,4.8271E-4,36.319700,4.2852E-2,56030
0.000138656618685,4.8329E-4,36.289800,4.2899E-2,56020
0.000138822725707,4.8387E-4,36.259900,4.2946E-2,56010
0.000138989047804,4.8445E-4,36.230000,4.2993E-2,56000
0.000139155585278,4.8503E-4,36.200100,4.3041E-2,55990
0.000139322338426,4.8561E-4,36.170200,4.3088E-2,55980
0.000139489307549,4.8619E-4,36.140300,4.3136E-2,55970
0.000139656492948,4.8678E-4,36.110400,4.3183E-2,55960
0.000139823894925,4.8736E-4,36.080500,4.3231E-2,55950
0.000139991513779,4.8795E-4,36.050600,4.3278E-2,55940
0.000140159349815,4.8853E-4,36.020700,4.3326E-2,55930
0.000140327403333,4.8912E-4,35.990800,4.3374E-2,55920
0.000140495674637,4.8970E-4,35.960900,4.3422E-2,55910
0.00014066416403,4.9029E-4,35.931000,4.3470E-2,55900
0.000140832871817,4.9088E-4,35.901100,4.3518E-2,55890
0.0001410017983,4.9147E-4,35.871200,4.3565E-2,55880
0.000141170943786,4.9206E-4,35.841300,4.3614E-2,55870
0.000141340308578,4.9265E-4,35.811400,4.3662E-2,55860
0.000141509892984,4.9324E-4,35.781500,4.3710E-2,55850
0.000141679697308,4.9383E-4,35.751600,4.3758E-2,55840
0.000141849721858,4.9442E-4,35.721700,4.3806E-2,55830
0.000142019966939,4.9502E-4,35.691800,4.3855E-2,55820
0.000142190432861,4.9561E-4,35.661900,4.3903E-2,55810
0.00014236111993,4.9620E-4,35.632000,4.3951E-2,55800
0.000142532028455,4.9680E-4,35.602100,4.4000E-2,55790
0.000142703158745,4.9740E-4,35.572200,4.4048E-2,55780
0.00014287451111,4.9799E-4,35.542300,4.4097E-2,55770
0.000143046085858,4.9859E-4,35.512400,4.4146E-2,55760
0.0001432178833,4.9919E-4,35.482500,4.4195E-2,55750
0.000143389903746,4.9979E-4,35.452600,4.4243E-2,55740
0.000143562147509,5.0039E-4,35.422700,4.4292E-2,55730
0.000143734614899,5.0099E-4,35.392800,4.4341E-2,55720
0.000143907306228,5.0159E-4,35.362900,4.4390E-2,55710
0.00014408022181,5.0220E-4,35.333000,4.4439E-2,55700
0.000144253361956,5.0280E-4,35.303100,4.4488E-2,55690
0.000144426726981,5.0340E-4,35.273200,4.4537E-2,55680
0.000144600317198,5.0401E-4,35.243300,4.4587E-2,55670
0.000144774132922,5.0462E-4,35.213400,4.4636E-2,55660
0.000144948174468,5.0522E-4,35.183500,4.4685E-2,55650
0.00014512244215,5.0583E-4,35.153600,4.4735E-2,55640
0.000145296936286,5.0644E-4,35.123700,4.4784E-2,55630
0.00014547165719,5.0705E-4,35.093800,4.4833E-2,55620
0.00014564660518,5.0766E-4,35.063900,4.4883E-2,55610
0.000145821780573,5.0827E-4,35.034000,4.4933E-2,55600
0.000145997183687,5.0888E-4,35.004100,4.4982E-2,55590
0.00014617281484,5.0949E-4,34.974200,4.5032E-2,55580
0.00014634867435,5.1010E-4,34.944300,4.5082E-2,55570
0.000146524762537,5.1072E-4,34.914400,4.5132E-2,55560
0.00014670107972,5.1133E-4,34.884500,4.5182E-2,55550
0.00014687762622,5.1195E-4,34.854600,4.5232E-2,55540
0.000147054402356,5.1256E-4,34.824700,4.5282E-2,55530
0.00014723140845,5.1318E-4,34.794800,4.5332E-2,55520
0.000147408644824,5.1380E-4,34.764900,4.5382E-2,55510
0.000147586111799,5.1442E-4,34.735000,4.5432E-2,55500
0.000147763809697,5.1504E-4,34.705100,4.5482E-2,55490
0.000147941738843,5.1566E-4,34.675200,4.5533E-2,55480
0.000148119899559,5.1628E-4,34.645300,4.5583E-2,55470
0.000148298292169,5.1690E-4,34.615400,4.5634E-2,55460
0.000148476916998,5.1752E-4,34.585500,4.5684E-2,55450
0.00014865577437,5.1814E-4,34.555600,4.5735E-2,55440
0.000148834864612,5.1877E-4,34.525700,4.5785E-2,55430
0.000149014188048,5.1939E-4,34.495800,4.5836E-2,55420
0.000149193745005,5.2002E-4,34.465900,4.5887E-2,55410
0.00014937353581,5.2065E-4,34.436000,4.5938E-2,55400
0.00014955356079,5.2127E-4,34.406100,4.5989E-2,55390
0.000149733820274,5.2190E-4,34.376200,4.6040E-2,55380
0.000149914314589,5.2253E-4,34.346300,4.6091E-2,55370
0.000150095044064,5.2316E-4,34.316400,4.6142E-2,55360
0.000150276009029,5.2379E-4,34.286500,4.6193E-2,55350
0.000150457209813,5.2442E-4,34.256600,4.6244E-2,55340
0.000150638646747,5.2506E-4,34.226700,4.6295E-2,55330
0.000150820320161,5.2569E-4,34.196800,4.6347E-2,55320
0.000151002230387,5.2632E-4,34.166900,4.6398E-2,55310
0.000151184377756,5.2696E-4,34.137000,4.6449E-2,55300
0.000151366762601,5.2759E-4,34.107100,4.6501E-2,55290
0.000151549385255,5.2823E-4,34.077200,4.6553E-2,55280
0.00015173224605,5.2887E-4,34.047300,4.6604E-2,55270
0.000151915345321,5.2951E-4,34.017400,4.6656E-2,55260
0.000152098683401,5.3015E-4,33.987500,4.6708E-2,55250
0.000152282260627,5.3079E-4,33.957600,4.6759E-2,55240
0.000152466077332,5.3143E-4,33.927700,4.6811E-2,55230
0.000152650133852,5.3207E-4,33.897800,4.6863E-2,55220
0.000152834430525,5.3271E-4,33.867900,4.6915E-2,55210
0.000153018967686,5.3335E-4,33.838000,4.6967E-2,55200
0.000153203745673,5.3400E-4,33.808100,4.7019E-2,55190
0.000153388764824,5.3464E-4,33.778200,4.7072E-2,55180
0.000153574025477,5.3529E-4,33.748300,4.7124E-2,55170
0.000153759527971,5.3593E-4,33.718400,4.7176E-2,55160
0.000153945272645,5.3658E-4,33.688500,4.7229E-2,55150
0.000154131259839,5.3723E-4,33.658600,4.7281E-2,55140
0.000154317489894,5.3788E-4,33.628700,4.7334E-2,55130
0.000154503963149,5.3853E-4,33.598800,4.7386E-2,55120
0.000154690679947,5.3918E-4,33.568900,4.7439E-2,55110
0.00015487764063,5.3983E-4,33.539000,4.7492E-2,55100
0.000155064845539,5.4048E-4,33.509100,4.7544E-2,55090
0.000155252295018,5.4114E-4,33.479200,4.7597E-2,55080
0.00015543998941,5.4179E-4,33.449300,4.7650E-2,55070
0.000155627929059,5.4245E-4,33.419400,4.7703E-2,55060
0.00015581611431,5.4310E-4,33.389500,4.7756E-2,55050
0.000156004545507,5.4376E-4,33.359600,4.7809E-2,55040
0.000156193222996,5.4442E-4,33.329700,4.7862E-2,55030
0.000156382147123,5.4508E-4,33.299800,4.7915E-2,55020
0.000156571318234,5.4573E-4,33.269900,4.7969E-2,55010
0.000156760736677,5.4640E-4,33.240000,4.8022E-2,55000
0.000156950402798,5.4706E-4,33.210100,4.8075E-2,54990
0.000157140316947,5.4772E-4,33.180200,4.8129E-2,54980
0.000157330479472,5.4838E-4,33.150300,4.8183E-2,54970
0.000157520890721,5.4904E-4,33.120400,4.8236E-2,54960
0.000157711551045,5.4971E-4,33.090500,4.8290E-2,54950
0.000157902460794,5.5037E-4,33.060600,4.8344E-2,54940
0.000158093620318,5.5104E-4,33.030700,4.8397E-2,54930
0.000158285029968,5.5171E-4,33.000800,4.8451E-2,54920
0.000158476690097,5.5238E-4,32.970900,4.8505E-2,54910
0.000158668601057,5.5304E-4,32.941000,4.8559E-2,54900
0.0001588607632,5.5371E-4,32.911100,4.8613E-2,54890
0.00015905317688,5.5439E-4,32.881200,4.8667E-2,54880
0.000159245842451,5.5506E-4,32.851300,4.8721E-2,54870
0.000159438760267,5.5573E-4,32.821400,4.8776E-2,54860
0.000159631930683,5.5640E-4,32.791500,4.8830E-2,54850
0.000159825354055,5.5708E-4,32.761600,4.8884E-2,54840
0.000160019030738,5.5775E-4,32.731700,4.8939E-2,54830
0.00016021296109,5.5843E-4,32.701800,4.8993E-2,54820
0.000160407145467,5.5910E-4,32.671900,4.9048E-2,54810
0.000160601584226,5.5978E-4,32.642000,4.9103E-2,54800
0.000160796277727,5.6046E-4,32.612100,4.9157E-2,54790
0.000160991226328,5.6114E-4,32.582200,4.9212E-2,54780
0.000161186430387,5.6182E-4,32.552300,4.9267E-2,54770
0.000161381890265,5.6250E-4,32.522400,4.9322E-2,54760
0.000161577606323,5.6318E-4,32.492500,4.9377E-2,54750
0.000161773578921,5.6387E-4,32.462600,4.9432E-2,54740
0.00016196980842,5.6455E-4,32.432700,4.9487E-2,54730
0.000162166295182,5.6524E-4,32.402800,4.9542E-2,54720
0.00016236303957,5.6592E-4,32.372900,4.9598E-2,54710
0.000162560041948,5.6661E-4,32.343000,4.9653E-2,54700
0.000162757302678,5.6730E-4,32.313100,4.9708E-2,54690
0.000162954822124,5.6798E-4,32.283200,4.9764E-2,54680
0.000163152600652,5.6867E-4,32.253300,4.9819E-2,54670
0.000163350638627,5.6936E-4,32.223400,4.9875E-2,54660
0.000163548936414,5.7006E-4,32.193500,4.9930E-2,54650
0.00016374749438,5.7075E-4,32.163600,4.9986E-2,54640
0.000163946312892,5.7144E-4,32.133700,5.0042E-2,54630
0.000164145392317,5.7213E-4,32.103800,5.0098E-2,54620
0.000164344733023,5.7283E-4,32.073900,5.0154E-2,54610
0.000164544335379,5.7353E-4,32.044000,5.0210E-2,54600
0.000164744199754,5.7422E-4,32.014100,5.0266E-2,54590
0.000164944326518,5.7492E-4,31.984200,5.0322E-2,54580
0.00016514471604,5.7562E-4,31.954300,5.0378E-2,54570
0.000165345368692,5.7632E-4,31.924400,5.0434E-2,54560
0.000165546284845,5.7702E-4,31.894500,5.0491E-2,54550
0.000165747464871,5.7772E-4,31.864600,5.0547E-2,54540
0.000165948909142,5.7842E-4,31.834700,5.0604E-2,54530
0.000166150618031,5.7912E-4,31.804800,5.0660E-2,54520
0.000166352591913,5.7983E-4,31.774900,5.0717E-2,54510
0.000166554831161,5.8053E-4,31.745000,5.0773E-2,54500
0.000166757336149,5.8124E-4,31.715100,5.0830E-2,54490
0.000166960107254,5.8195E-4,31.685200,5.0887E-2,54480
0.000167163144851,5.8265E-4,31.655300,5.0944E-2,54470
0.000167366449317,5.8336E-4,31.625400,5.1001E-2,54460
0.000167570021028,5.8407E-4,31.595500,5.1058E-2,54450
0.000167773860362,5.8478E-4,31.565600,5.1115E-2,54440
0.000167977967697,5.8549E-4,31.535700,5.1172E-2,54430
0.000168182343413,5.8621E-4,31.505800,5.1229E-2,54420
0.000168386987887,5.8692E-4,31.475900,5.1287E-2,54410
0.000168591901501,5.8763E-4,31.446000,5.1344E-2,54400
0.000168797084634,5.8835E-4,31.416100,5.1401E-2,54390
0.000169002537668,5.8906E-4,31.386200,5.1459E-2,54380
0.000169208260984,5.8978E-4,31.356300,5.1517E-2,54370
0.000169414254964,5.9050E-4,31.326400,5.1574E-2,54360
0.000169620519992,5.9122E-4,31.296500,5.1632E-2,54350
0.000169827056449,5.9194E-4,31.266600,5.1690E-2,54340
0.000170033864721,5.9266E-4,31.236700,5.1748E-2,54330
0.000170240945192,5.9338E-4,31.206800,5.1805E-2,54320
0.000170448298247,5.9410E-4,31.176900,5.1863E-2,54310
0.000170655924271,5.9483E-4,31.147000,5.1922E-2,54300
0.00017086382365,5.9555E-4,31.117100,5.1980E-2,54290
0.000171071996772,5.9628E-4,31.087200,5.2038E-2,54280
0.000171280444024,5.9700E-4,31.057300,5.2096E-2,54270
0.000171489165794,5.9773E-4,31.027400,5.2155E-2,54260
0.000171698162471,5.9846E-4,30.997500,5.2213E-2,54250
0.000171907434443,5.9919E-4,30.967600,5.2271E-2,54240
0.0001721169821,5.9992E-4,30.937700,5.2330E-2,54230
0.000172326805833,6.0065E-4,30.907800,5.2389E-2,54220
0.000172536906033,6.0138E-4,30.877900,5.2447E-2,54210
0.000172747283091,6.0212E-4,30.848000,5.2506E-2,54200
0.000172957937399,6.0285E-4,30.818100,5.2565E-2,54190
0.00017316886935,6.0359E-4,30.788200,5.2624E-2,54180
0.000173380079338,6.0432E-4,30.758300,5.2683E-2,54170
0.000173591567755,6.0506E-4,30.728400,5.2742E-2,54160
0.000173803334998,6.0580E-4,30.698500,5.2801E-2,54150
0.00017401538146,6.0654E-4,30.668600,5.2860E-2,54140
0.000174227707538,6.0728E-4,30.638700,5.2920E-2,54130
0.000174440313627,6.0802E-4,30.608800,5.2979E-2,54120
0.000174653200125,6.0876E-4,30.578900,5.3038E-2,54110
0.00017486636743,6.0950E-4,30.549000,5.3098E-2,54100
0.000175079815938,6.1025E-4,30.519100,5.3158E-2,54090
0.00017529354605,6.1099E-4,30.489200,5.3217E-2,54080
0.000175507558164,6.1174E-4,30.459300,5.3277E-2,54070
0.00017572185268,6.1248E-4,30.429400,5.3337E-2,54060
0.000175936429999,6.1323E-4,30.399500,5.3397E-2,54050
0.000176151290522,6.1398E-4,30.369600,5.3457E-2,54040
0.00017636643465,6.1473E-4,30.339700,5.3517E-2,54030
0.000176581862786,6.1548E-4,30.309800,5.3577E-2,54020
0.000176797575333,6.1623E-4,30.279900,5.3637E-2,54010
0.000177013572695,6.1699E-4,30.250000,5.3697E-2,54000
0.000177229855275,6.1774E-4,30.220100,5.3757E-2,53990
0.000177446423479,6.1850E-4,30.190200,5.3818E-2,53980
0.000177663277712,6.1925E-4,30.160300,5.3878E-2,53970
0.000177880418379,6.2001E-4,30.130400,5.3939E-2,53960
0.000178097845888,6.2077E-4,30.100500,5.3999E-2,53950
0.000178315560646,6.2153E-4,30.070600,5.4060E-2,53940
0.00017853356306,6.2228E-4,30.040700,5.4121E-2,53930
0.00017875185354,6.2305E-4,30.010800,5.4182E-2,53920
0.000178970432494,6.2381E-4,29.980900,5.4243E-2,53910
0.000179189300332,6.2457E-4,29.951000,5.4303E-2,53900
0.000179408457464,6.2533E-4,29.921100,5.4365E-2,53890
0.000179627904302,6.2610E-4,29.891200,5.4426E-2,53880
0.000179847641256,6.2687E-4,29.861300,5.4487E-2,53870
0.00018006766874,6.2763E-4,29.831400,5.4548E-2,53860
0.000180287987166,6.2840E-4,29.801500,5.4610E-2,53850
0.000180508596947,6.2917E-4,29.771600,5.4671E-2,53840
0.000180729498498,6.2994E-4,29.741700,5.4732E-2,53830
0.000180950692234,6.3071E-4,29.711800,5.4794E-2,53820
0.000181172178569,6.3148E-4,29.681900,5.4856E-2,53810
0.00018139395792,6.3225E-4,29.652000,5.4917E-2,53800
0.000181616030704,6.3303E-4,29.622100,5.4979E-2,53790
0.000181838397337,6.3380E-4,29.592200,5.5041E-2,53780
0.000182061058238,6.3458E-4,29.562300,5.5103E-2,53770
0.000182284013825,6.3536E-4,29.532400,5.5165E-2,53760
0.000182507264517,6.3614E-4,29.502500,5.5227E-2,53750
0.000182730810735,6.3691E-4,29.472600,5.5289E-2,53740
0.000182954652898,6.3769E-4,29.442700,5.5352E-2,53730
0.000183178791428,6.3848E-4,29.412800,5.5414E-2,53720
0.000183403226746,6.3926E-4,29.382900,5.5476E-2,53710
0.000183627959276,6.4004E-4,29.353000,5.5539E-2,53700
0.000183852989439,6.4083E-4,29.323100,5.5601E-2,53690
0.000184078317659,6.4161E-4,29.293200,5.5664E-2,53680
0.000184303944362,6.4240E-4,29.263300,5.5727E-2,53670
0.000184529869971,6.4319E-4,29.233400,5.5790E-2,53660
0.000184756094913,6.4397E-4,29.203500,5.5852E-2,53650
0.000184982619614,6.4476E-4,29.173600,5.5915E-2,53640
0.0001852094445,6.4555E-4,29.143700,5.5978E-2,53630
0.000185436569999,6.4635E-4,29.113800,5.6041E-2,53620
0.00018566399654,6.4714E-4,29.083900,5.6105E-2,53610
0.000185891724551,6.4793E-4,29.054000,5.6168E-2,53600
0.000186119754461,6.4873E-4,29.024100,5.6231E-2,53590
0.000186348086702,6.4952E-4,28.994200,5.6295E-2,53580
0.000186576721703,6.5032E-4,28.964300,5.6358E-2,53570
0.000186805659896,6.5112E-4,28.934400,5.6422E-2,53560
0.000187034901714,6.5192E-4,28.904500,5.6485E-2,53550
0.000187264447589,6.5272E-4,28.874600,5.6549E-2,53540
0.000187494297954,6.5352E-4,28.844700,5.6613E-2,53530
0.000187724453244,6.5432E-4,28.814800,5.6677E-2,53520
0.000187954913894,6.5512E-4,28.784900,5.6741E-2,53510
0.000188185680338,6.5593E-4,28.755000,5.6805E-2,53500
0.000188416753014,6.5673E-4,28.725100,5.6869E-2,53490
0.000188648132357,6.5754E-4,28.695200,5.6933E-2,53480
0.000188879818805,6.5835E-4,28.665300,5.6997E-2,53470
0.000189111812797,6.5916E-4,28.635400,5.7062E-2,53460
0.000189344114771,6.5997E-4,28.605500,5.7126E-2,53450
0.000189576725167,6.6078E-4,28.575600,5.7191E-2,53440
0.000189809644424,6.6159E-4,28.545700,5.7255E-2,53430
0.000190042872983,6.6240E-4,28.515800,5.7320E-2,53420
0.000190276411287,6.6322E-4,28.485900,5.7385E-2,53410
0.000190510259776,6.6403E-4,28.456000,5.7450E-2,53400
0.000190744418895,6.6485E-4,28.426100,5.7514E-2,53390
0.000190978889086,6.6566E-4,28.396200,5.7579E-2,53380
0.000191213670793,6.6648E-4,28.366300,5.7644E-2,53370
0.000191448764461,6.6730E-4,28.336400,5.7710E-2,53360
0.000191684170537,6.6812E-4,28.306500,5.7775E-2,53350
0.000191919889465,6.6894E-4,28.276600,5.7840E-2,53340
0.000192155921693,6.6977E-4,28.246700,5.7906E-2,53330
0.000192392267669,6.7059E-4,28.216800,5.7971E-2,53320
0.000192628927841,6.7141E-4,28.186900,5.8037E-2,53310
0.000192865902657,6.7224E-4,28.157000,5.8102E-2,53300
0.000193103192567,6.7307E-4,28.127100,5.8168E-2,53290
0.000193340798022,6.7390E-4,28.097200,5.8234E-2,53280
0.000193578719473,6.7473E-4,28.067300,5.8300E-2,53270
0.000193816957371,6.7556E-4,28.037400,5.8366E-2,53260
0.000194055512168,6.7639E-4,28.007500,5.8432E-2,53250
0.000194294384318,6.7722E-4,27.977600,5.8498E-2,53240
0.000194533574275,6.7805E-4,27.947700,5.8564E-2,53230
0.000194773082493,6.7889E-4,27.917800,5.8630E-2,53220
0.000195012909426,6.7972E-4,27.887900,5.8697E-2,53210
0.000195253055532,6.8056E-4,27.858000,5.8763E-2,53200
0.000195493521266,6.8140E-4,27.828100,5.8829E-2,53190
0.000195734307085,6.8224E-4,27.798200,5.8896E-2,53180
0.000195975413449,6.8308E-4,27.768300,5.8963E-2,53170
0.000196216840814,6.8392E-4,27.738400,5.9030E-2,53160
0.000196458589641,6.8476E-4,27.708500,5.9096E-2,53150
0.00019670066039,6.8561E-4,27.678600,5.9163E-2,53140
0.000196943053521,6.8645E-4,27.648700,5.9230E-2,53130
0.000197185769496,6.8730E-4,27.618800,5.9297E-2,53120
0.000197428808777,6.8815E-4,27.588900,5.9365E-2,53110
0.000197672171827,6.8899E-4,27.559000,5.9432E-2,53100
0.000197915859109,6.8984E-4,27.529100,5.9499E-2,53090
0.000198159871088,6.9069E-4,27.499200,5.9567E-2,53080
0.000198404208229,6.9154E-4,27.469300,5.9634E-2,53070
0.000198648870997,6.9240E-4,27.439400,5.9702E-2,53060
0.000198893859859,6.9325E-4,27.409500,5.9769E-2,53050
0.000199139175282,6.9411E-4,27.379600,5.9837E-2,53040
0.000199384817734,6.9496E-4,27.349700,5.9905E-2,53030
0.000199630787683,6.9582E-4,27.319800,5.9973E-2,53020
0.000199877085599,6.9668E-4,27.289900,6.0041E-2,53010
0.000200123711952,6.9754E-4,27.260000,6.0109E-2,53000
0.000200370667212,6.9840E-4,27.230100,6.0177E-2,52990
0.000200617951851,6.9926E-4,27.200200,6.0246E-2,52980
0.000200865566342,7.0012E-4,27.170300,6.0314E-2,52970
0.000201113511156,7.0099E-4,27.140400,6.0382E-2,52960
0.000201361786767,7.0185E-4,27.110500,6.0451E-2,52950
0.000201610393651,7.0272E-4,27.080600,6.0520E-2,52940
0.000201859332282,7.0359E-4,27.050700,6.0588E-2,52930
0.000202108603136,7.0446E-4,27.020800,6.0657E-2,52920
0.000202358206688,7.0533E-4,26.990900,6.0726E-2,52910
0.000202608143418,7.0620E-4,26.961000,6.0795E-2,52900
0.000202858413802,7.0707E-4,26.931100,6.0864E-2,52890
0.00020310901832,7.0794E-4,26.901200,6.0933E-2,52880
0.00020335995745,7.0882E-4,26.871300,6.1002E-2,52870
0.000203611231673,7.0969E-4,26.841400,6.1071E-2,52860
0.000203862841471,7.1057E-4,26.811500,6.1141E-2,52850
0.000204114787324,7.1145E-4,26.781600,6.1210E-2,52840
0.000204367069715,7.1233E-4,26.751700,6.1280E-2,52830
0.000204619689127,7.1321E-4,26.721800,6.1349E-2,52820
0.000204872646044,7.1409E-4,26.691900,6.1419E-2,52810
0.000205125940952,7.1497E-4,26.662000,6.1489E-2,52800
0.000205379574334,7.1586E-4,26.632100,6.1559E-2,52790
0.000205633546677,7.1674E-4,26.602200,6.1629E-2,52780
0.000205887858469,7.1763E-4,26.572300,6.1699E-2,52770
0.000206142510197,7.1852E-4,26.542400,6.1769E-2,52760
0.000206397502348,7.1941E-4,26.512500,6.1839E-2,52750
0.000206652835413,7.2030E-4,26.482600,6.1910E-2,52740
0.000206908509882,7.2119E-4,26.452700,6.1980E-2,52730
0.000207164526243,7.2208E-4,26.422800,6.2050E-2,52720
0.000207420884991,7.2297E-4,26.392900,6.2121E-2,52710
0.000207677586615,7.2387E-4,26.363000,6.2192E-2,52700
0.00020793463161,7.2476E-4,26.333100,6.2263E-2,52690
0.000208192020468,7.2566E-4,26.303200,6.2333E-2,52680
0.000208449753685,7.2656E-4,26.273300,6.2404E-2,52670
0.000208707831756,7.2746E-4,26.243400,6.2475E-2,52660
0.000208966255176,7.2836E-4,26.213500,6.2546E-2,52650
0.000209225024442,7.2926E-4,26.183600,6.2618E-2,52640
0.000209484140051,7.3016E-4,26.153700,6.2689E-2,52630
0.000209743602502,7.3107E-4,26.123800,6.2760E-2,52620
0.000210003412295,7.3197E-4,26.093900,6.2832E-2,52610
0.000210263569927,7.3288E-4,26.064000,6.2903E-2,52600
0.000210524075901,7.3379E-4,26.034100,6.2975E-2,52590
0.000210784930717,7.3470E-4,26.004200,6.3047E-2,52580
0.000211046134878,7.3561E-4,25.974300,6.3118E-2,52570
0.000211307688886,7.3652E-4,25.944400,6.3190E-2,52560
0.000211569593245,7.3743E-4,25.914500,6.3262E-2,52550
0.000211831848459,7.3835E-4,25.884600,6.3334E-2,52540
0.000212094455034,7.3926E-4,25.854700,6.3407E-2,52530
0.000212357413476,7.4018E-4,25.824800,6.3479E-2,52520
0.00021262072429,7.4110E-4,25.794900,6.3551E-2,52510
0.000212884387986,7.4202E-4,25.765000,6.3624E-2,52500
0.00021314840507,7.4294E-4,25.735100,6.3696E-2,52490
0.000213412776052,7.4386E-4,25.705200,6.3769E-2,52480
0.000213677501443,7.4478E-4,25.675300,6.3842E-2,52470
0.000213942581752,7.4570E-4,25.645400,6.3914E-2,52460
0.000214208017491,7.4663E-4,25.615500,6.3987E-2,52450
0.000214473809172,7.4756E-4,25.585600,6.4060E-2,52440
0.000214739957309,7.4848E-4,25.555700,6.4133E-2,52430
0.000215006462415,7.4941E-4,25.525800,6.4206E-2,52420
0.000215273325004,7.5034E-4,25.495900,6.4280E-2,52410
0.000215540545592,7.5127E-4,25.466000,6.4353E-2,52400
0.000215808124696,7.5221E-4,25.436100,6.4427E-2,52390
0.000216076062832,7.5314E-4,25.406200,6.4500E-2,52380
0.000216344360518,7.5408E-4,25.376300,6.4574E-2,52370
0.000216613018273,7.5501E-4,25.346400,6.4647E-2,52360
0.000216882036615,7.5595E-4,25.316500,6.4721E-2,52350
0.000217151416066,7.5689E-4,25.286600,6.4795E-2,52340
0.000217421157145,7.5783E-4,25.256700,6.4869E-2,52330
0.000217691260376,7.5877E-4,25.226800,6.4943E-2,52320
0.00021796172628,7.5971E-4,25.196900,6.5017E-2,52310
0.000218232555381,7.6066E-4,25.167000,6.5092E-2,52300
0.000218503748203,7.6160E-4,25.137100,6.5166E-2,52290
0.000218775305271,7.6255E-4,25.107200,6.5240E-2,52280
0.000219047227112,7.6350E-4,25.077300,6.5315E-2,52270
0.00021931951425,7.6445E-4,25.047400,6.5390E-2,52260
0.000219592167215,7.6540E-4,25.017500,6.5464E-2,52250
0.000219865186534,7.6635E-4,24.987600,6.5539E-2,52240
0.000220138572736,7.6730E-4,24.957700,6.5614E-2,52230
0.000220412326352,7.6825E-4,24.927800,6.5689E-2,52220
0.000220686447911,7.6921E-4,24.897900,6.5764E-2,52210
0.000220960937946,7.7017E-4,24.868000,6.5839E-2,52200
0.000221235796989,7.7113E-4,24.838100,6.5915E-2,52190
0.000221511025573,7.7208E-4,24.808200,6.5990E-2,52180
0.000221786624232,7.7305E-4,24.778300,6.6065E-2,52170
0.000222062593501,7.7401E-4,24.748400,6.6141E-2,52160
0.000222338933915,7.7497E-4,24.718500,6.6217E-2,52150
0.000222615646012,7.7593E-4,24.688600,6.6292E-2,52140
0.000222892730327,7.7690E-4,24.658700,6.6368E-2,52130
0.000223170187401,7.7787E-4,24.628800,6.6444E-2,52120
0.00022344801777,7.7884E-4,24.598900,6.6520E-2,52110
0.000223726221976,7.7981E-4,24.569000,6.6596E-2,52100
0.000224004800559,7.8078E-4,24.539100,6.6673E-2,52090
0.00022428375406,7.8175E-4,24.509200,6.6749E-2,52080
0.000224563083021,7.8272E-4,24.479300,6.6825E-2,52070
0.000224842787987,7.8370E-4,24.449400,6.6902E-2,52060
0.0002251228695,7.8467E-4,24.419500,6.6978E-2,52050
0.000225403328107,7.8565E-4,24.389600,6.7055E-2,52040
0.000225684164351,7.8663E-4,24.359700,6.7132E-2,52030
0.00022596537878,7.8761E-4,24.329800,6.7209E-2,52020
0.000226246971942,7.8859E-4,24.299900,6.7286E-2,52010
0.000226528944384,7.8957E-4,24.270000,6.7363E-2,52000
0.000226811296656,7.9056E-4,24.240100,6.7440E-2,51990
0.000227094029307,7.9154E-4,24.210200,6.7517E-2,51980
0.000227377142888,7.9253E-4,24.180300,6.7595E-2,51970
0.000227660637952,7.9352E-4,24.150400,6.7672E-2,51960
0.000227944515049,7.9451E-4,24.120500,6.7750E-2,51950
0.000228228774734,7.9550E-4,24.090600,6.7827E-2,51940
0.000228513417562,7.9649E-4,24.060700,6.7905E-2,51930
0.000228798444086,7.9748E-4,24.030800,6.7983E-2,51920
0.000229083854863,7.9848E-4,24.000900,6.8061E-2,51910
0.000229369650449,7.9948E-4,23.971000,6.8139E-2,51900
0.000229655831403,8.0047E-4,23.941100,6.8217E-2,51890
0.000229942398282,8.0147E-4,23.911200,6.8295E-2,51880
0.000230229351647,8.0247E-4,23.881300,6.8374E-2,51870
0.000230516692057,8.0347E-4,23.851400,6.8452E-2,51860
0.000230804420073,8.0448E-4,23.821500,6.8531E-2,51850
0.000231092536258,8.0548E-4,23.791600,6.8609E-2,51840
0.000231381041174,8.0649E-4,23.761700,6.8688E-2,51830
0.000231669935385,8.0749E-4,23.731800,6.8767E-2,51820
0.000231959219456,8.0850E-4,23.701900,6.8846E-2,51810
0.000232248893951,8.0951E-4,23.672000,6.8925E-2,51800
0.000232538959438,8.1052E-4,23.642100,6.9004E-2,51790
0.000232829416484,8.1154E-4,23.612200,6.9083E-2,51780
0.000233120265656,8.1255E-4,23.582300,6.9163E-2,51770
0.000233411507524,8.1356E-4,23.552400,6.9242E-2,51760
0.000233703142658,8.1458E-4,23.522500,6.9322E-2,51750
0.000233995171627,8.1560E-4,23.492600,6.9401E-2,51740
0.000234287595005,8.1662E-4,23.462700,6.9481E-2,51730
0.000234580413363,8.1764E-4,23.432800,6.9561E-2,51720
0.000234873627275,8.1866E-4,23.402900,6.9641E-2,51710
0.000235167237315,8.1968E-4,23.373000,6.9721E-2,51700
0.000235461244059,8.2071E-4,23.343100,6.9801E-2,51690
0.000235755648082,8.2173E-4,23.313200,6.9881E-2,51680
0.000236050449961,8.2276E-4,23.283300,6.9961E-2,51670
0.000236345650275,8.2379E-4,23.253400,7.0042E-2,51660
0.000236641249601,8.2482E-4,23.223500,7.0122E-2,51650
0.000236937248521,8.2585E-4,23.193600,7.0203E-2,51640
0.000237233647614,8.2689E-4,23.163700,7.0284E-2,51630
0.000237530447462,8.2792E-4,23.133800,7.0365E-2,51620
0.000237827648646,8.2896E-4,23.103900,7.0445E-2,51610
0.000238125251752,8.2999E-4,23.074000,7.0527E-2,51600
0.000238423257362,8.3103E-4,23.044100,7.0608E-2,51590
0.000238721666062,8.3207E-4,23.014200,7.0689E-2,51580
0.000239020478438,8.3311E-4,22.984300,7.0770E-2,51570
0.000239319695076,8.3416E-4,22.954400,7.0852E-2,51560
0.000239619316565,8.3520E-4,22.924500,7.0933E-2,51550
0.000239919343494,8.3625E-4,22.894600,7.1015E-2,51540
0.000240219776451,8.3729E-4,22.864700,7.1097E-2,51530
0.000240520616028,8.3834E-4,22.834800,7.1178E-2,51520
0.000240821862816,8.3939E-4,22.804900,7.1260E-2,51510
0.000241123517407,8.4044E-4,22.775000,7.1342E-2,51500
0.000241425580396,8.4150E-4,22.745100,7.1425E-2,51490
0.000241728052375,8.4255E-4,22.715200,7.1507E-2,51480
0.000242030933941,8.4361E-4,22.685300,7.1589E-2,51470
0.000242334225689,8.4466E-4,22.655400,7.1672E-2,51460
0.000242637928217,8.4572E-4,22.625500,7.1754E-2,51450
0.000242942042122,8.4678E-4,22.595600,7.1837E-2,51440
0.000243246568004,8.4784E-4,22.565700,7.1920E-2,51430
0.000243551506462,8.4891E-4,22.535800,7.2003E-2,51420
0.000243856858097,8.4997E-4,22.505900,7.2086E-2,51410
0.00024416262351,8.5104E-4,22.476000,7.2169E-2,51400
0.000244468803305,8.5210E-4,22.446100,7.2252E-2,51390
0.000244775398085,8.5317E-4,22.416200,7.2335E-2,51380
0.000245082408454,8.5424E-4,22.386300,7.2418E-2,51370
0.000245389835018,8.5531E-4,22.356400,7.2502E-2,51360
0.000245697678384,8.5639E-4,22.326500,7.2586E-2,51350
0.000246005939158,8.5746E-4,22.296600,7.2669E-2,51340
0.000246314617949,8.5854E-4,22.266700,7.2753E-2,51330
0.000246623715367,8.5962E-4,22.236800,7.2837E-2,51320
0.000246933232021,8.6069E-4,22.206900,7.2921E-2,51310
0.000247243168523,8.6177E-4,22.177000,7.3005E-2,51300
0.000247553525484,8.6286E-4,22.147100,7.3089E-2,51290
0.000247864303518,8.6394E-4,22.117200,7.3174E-2,51280
0.00024817550324,8.6502E-4,22.087300,7.3258E-2,51270
0.000248487125262,8.6611E-4,22.057400,7.3343E-2,51260
0.000248799170203,8.6720E-4,22.027500,7.3427E-2,51250
0.000249111638678,8.6829E-4,21.997600,7.3512E-2,51240
0.000249424531306,8.6938E-4,21.967700,7.3597E-2,51230
0.000249737848705,8.7047E-4,21.937800,7.3682E-2,51220
0.000250051591495,8.7156E-4,21.907900,7.3767E-2,51210
0.000250365760297,8.7266E-4,21.878000,7.3852E-2,51200
0.000250680355733,8.7376E-4,21.848100,7.3938E-2,51190
0.000250995378425,8.7485E-4,21.818200,7.4023E-2,51180
0.000251310828997,8.7595E-4,21.788300,7.4109E-2,51170
0.000251626708073,8.7705E-4,21.758400,7.4194E-2,51160
0.00025194301628,8.7816E-4,21.728500,7.4280E-2,51150
0.000252259754243,8.7926E-4,21.698600,7.4366E-2,51140
0.000252576922591,8.8037E-4,21.668700,7.4452E-2,51130
0.000252894521952,8.8147E-4,21.638800,7.4538E-2,51120
0.000253212552955,8.8258E-4,21.608900,7.4624E-2,51110
0.000253531016231,8.8369E-4,21.579000,7.4710E-2,51100
0.000253849912412,8.8480E-4,21.549100,7.4797E-2,51090
0.000254169242129,8.8592E-4,21.519200,7.4883E-2,51080
0.000254489006017,8.8703E-4,21.489300,7.4970E-2,51070
0.00025480920471,8.8815E-4,21.459400,7.5056E-2,51060
0.000255129838844,8.8926E-4,21.429500,7.5143E-2,51050
0.000255450909054,8.9038E-4,21.399600,7.5230E-2,51040
0.000255772415978,8.9150E-4,21.369700,7.5317E-2,51030
0.000256094360256,8.9263E-4,21.339800,7.5404E-2,51020
0.000256416742525,8.9375E-4,21.309900,7.5492E-2,51010
0.000256739563427,8.9487E-4,21.280000,7.5579E-2,51000
0.000257062823603,8.9600E-4,21.250100,7.5666E-2,50990
0.000257386523696,8.9713E-4,21.220200,7.5754E-2,50980
0.000257710664348,8.9826E-4,21.190300,7.5842E-2,50970
0.000258035246205,8.9939E-4,21.160400,7.5930E-2,50960
0.000258360269912,9.0052E-4,21.130500,7.6017E-2,50950
0.000258685736115,9.0166E-4,21.100600,7.6105E-2,50940
0.000259011645462,9.0279E-4,21.070700,7.6194E-2,50930
0.000259337998601,9.0393E-4,21.040800,7.6282E-2,50920
0.000259664796183,9.0507E-4,21.010900,7.6370E-2,50910
0.000259992038856,9.0621E-4,20.981000,7.6459E-2,50900
0.000260319727274,9.0735E-4,20.951100,7.6547E-2,50890
0.000260647862088,9.0850E-4,20.921200,7.6636E-2,50880
0.000260976443953,9.0964E-4,20.891300,7.6725E-2,50870
0.000261305473522,9.1079E-4,20.861400,7.6814E-2,50860
0.000261634951451,9.1194E-4,20.831500,7.6903E-2,50850
0.000261964878398,9.1309E-4,20.801600,7.6992E-2,50840
0.000262295255019,9.1424E-4,20.771700,7.7081E-2,50830
0.000262626081974,9.1539E-4,20.741800,7.7171E-2,50820
0.000262957359922,9.1655E-4,20.711900,7.7260E-2,50810
0.000263289089525,9.1770E-4,20.682000,7.7350E-2,50800
0.000263621271443,9.1886E-4,20.652100,7.7439E-2,50790
0.00026395390634,9.2002E-4,20.622200,7.7529E-2,50780
0.000264286994879,9.2118E-4,20.592300,7.7619E-2,50770
0.000264620537726,9.2234E-4,20.562400,7.7709E-2,50760
0.000264954535547,9.2351E-4,20.532500,7.7799E-2,50750
0.000265288989009,9.2467E-4,20.502600,7.7890E-2,50740
0.000265623898779,9.2584E-4,20.472700,7.7980E-2,50730
0.000265959265527,9.2701E-4,20.442800,7.8070E-2,50720
0.000266295089923,9.2818E-4,20.412900,7.8161E-2,50710
0.000266631372639,9.2935E-4,20.383000,7.8252E-2,50700
0.000266968114346,9.3053E-4,20.353100,7.8343E-2,50690
0.000267305315718,9.3170E-4,20.323200,7.8434E-2,50680
0.000267642977429,9.3288E-4,20.293300,7.8525E-2,50670
0.000267981100155,9.3406E-4,20.263400,7.8616E-2,50660
0.000268319684572,9.3524E-4,20.233500,7.8707E-2,50650
0.000268658731358,9.3642E-4,20.203600,7.8799E-2,50640
0.000268998241192,9.3760E-4,20.173700,7.8890E-2,50630
0.000269338214753,9.3879E-4,20.143800,7.8982E-2,50620
0.000269678652722,9.3997E-4,20.113900,7.9074E-2,50610
0.00027001955578,9.4116E-4,20.084000,7.9165E-2,50600
0.000270360924611,9.4235E-4,20.054100,7.9257E-2,50590
0.000270702759899,9.4354E-4,20.024200,7.9350E-2,50580
0.000271045062329,9.4474E-4,19.994300,7.9442E-2,50570
0.000271387832587,9.4593E-4,19.964400,7.9534E-2,50560
0.00027173107136,9.4713E-4,19.934500,7.9627E-2,50550
0.000272074779336,9.4833E-4,19.904600,7.9719E-2,50540
0.000272418957205,9.4953E-4,19.874700,7.9812E-2,50530
0.000272763605657,9.5073E-4,19.844800,7.9905E-2,50520
0.000273108725384,9.5193E-4,19.814900,7.9998E-2,50510
0.000273454317078,9.5313E-4,19.785000,8.0091E-2,50500
0.000273800381434,9.5434E-4,19.755100,8.0184E-2,50490
0.000274146919145,9.5555E-4,19.725200,8.0277E-2,50480
0.000274493930908,9.5676E-4,19.695300,8.0371E-2,50470
0.000274841417421,9.5797E-4,19.665400,8.0464E-2,50460
0.00027518937938,9.5918E-4,19.635500,8.0558E-2,50450
0.000275537817485,9.6040E-4,19.605600,8.0651E-2,50440
0.000275886732436,9.6161E-4,19.575700,8.0745E-2,50430
0.000276236124936,9.6283E-4,19.545800,8.0839E-2,50420
0.000276585995685,9.6405E-4,19.515900,8.0933E-2,50410
0.000276936345389,9.6527E-4,19.486000,8.1028E-2,50400
0.000277287174751,9.6649E-4,19.456100,8.1122E-2,50390
0.000277638484477,9.6772E-4,19.426200,8.1217E-2,50380
0.000277990275275,9.6894E-4,19.396300,8.1311E-2,50370
0.000278342547852,9.7017E-4,19.366400,8.1406E-2,50360
0.000278695302918,9.7140E-4,19.336500,8.1501E-2,50350
0.000279048541183,9.7263E-4,19.306600,8.1596E-2,50340
0.000279402263358,9.7387E-4,19.276700,8.1691E-2,50330
0.000279756470155,9.7510E-4,19.246800,8.1786E-2,50320
0.000280111162289,9.7634E-4,19.216900,8.1881E-2,50310
0.000280466340474,9.7758E-4,19.187000,8.1977E-2,50300
0.000280822005426,9.7881E-4,19.157100,8.2072E-2,50290
0.000281178157862,9.8006E-4,19.127200,8.2168E-2,50280
0.0002815347985,9.8130E-4,19.097300,8.2264E-2,50270
0.000281891928059,9.8254E-4,19.067400,8.2360E-2,50260
0.000282249547261,9.8379E-4,19.037500,8.2456E-2,50250
0.000282607656825,9.8504E-4,19.007600,8.2552E-2,50240
0.000282966257476,9.8629E-4,18.977700,8.2648E-2,50230
0.000283325349936,9.8754E-4,18.947800,8.2745E-2,50220
0.000283684934931,9.8879E-4,18.917900,8.2841E-2,50210
0.000284045013188,9.9005E-4,18.888000,8.2938E-2,50200
0.000284405585432,9.9131E-4,18.858100,8.3035E-2,50190
0.000284766652393,9.9256E-4,18.828200,8.3131E-2,50180
0.0002851282148,9.9382E-4,18.798300,8.3228E-2,50170
0.000285490273383,9.9509E-4,18.768400,8.3326E-2,50160
0.000285852828875,9.9635E-4,18.738500,8.3423E-2,50150
0.000286215882009,9.9762E-4,18.708600,8.3520E-2,50140
0.000286579433519,9.9888E-4,18.678700,8.3618E-2,50130
0.00028694348414,1.0002E-3,18.648800,8.3715E-2,50120
0.000287308034608,1.0014E-3,18.618900,8.3813E-2,50110
0.000287673085661,1.0027E-3,18.589000,8.3911E-2,50100
0.000288038638039,1.0040E-3,18.559100,8.4009E-2,50090
0.00028840469248,1.0052E-3,18.529200,8.4107E-2,50080
0.000288771249727,1.0065E-3,18.499300,8.4205E-2,50070
0.000289138310521,1.0078E-3,18.469400,8.4304E-2,50060
0.000289505875606,1.0091E-3,18.439500,8.4402E-2,50050
0.000289873945726,1.0104E-3,18.409600,8.4501E-2,50040
0.000290242521628,1.0117E-3,18.379700,8.4600E-2,50030
0.000290611604058,1.0129E-3,18.349800,8.4699E-2,50020
0.000290981193764,1.0142E-3,18.319900,8.4798E-2,50010
0.000291351291497,1.0155E-3,18.290000,8.4897E-2,50000
0.000291721898006,1.0168E-3,18.260100,8.4996E-2,49990
0.000292093014043,1.0181E-3,18.230200,8.5096E-2,49980
0.000292464640361,1.0194E-3,18.200300,8.5195E-2,49970
0.000292836777715,1.0207E-3,18.170400,8.5295E-2,49960
0.000293209426859,1.0220E-3,18.140500,8.5394E-2,49950
0.00029358258855,1.0233E-3,18.110600,8.5494E-2,49940
0.000293956263546,1.0246E-3,18.080700,8.5594E-2,49930
0.000294330452606,1.0259E-3,18.050800,8.5695E-2,49920
0.00029470515649,1.0272E-3,18.020900,8.5795E-2,49910
0.000295080375958,1.0285E-3,17.991000,8.5895E-2,49900
0.000295456111774,1.0298E-3,17.961100,8.5996E-2,49890
0.000295832364701,1.0311E-3,17.931200,8.6096E-2,49880
0.000296209135505,1.0324E-3,17.901300,8.6197E-2,49870
0.000296586424951,1.0338E-3,17.871400,8.6298E-2,49860
0.000296964233806,1.0351E-3,17.841500,8.6399E-2,49850
0.00029734256284,1.0364E-3,17.811600,8.6500E-2,49840
0.000297721412822,1.0377E-3,17.781700,8.6602E-2,49830
0.000298100784523,1.0390E-3,17.751800,8.6703E-2,49820
0.000298480678715,1.0404E-3,17.721900,8.6805E-2,49810
0.000298861096171,1.0417E-3,17.692000,8.6906E-2,49800
0.000299242037667,1.0430E-3,17.662100,8.7008E-2,49790
0.000299623503978,1.0443E-3,17.632200,8.7110E-2,49780
0.000300005495881,1.0457E-3,17.602300,8.7212E-2,49770
0.000300388014155,1.0470E-3,17.572400,8.7315E-2,49760
0.000300771059579,1.0483E-3,17.542500,8.7417E-2,49750
0.000301154632934,1.0497E-3,17.512600,8.7519E-2,49740
0.000301538735002,1.0510E-3,17.482700,8.7622E-2,49730
0.000301923366566,1.0524E-3,17.452800,8.7725E-2,49720
0.000302308528412,1.0537E-3,17.422900,8.7828E-2,49710
0.000302694221324,1.0551E-3,17.393000,8.7931E-2,49700
0.000303080446089,1.0564E-3,17.363100,8.8034E-2,49690
0.000303467203497,1.0577E-3,17.333200,8.8137E-2,49680
0.000303854494336,1.0591E-3,17.303300,8.8240E-2,49670
0.000304242319397,1.0604E-3,17.273400,8.8344E-2,49660
0.000304630679472,1.0618E-3,17.243500,8.8448E-2,49650
0.000305019575355,1.0632E-3,17.213600,8.8551E-2,49640
0.00030540900784,1.0645E-3,17.183700,8.8655E-2,49630
0.000305798977723,1.0659E-3,17.153800,8.8759E-2,49620
0.0003061894858,1.0672E-3,17.123900,8.8864E-2,49610
0.000306580532871,1.0686E-3,17.094000,8.8968E-2,49600
0.000306972119734,1.0700E-3,17.064100,8.9072E-2,49590
0.000307364247192,1.0713E-3,17.034200,8.9177E-2,49580
0.000307756916045,1.0727E-3,17.004300,8.9282E-2,49570
0.000308150127097,1.0741E-3,16.974400,8.9386E-2,49560
0.000308543881153,1.0754E-3,16.944500,8.9491E-2,49550
0.000308938179019,1.0768E-3,16.914600,8.9597E-2,49540
0.000309333021502,1.0782E-3,16.884700,8.9702E-2,49530
0.00030972840941,1.0796E-3,16.854800,8.9807E-2,49520
0.000310124343554,1.0809E-3,16.824900,8.9913E-2,49510
0.000310520824744,1.0823E-3,16.795000,9.0018E-2,49500
0.000310917853793,1.0837E-3,16.765100,9.0124E-2,49490
0.000311315431514,1.0851E-3,16.735200,9.0230E-2,49480
0.000311713558723,1.0865E-3,16.705300,9.0336E-2,49470
0.000312112236236,1.0879E-3,16.675400,9.0442E-2,49460
0.00031251146487,1.0893E-3,16.645500,9.0549E-2,49450
0.000312911245443,1.0907E-3,16.615600,9.0655E-2,49440
0.000313311578777,1.0921E-3,16.585700,9.0762E-2,49430
0.000313712465693,1.0935E-3,16.555800,9.0869E-2,49420
0.000314113907013,1.0949E-3,16.525900,9.0976E-2,49410
0.000314515903562,1.0963E-3,16.496000,9.1083E-2,49400
0.000314918456164,1.0977E-3,16.466100,9.1190E-2,49390
0.000315321565647,1.0991E-3,16.436200,9.1297E-2,49380
0.000315725232839,1.1005E-3,16.406300,9.1404E-2,49370
0.000316129458568,1.1019E-3,16.376400,9.1512E-2,49360
0.000316534243666,1.1033E-3,16.346500,9.1620E-2,49350
0.000316939588964,1.1047E-3,16.316600,9.1728E-2,49340
0.000317345495296,1.1061E-3,16.286700,9.1836E-2,49330
0.000317751963497,1.1075E-3,16.256800,9.1944E-2,49320
0.000318158994401,1.1090E-3,16.226900,9.2052E-2,49310
0.000318566588848,1.1104E-3,16.197000,9.2160E-2,49300
0.000318974747674,1.1118E-3,16.167100,9.2269E-2,49290
0.00031938347172,1.1132E-3,16.137200,9.2378E-2,49280
0.000319792761828,1.1146E-3,16.107300,9.2486E-2,49270
0.00032020261884,1.1161E-3,16.077400,9.2595E-2,49260
0.0003206130436,1.1175E-3,16.047500,9.2704E-2,49250
0.000321024036953,1.1189E-3,16.017600,9.2814E-2,49240
0.000321435599745,1.1204E-3,15.987700,9.2923E-2,49230
0.000321847732826,1.1218E-3,15.957800,9.3033E-2,49220
0.000322260437044,1.1233E-3,15.927900,9.3142E-2,49210
0.000322673713249,1.1247E-3,15.898000,9.3252E-2,49200
0.000323087562295,1.1261E-3,15.868100,9.3362E-2,49190
0.000323501985034,1.1276E-3,15.838200,9.3472E-2,49180
0.000323916982321,1.1290E-3,15.808300,9.3582E-2,49170
0.000324332555012,1.1305E-3,15.778400,9.3693E-2,49160
0.000324748703965,1.1319E-3,15.748500,9.3803E-2,49150
0.000325165430038,1.1334E-3,15.718600,9.3914E-2,49140
0.000325582734093,1.1348E-3,15.688700,9.4025E-2,49130
0.000326000616989,1.1363E-3,15.658800,9.4136E-2,49120
0.000326419079591,1.1377E-3,15.628900,9.4247E-2,49110
0.000326838122763,1.1392E-3,15.599000,9.4358E-2,49100
0.00032725774737,1.1407E-3,15.569100,9.4469E-2,49090
0.00032767795428,1.1421E-3,15.539200,9.4581E-2,49080
0.000328098744361,1.1436E-3,15.509300,9.4692E-2,49070
0.000328520118483,1.1451E-3,15.479400,9.4804E-2,49060
0.000328942077517,1.1465E-3,15.449500,9.4916E-2,49050
0.000329364622336,1.1480E-3,15.419600,9.5028E-2,49040
0.000329787753813,1.1495E-3,15.389700,9.5140E-2,49030
0.000330211472825,1.1510E-3,15.359800,9.5253E-2,49020
0.000330635780249,1.1524E-3,15.329900,9.5365E-2,49010
0.000331060676961,1.1539E-3,15.300000,9.5478E-2,49000
0.000331486163843,1.1554E-3,15.270100,9.5591E-2,48990
0.000331912241775,1.1569E-3,15.240200,9.5704E-2,48980
0.00033233891164,1.1584E-3,15.210300,9.5817E-2,48970
0.000332766174321,1.1599E-3,15.180400,9.5930E-2,48960
0.000333194030703,1.1614E-3,15.150500,9.6043E-2,48950
0.000333622481674,1.1629E-3,15.120600,9.6157E-2,48940
0.000334051528122,1.1643E-3,15.090700,9.6271E-2,48930
0.000334481170936,1.1658E-3,15.060800,9.6384E-2,48920
0.000334911411006,1.1673E-3,15.030900,9.6498E-2,48910
0.000335342249226,1.1688E-3,15.001000,9.6612E-2,48900
0.000335773686489,1.1704E-3,14.971100,9.6727E-2,48890
0.000336205723691,1.1719E-3,14.941200,9.6841E-2,48880
0.000336638361727,1.1734E-3,14.911300,9.6956E-2,48870
0.000337071601497,1.1749E-3,14.881400,9.7070E-2,48860
0.000337505443899,1.1764E-3,14.851500,9.7185E-2,48850
0.000337939889835,1.1779E-3,14.821600,9.7300E-2,48840
0.000338374940207,1.1794E-3,14.791700,9.7415E-2,48830
0.000338810595919,1.1809E-3,14.761800,9.7531E-2,48820
0.000339246857876,1.1825E-3,14.731900,9.7646E-2,48810
0.000339683726984,1.1840E-3,14.702000,9.7762E-2,48800
0.000340121204153,1.1855E-3,14.672100,9.7877E-2,48790
0.000340559290292,1.1870E-3,14.642200,9.7993E-2,48780
0.000340997986311,1.1886E-3,14.612300,9.8109E-2,48770
0.000341437293124,1.1901E-3,14.582400,9.8225E-2,48760
0.000341877211644,1.1916E-3,14.552500,9.8342E-2,48750
0.000342317742787,1.1932E-3,14.522600,9.8458E-2,48740
0.00034275888747,1.1947E-3,14.492700,9.8575E-2,48730
0.000343200646611,1.1962E-3,14.462800,9.8692E-2,48720
0.00034364302113,1.1978E-3,14.432900,9.8809E-2,48710
0.000344086011949,1.1993E-3,14.403000,9.8926E-2,48700
0.00034452961999,1.2009E-3,14.373100,9.9043E-2,48690
0.000344973846178,1.2024E-3,14.343200,9.9160E-2,48680
0.000345418691438,1.2040E-3,14.313300,9.9278E-2,48670
0.000345864156698,1.2055E-3,14.283400,9.9396E-2,48660
0.000346310242886,1.2071E-3,14.253500,9.9513E-2,48650
0.000346756950933,1.2086E-3,14.223600,9.9631E-2,48640
0.00034720428177,1.2102E-3,14.193700,9.9750E-2,48630
0.000347652236331,1.2118E-3,14.163800,9.9868E-2,48620
0.000348100815551,1.2133E-3,14.133900,9.9986E-2,48610
0.000348550020365,1.2149E-3,14.104000,1.0010E-1,48600
0.000348999851711,1.2165E-3,14.074100,1.0022E-1,48590
0.000349450310529,1.2180E-3,14.044200,1.0034E-1,48580
0.000349901397759,1.2196E-3,14.014300,1.0046E-1,48570
0.000350353114344,1.2212E-3,13.984400,1.0058E-1,48560
0.000350805461228,1.2227E-3,13.954500,1.0070E-1,48550
0.000351258439355,1.2243E-3,13.924600,1.0082E-1,48540
0.000351712049672,1.2259E-3,13.894700,1.0094E-1,48530
0.000352166293128,1.2275E-3,13.864800,1.0106E-1,48520
0.000352621170672,1.2291E-3,13.834900,1.0118E-1,48510
0.000353076683257,1.2307E-3,13.805000,1.0130E-1,48500
0.000353532831834,1.2323E-3,13.775100,1.0142E-1,48490
0.000353989617358,1.2338E-3,13.745200,1.0154E-1,48480
0.000354447040786,1.2354E-3,13.715300,1.0166E-1,48470
0.000354905103074,1.2370E-3,13.685400,1.0178E-1,48460
0.000355363805181,1.2386E-3,13.655500,1.0190E-1,48450
0.000355823148069,1.2402E-3,13.625600,1.0202E-1,48440
0.000356283132699,1.2418E-3,13.595700,1.0214E-1,48430
0.000356743760035,1.2434E-3,13.565800,1.0227E-1,48420
0.000357205031041,1.2451E-3,13.535900,1.0239E-1,48410
0.000357666946686,1.2467E-3,13.506000,1.0251E-1,48400
0.000358129507937,1.2483E-3,13.476100,1.0263E-1,48390
0.000358592715764,1.2499E-3,13.446200,1.0275E-1,48380
0.000359056571138,1.2515E-3,13.416300,1.0288E-1,48370
0.000359521075032,1.2531E-3,13.386400,1.0300E-1,48360
0.000359986228421,1.2547E-3,13.356500,1.0312E-1,48350
0.000360452032281,1.2564E-3,13.326600,1.0324E-1,48340
0.00036091848759,1.2580E-3,13.296700,1.0337E-1,48330
0.000361385595326,1.2596E-3,13.266800,1.0349E-1,48320
0.000361853356471,1.2613E-3,13.236900,1.0361E-1,48310
0.000362321772007,1.2629E-3,13.207000,1.0374E-1,48300
0.000362790842919,1.2645E-3,13.177100,1.0386E-1,48290
0.00036326057019,1.2662E-3,13.147200,1.0398E-1,48280
0.00036373095481,1.2678E-3,13.117300,1.0411E-1,48270
0.000364201997765,1.2694E-3,13.087400,1.0423E-1,48260
0.000364673700048,1.2711E-3,13.057500,1.0435E-1,48250
0.000365146062649,1.2727E-3,13.027600,1.0448E-1,48240
0.000365619086562,1.2744E-3,12.997700,1.0460E-1,48230
0.000366092772782,1.2760E-3,12.967800,1.0473E-1,48220
0.000366567122307,1.2777E-3,12.937900,1.0485E-1,48210
0.000367042136133,1.2793E-3,12.908000,1.0498E-1,48200
0.000367517815262,1.2810E-3,12.878100,1.0510E-1,48190
0.000367994160694,1.2827E-3,12.848200,1.0523E-1,48180
0.000368471173434,1.2843E-3,12.818300,1.0535E-1,48170
0.000368948854484,1.2860E-3,12.788400,1.0548E-1,48160
0.000369427204853,1.2877E-3,12.758500,1.0560E-1,48150
0.000369906225548,1.2893E-3,12.728600,1.0573E-1,48140
0.000370385917578,1.2910E-3,12.698700,1.0586E-1,48130
0.000370866281955,1.2927E-3,12.668800,1.0598E-1,48120
0.000371347319691,1.2943E-3,12.638900,1.0611E-1,48110
0.000371829031802,1.2960E-3,12.609000,1.0623E-1,48100
0.000372311419303,1.2977E-3,12.579100,1.0636E-1,48090
0.000372794483212,1.2994E-3,12.549200,1.0649E-1,48080
0.000373278224549,1.3011E-3,12.519300,1.0662E-1,48070
0.000373762644334,1.3028E-3,12.489400,1.0674E-1,48060
0.000374247743591,1.3045E-3,12.459500,1.0687E-1,48050
0.000374733523343,1.3061E-3,12.429600,1.0700E-1,48040
0.000375219984616,1.3078E-3,12.399700,1.0713E-1,48030
0.000375707128439,1.3095E-3,12.369800,1.0725E-1,48020
0.000376194955841,1.3112E-3,12.339900,1.0738E-1,48010
0.000376683467852,1.3129E-3,12.310000,1.0751E-1,48000
0.000377172665505,1.3146E-3,12.280100,1.0764E-1,47990
0.000377662549835,1.3164E-3,12.250200,1.0777E-1,47980
0.000378153121878,1.3181E-3,12.220300,1.0789E-1,47970
0.00037864438267,1.3198E-3,12.190400,1.0802E-1,47960
0.000379136333252,1.3215E-3,12.160500,1.0815E-1,47950
0.000379628974665,1.3232E-3,12.130600,1.0828E-1,47940
0.000380122307951,1.3249E-3,12.100700,1.0841E-1,47930
0.000380616334154,1.3267E-3,12.070800,1.0854E-1,47920
0.000381111054321,1.3284E-3,12.040900,1.0867E-1,47910
0.000381606469499,1.3301E-3,12.011000,1.0880E-1,47900
0.000382102580738,1.3318E-3,11.981100,1.0893E-1,47890
0.000382599389088,1.3336E-3,11.951200,1.0906E-1,47880
0.000383096895604,1.3353E-3,11.921300,1.0919E-1,47870
0.000383595101338,1.3370E-3,11.891400,1.0932E-1,47860
0.000384094007349,1.3388E-3,11.861500,1.0945E-1,47850
0.000384593614692,1.3405E-3,11.831600,1.0958E-1,47840
0.000385093924429,1.3423E-3,11.801700,1.0971E-1,47830
0.00038559493762,1.3440E-3,11.771800,1.0985E-1,47820
0.000386096655328,1.3458E-3,11.741900,1.0998E-1,47810
0.000386599078619,1.3475E-3,11.712000,1.1011E-1,47800
0.000387102208558,1.3493E-3,11.682100,1.1024E-1,47790
0.000387606046215,1.3510E-3,11.652200,1.1037E-1,47780
0.000388110592659,1.3528E-3,11.622300,1.1050E-1,47770
0.000388615848961,1.3545E-3,11.592400,1.1064E-1,47760
0.000389121816195,1.3563E-3,11.562500,1.1077E-1,47750
0.000389628495437,1.3581E-3,11.532600,1.1090E-1,47740
0.000390135887762,1.3598E-3,11.502700,1.1103E-1,47730
0.000390643994251,1.3616E-3,11.472800,1.1117E-1,47720
0.000391152815983,1.3634E-3,11.442900,1.1130E-1,47710
0.00039166235404,1.3652E-3,11.413000,1.1143E-1,47700
0.000392172609506,1.3669E-3,11.383100,1.1157E-1,47690
0.000392683583467,1.3687E-3,11.353200,1.1170E-1,47680
0.000393195277011,1.3705E-3,11.323300,1.1183E-1,47670
0.000393707691226,1.3723E-3,11.293400,1.1197E-1,47660
0.000394220827203,1.3741E-3,11.263500,1.1210E-1,47650
0.000394734686035,1.3759E-3,11.233600,1.1224E-1,47640
0.000395249268817,1.3777E-3,11.203700,1.1237E-1,47630
0.000395764576645,1.3795E-3,11.173800,1.1251E-1,47620
0.000396280610617,1.3812E-3,11.143900,1.1264E-1,47610
0.000396797371832,1.3831E-3,11.114000,1.1278E-1,47600
0.000397314861392,1.3849E-3,11.084100,1.1291E-1,47590
0.0003978330804,1.3867E-3,11.054200,1.1305E-1,47580
0.000398352029963,1.3885E-3,11.024300,1.1318E-1,47570
0.000398871711185,1.3903E-3,10.994400,1.1332E-1,47560
0.000399392125177,1.3921E-3,10.964500,1.1345E-1,47550
0.000399913273049,1.3939E-3,10.934600,1.1359E-1,47540
0.000400435155913,1.3957E-3,10.904700,1.1373E-1,47530
0.000400957774884,1.3976E-3,10.874800,1.1386E-1,47520
0.000401481131076,1.3994E-3,10.844900,1.1400E-1,47510
0.000402005225609,1.4012E-3,10.815000,1.1414E-1,47500
0.000402530059601,1.4030E-3,10.785100,1.1427E-1,47490
0.000403055634173,1.4049E-3,10.755200,1.1441E-1,47480
0.00040358195045,1.4067E-3,10.725300,1.1455E-1,47470
0.000404109009556,1.4085E-3,10.695400,1.1468E-1,47460
0.000404636812618,1.4104E-3,10.665500,1.1482E-1,47450
0.000405165360764,1.4122E-3,10.635600,1.1496E-1,47440
0.000405694655126,1.4141E-3,10.605700,1.1510E-1,47430
0.000406224696834,1.4159E-3,10.575800,1.1524E-1,47420
0.000406755487025,1.4178E-3,10.545900,1.1537E-1,47410
0.000407287026833,1.4196E-3,10.516000,1.1551E-1,47400
0.000407819317396,1.4215E-3,10.486100,1.1565E-1,47390
0.000408352359855,1.4233E-3,10.456200,1.1579E-1,47380
0.00040888615535,1.4252E-3,10.426300,1.1593E-1,47370
0.000409420705026,1.4271E-3,10.396400,1.1607E-1,47360
0.000409956010026,1.4289E-3,10.366500,1.1621E-1,47350
0.0004104920715,1.4308E-3,10.336600,1.1635E-1,47340
0.000411028890594,1.4327E-3,10.306700,1.1649E-1,47330
0.000411566468461,1.4345E-3,10.276800,1.1663E-1,47320
0.000412104806253,1.4364E-3,10.246900,1.1677E-1,47310
0.000412643905125,1.4383E-3,10.217000,1.1691E-1,47300
0.000413183766233,1.4402E-3,10.187100,1.1705E-1,47290
0.000413724390736,1.4421E-3,10.157200,1.1719E-1,47280
0.000414265779793,1.4439E-3,10.127300,1.1733E-1,47270
0.000414807934567,1.4458E-3,10.097400,1.1747E-1,47260
0.000415350856221,1.4477E-3,10.067500,1.1761E-1,47250
0.000415894545923,1.4496E-3,10.037600,1.1776E-1,47240
0.000416439004839,1.4515E-3,10.007700,1.1790E-1,47230
0.00041698423414,1.4534E-3,9.977800,1.1804E-1,47220
0.000417530234996,1.4553E-3,9.947900,1.1818E-1,47210
0.000418077008582,1.4572E-3,9.918000,1.1832E-1,47200
0.000418624556072,1.4591E-3,9.888100,1.1847E-1,47190
0.000419172878645,1.4610E-3,9.858200,1.1861E-1,47180
0.000419721977479,1.4630E-3,9.828300,1.1875E-1,47170
0.000420271853755,1.4649E-3,9.798400,1.1889E-1,47160
0.000420822508657,1.4668E-3,9.768500,1.1904E-1,47150
0.00042137394337,1.4687E-3,9.738600,1.1918E-1,47140
0.00042192615908,1.4706E-3,9.708700,1.1932E-1,47130
0.000422479156977,1.4726E-3,9.678800,1.1947E-1,47120
0.000423032938251,1.4745E-3,9.648900,1.1961E-1,47110
0.000423587504095,1.4764E-3,9.619000,1.1976E-1,47100
0.000424142855704,1.4784E-3,9.589100,1.1990E-1,47090
0.000424698994274,1.4803E-3,9.559200,1.2005E-1,47080
0.000425255921004,1.4822E-3,9.529300,1.2019E-1,47070
0.000425813637094,1.4842E-3,9.499400,1.2033E-1,47060
0.000426372143748,1.4861E-3,9.469500,1.2048E-1,47050
0.000426931442168,1.4881E-3,9.439600,1.2063E-1,47040
0.000427491533563,1.4900E-3,9.409700,1.2077E-1,47030
0.00042805241914,1.4920E-3,9.379800,1.2092E-1,47020
0.000428614100109,1.4939E-3,9.349900,1.2106E-1,47010
0.000429176577684,1.4959E-3,9.320000,1.2121E-1,47000
0.000429739853077,1.4979E-3,9.290100,1.2135E-1,46990
0.000430303927506,1.4998E-3,9.260200,1.2150E-1,46980
0.000430868802189,1.5018E-3,9.230300,1.2165E-1,46970
0.000431434478346,1.5038E-3,9.200400,1.2179E-1,46960
0.000432000957199,1.5058E-3,9.170500,1.2194E-1,46950
0.000432568239972,1.5077E-3,9.140600,1.2209E-1,46940
0.000433136327892,1.5097E-3,9.110700,1.2224E-1,46930
0.000433705222187,1.5117E-3,9.080800,1.2238E-1,46920
0.000434274924088,1.5137E-3,9.050900,1.2253E-1,46910
0.000434845434825,1.5157E-3,9.021000,1.2268E-1,46900
0.000435416755635,1.5177E-3,8.991100,1.2283E-1,46890
0.000435988887752,1.5197E-3,8.961200,1.2298E-1,46880
0.000436561832416,1.5217E-3,8.931300,1.2312E-1,46870
0.000437135590866,1.5237E-3,8.901400,1.2327E-1,46860
0.000437710164345,1.5257E-3,8.871500,1.2342E-1,46850
0.000438285554097,1.5277E-3,8.841600,1.2357E-1,46840
0.000438861761369,1.5297E-3,8.811700,1.2372E-1,46830
0.000439438787409,1.5317E-3,8.781800,1.2387E-1,46820
0.000440016633468,1.5337E-3,8.751900,1.2402E-1,46810
0.000440595300798,1.5357E-3,8.722000,1.2417E-1,46800
0.000441174790653,1.5377E-3,8.692100,1.2432E-1,46790
0.000441755104291,1.5398E-3,8.662200,1.2447E-1,46780
0.000442336242969,1.5418E-3,8.632300,1.2462E-1,46770
0.000442918207949,1.5438E-3,8.602400,1.2477E-1,46760
0.000443501000494,1.5458E-3,8.572500,1.2492E-1,46750
0.000444084621868,1.5479E-3,8.542600,1.2507E-1,46740
0.000444669073338,1.5499E-3,8.512700,1.2522E-1,46730
0.000445254356173,1.5519E-3,8.482800,1.2538E-1,46720
0.000445840471644,1.5540E-3,8.452900,1.2553E-1,46710
0.000446427421025,1.5560E-3,8.423000,1.2568E-1,46700
0.00044701520559,1.5581E-3,8.393100,1.2583E-1,46690
0.000447603826618,1.5601E-3,8.363200,1.2598E-1,46680
0.000448193285386,1.5622E-3,8.333300,1.2614E-1,46670
0.000448783583177,1.5643E-3,8.303400,1.2629E-1,46660
0.000449374721275,1.5663E-3,8.273500,1.2644E-1,46650
0.000449966700964,1.5684E-3,8.243600,1.2660E-1,46640
0.000450559523534,1.5704E-3,8.213700,1.2675E-1,46630
0.000451153190273,1.5725E-3,8.183800,1.2690E-1,46620
0.000451747702474,1.5746E-3,8.153900,1.2706E-1,46610
0.000452343061431,1.5767E-3,8.124000,1.2721E-1,46600
0.00045293926844,1.5787E-3,8.094100,1.2736E-1,46590
0.000453536324799,1.5808E-3,8.064200,1.2752E-1,46580
0.00045413423181,1.5829E-3,8.034300,1.2767E-1,46570
0.000454732990773,1.5850E-3,8.004400,1.2783E-1,46560
0.000455332602996,1.5871E-3,7.974500,1.2798E-1,46550
0.000455933069783,1.5892E-3,7.944600,1.2814E-1,46540
0.000456534392445,1.5913E-3,7.914700,1.2829E-1,46530
0.000457136572292,1.5934E-3,7.884800,1.2845E-1,46520
0.000457739610638,1.5955E-3,7.854900,1.2860E-1,46510
0.000458343508799,1.5976E-3,7.825000,1.2876E-1,46500
0.000458948268091,1.5997E-3,7.795100,1.2892E-1,46490
0.000459553889835,1.6018E-3,7.765200,1.2907E-1,46480
0.000460160375352,1.6039E-3,7.735300,1.2923E-1,46470
0.000460767725967,1.6060E-3,7.705400,1.2939E-1,46460
0.000461375943007,1.6081E-3,7.675500,1.2954E-1,46450
0.000461985027799,1.6103E-3,7.645600,1.2970E-1,46440
0.000462594981674,1.6124E-3,7.615700,1.2986E-1,46430
0.000463205805965,1.6145E-3,7.585800,1.3002E-1,46420
0.000463817502007,1.6167E-3,7.555900,1.3017E-1,46410
0.000464430071137,1.6188E-3,7.526000,1.3033E-1,46400
0.000465043514696,1.6209E-3,7.496100,1.3049E-1,46390
0.000465657834023,1.6231E-3,7.466200,1.3065E-1,46380
0.000466273030463,1.6252E-3,7.436300,1.3081E-1,46370
0.000466889105363,1.6274E-3,7.406400,1.3097E-1,46360
0.00046750606007,1.6295E-3,7.376500,1.3112E-1,46350
0.000468123895934,1.6317E-3,7.346600,1.3128E-1,46340
0.000468742614309,1.6338E-3,7.316700,1.3144E-1,46330
0.000469362216549,1.6360E-3,7.286800,1.3160E-1,46320
0.000469982704012,1.6381E-3,7.256900,1.3176E-1,46310
0.000470604078056,1.6403E-3,7.227000,1.3192E-1,46300
0.000471226340043,1.6425E-3,7.197100,1.3208E-1,46290
0.000471849491338,1.6446E-3,7.167200,1.3224E-1,46280
0.000472473533305,1.6468E-3,7.137300,1.3240E-1,46270
0.000473098467314,1.6490E-3,7.107400,1.3257E-1,46260
0.000473724294734,1.6512E-3,7.077500,1.3273E-1,46250
0.00047435101694,1.6534E-3,7.047600,1.3289E-1,46240
0.000474978635304,1.6556E-3,7.017700,1.3305E-1,46230
0.000475607151206,1.6577E-3,6.987800,1.3321E-1,46220
0.000476236566025,1.6599E-3,6.957900,1.3337E-1,46210
0.000476866881141,1.6621E-3,6.928000,1.3354E-1,46200
0.00047749809794,1.6643E-3,6.898100,1.3370E-1,46190
0.000478130217808,1.6665E-3,6.868200,1.3386E-1,46180
0.000478763242134,1.6687E-3,6.838300,1.3402E-1,46170
0.000479397172308,1.6710E-3,6.808400,1.3419E-1,46160
0.000480032009723,1.6732E-3,6.778500,1.3435E-1,46150
0.000480667755776,1.6754E-3,6.748600,1.3451E-1,46140
0.000481304411863,1.6776E-3,6.718700,1.3468E-1,46130
0.000481941979386,1.6798E-3,6.688800,1.3484E-1,46120
0.000482580459746,1.6821E-3,6.658900,1.3501E-1,46110
0.000483219854349,1.6843E-3,6.629000,1.3517E-1,46100
0.0004838601646,1.6865E-3,6.599100,1.3534E-1,46090
0.000484501391911,1.6887E-3,6.569200,1.3550E-1,46080
0.000485143537691,1.6910E-3,6.539300,1.3567E-1,46070
0.000485786603356,1.6932E-3,6.509400,1.3583E-1,46060
0.000486430590322,1.6955E-3,6.479500,1.3600E-1,46050
0.000487075500007,1.6977E-3,6.449600,1.3616E-1,46040
0.000487721333832,1.7000E-3,6.419700,1.3633E-1,46030
0.00048836809322,1.7022E-3,6.389800,1.3649E-1,46020
0.000489015779598,1.7045E-3,6.359900,1.3666E-1,46010
0.000489664394394,1.7067E-3,6.330000,1.3683E-1,46000
0.000490313939037,1.7090E-3,6.300100,1.3699E-1,45990
0.000490964414961,1.7113E-3,6.270200,1.3716E-1,45980
0.0004916158236,1.7135E-3,6.240300,1.3733E-1,45970
0.000492268166392,1.7158E-3,6.210400,1.3750E-1,45960
0.000492921444777,1.7181E-3,6.180500,1.3766E-1,45950
0.000493575660197,1.7204E-3,6.150600,1.3783E-1,45940
0.000494230814097,1.7227E-3,6.120700,1.3800E-1,45930
0.000494886907924,1.7249E-3,6.090800,1.3817E-1,45920
0.000495543943126,1.7272E-3,6.060900,1.3834E-1,45910
0.000496201921156,1.7295E-3,6.031000,1.3851E-1,45900
0.000496860843468,1.7318E-3,6.001100,1.3867E-1,45890
0.000497520711519,1.7341E-3,5.971200,1.3884E-1,45880
0.000498181526767,1.7364E-3,5.941300,1.3901E-1,45870
0.000498843290674,1.7387E-3,5.911400,1.3918E-1,45860
0.000499506004703,1.7410E-3,5.881500,1.3935E-1,45850
0.000500169670321,1.7434E-3,5.851600,1.3952E-1,45840
0.000500834288996,1.7457E-3,5.821700,1.3969E-1,45830
0.0005014998622,1.7480E-3,5.791800,1.3986E-1,45820
0.000502166391405,1.7503E-3,5.761900,1.4004E-1,45810
0.000502833878088,1.7526E-3,5.732000,1.4021E-1,45800
0.000503502323727,1.7550E-3,5.702100,1.4038E-1,45790
0.000504171729803,1.7573E-3,5.672200,1.4055E-1,45780
0.000504842097799,1.7596E-3,5.642300,1.4072E-1,45770
0.0005055134292,1.7620E-3,5.612400,1.4089E-1,45760
0.000506185725495,1.7643E-3,5.582500,1.4107E-1,45750
0.000506858988174,1.7667E-3,5.552600,1.4124E-1,45740
0.000507533218731,1.7690E-3,5.522700,1.4141E-1,45730
0.000508208418661,1.7714E-3,5.492800,1.4158E-1,45720
0.000508884589461,1.7737E-3,5.462900,1.4176E-1,45710
0.000509561732632,1.7761E-3,5.433000,1.4193E-1,45700
0.000510239849678,1.7785E-3,5.403100,1.4210E-1,45690
0.000510918942104,1.7808E-3,5.373200,1.4228E-1,45680
0.000511599011417,1.7832E-3,5.343300,1.4245E-1,45670
0.000512280059128,1.7856E-3,5.313400,1.4263E-1,45660
0.000512962086749,1.7879E-3,5.283500,1.4280E-1,45650
0.000513645095797,1.7903E-3,5.253600,1.4297E-1,45640
0.000514329087789,1.7927E-3,5.223700,1.4315E-1,45630
0.000515014064246,1.7951E-3,5.193800,1.4333E-1,45620
0.00051570002669,1.7975E-3,5.163900,1.4350E-1,45610
0.000516386976647,1.7999E-3,5.134000,1.4368E-1,45600
0.000517074915645,1.8023E-3,5.104100,1.4385E-1,45590
0.000517763845214,1.8047E-3,5.074200,1.4403E-1,45580
0.000518453766888,1.8071E-3,5.044300,1.4420E-1,45570
0.000519144682201,1.8095E-3,5.014400,1.4438E-1,45560
0.000519836592693,1.8119E-3,4.984500,1.4456E-1,45550
0.000520529499904,1.8143E-3,4.954600,1.4474E-1,45540
0.000521223405377,1.8167E-3,4.924700,1.4491E-1,45530
0.000521918310657,1.8192E-3,4.894800,1.4509E-1,45520
0.000522614217294,1.8216E-3,4.864900,1.4527E-1,45510
0.000523311126837,1.8240E-3,4.835000,1.4545E-1,45500
0.000524009040841,1.8265E-3,4.805100,1.4562E-1,45490
0.000524707960862,1.8289E-3,4.775200,1.4580E-1,45480
0.000525407888458,1.8313E-3,4.745300,1.4598E-1,45470
0.00052610882519,1.8338E-3,4.715400,1.4616E-1,45460
0.000526810772622,1.8362E-3,4.685500,1.4634E-1,45450
0.000527513732321,1.8387E-3,4.655600,1.4652E-1,45440
0.000528217705855,1.8411E-3,4.625700,1.4670E-1,45430
0.000528922694797,1.8436E-3,4.595800,1.4688E-1,45420
0.000529628700719,1.8460E-3,4.565900,1.4706E-1,45410
0.0005303357252,1.8485E-3,4.536000,1.4724E-1,45400
0.000531043769818,1.8510E-3,4.506100,1.4742E-1,45390
0.000531752836156,1.8534E-3,4.476200,1.4760E-1,45380
0.000532462925798,1.8559E-3,4.446300,1.4778E-1,45370
0.000533174040331,1.8584E-3,4.416400,1.4796E-1,45360
0.000533886181345,1.8609E-3,4.386500,1.4815E-1,45350
0.000534599350434,1.8634E-3,4.356600,1.4833E-1,45340
0.000535313549191,1.8659E-3,4.326700,1.4851E-1,45330
0.000536028779216,1.8683E-3,4.296800,1.4869E-1,45320
0.000536745042108,1.8708E-3,4.266900,1.4888E-1,45310
0.00053746233947,1.8733E-3,4.237000,1.4906E-1,45300
0.000538180672909,1.8758E-3,4.207100,1.4924E-1,45290
0.000538900044033,1.8784E-3,4.177200,1.4942E-1,45280
0.000539620454453,1.8809E-3,4.147300,1.4961E-1,45270
0.000540341905782,1.8834E-3,4.117400,1.4979E-1,45260
0.000541064399638,1.8859E-3,4.087500,1.4998E-1,45250
0.00054178793764,1.8884E-3,4.057600,1.5016E-1,45240
0.000542512521409,1.8909E-3,4.027700,1.5035E-1,45230
0.00054323815257,1.8935E-3,3.997800,1.5053E-1,45220
0.00054396483275,1.8960E-3,3.967900,1.5072E-1,45210
0.00054469256358,1.8985E-3,3.938000,1.5090E-1,45200
0.000545421346692,1.9011E-3,3.908100,1.5109E-1,45190
0.000546151183721,1.9036E-3,3.878200,1.5127E-1,45180
0.000546882076305,1.9062E-3,3.848300,1.5146E-1,45170
0.000547614026086,1.9087E-3,3.818400,1.5164E-1,45160
0.000548347034707,1.9113E-3,3.788500,1.5183E-1,45150
0.000549081103814,1.9138E-3,3.758600,1.5202E-1,45140
0.000549816235056,1.9164E-3,3.728700,1.5220E-1,45130
0.000550552430085,1.9190E-3,3.698800,1.5239E-1,45120
0.000551289690556,1.9215E-3,3.668900,1.5258E-1,45110
0.000552028018126,1.9241E-3,3.639000,1.5277E-1,45100
0.000552767414455,1.9267E-3,3.609100,1.5296E-1,45090
0.000553507881205,1.9293E-3,3.579200,1.5314E-1,45080
0.000554249420043,1.9319E-3,3.549300,1.5333E-1,45070
0.000554992032637,1.9344E-3,3.519400,1.5352E-1,45060
0.000555735720657,1.9370E-3,3.489500,1.5371E-1,45050
0.000556480485778,1.9396E-3,3.459600,1.5390E-1,45040
0.000557226329676,1.9422E-3,3.429700,1.5409E-1,45030
0.000557973254031,1.9448E-3,3.399800,1.5428E-1,45020
0.000558721260526,1.9474E-3,3.369900,1.5447E-1,45010
0.000559470350844,1.9501E-3,3.340000,1.5466E-1,45000
0.000560220526675,1.9527E-3,3.310100,1.5485E-1,44990
0.000560971789708,1.9553E-3,3.280200,1.5504E-1,44980
0.000561724141638,1.9579E-3,3.250300,1.5523E-1,44970
0.000562477584161,1.9605E-3,3.220400,1.5542E-1,44960
0.000563232118975,1.9632E-3,3.190500,1.5562E-1,44950
0.000563987747783,1.9658E-3,3.160600,1.5581E-1,44940
0.00056474447229,1.9684E-3,3.130700,1.5600E-1,44930
0.000565502294203,1.9711E-3,3.100800,1.5619E-1,44920
0.000566261215234,1.9737E-3,3.070900,1.5638E-1,44910
0.000567021237094,1.9764E-3,3.041000,1.5658E-1,44900
0.000567782361501,1.9790E-3,3.011100,1.5677E-1,44890
0.000568544590173,1.9817E-3,2.981200,1.5696E-1,44880
0.000569307924833,1.9843E-3,2.951300,1.5716E-1,44870
0.000570072367206,1.9870E-3,2.921400,1.5735E-1,44860
0.000570837919018,1.9897E-3,2.891500,1.5755E-1,44850
0.000571604582001,1.9923E-3,2.861600,1.5774E-1,44840
0.000572372357889,1.9950E-3,2.831700,1.5794E-1,44830
0.000573141248416,1.9977E-3,2.801800,1.5813E-1,44820
0.000573911255324,2.0004E-3,2.771900,1.5833E-1,44810
0.000574682380354,2.0031E-3,2.742000,1.5852E-1,44800
0.00057545462525,2.0058E-3,2.712100,1.5872E-1,44790
0.000576227991762,2.0085E-3,2.682200,1.5891E-1,44780
0.00057700248164,2.0112E-3,2.652300,1.5911E-1,44770
0.000577778096637,2.0139E-3,2.622400,1.5931E-1,44760
0.000578554838511,2.0166E-3,2.592500,1.5950E-1,44750
0.000579332709021,2.0193E-3,2.562600,1.5970E-1,44740
0.000580111709931,2.0220E-3,2.532700,1.5990E-1,44730
0.000580891843004,2.0247E-3,2.502800,1.6010E-1,44720
0.000581673110011,2.0274E-3,2.472900,1.6029E-1,44710
0.000582455512722,2.0302E-3,2.443000,1.6049E-1,44700
0.000583239052912,2.0329E-3,2.413100,1.6069E-1,44690
0.000584023732358,2.0356E-3,2.383200,1.6089E-1,44680
0.000584809552842,2.0384E-3,2.353300,1.6109E-1,44670
0.000585596516145,2.0411E-3,2.323400,1.6129E-1,44660
0.000586384624055,2.0439E-3,2.293500,1.6149E-1,44650
0.00058717387836,2.0466E-3,2.263600,1.6169E-1,44640
0.000587964280854,2.0494E-3,2.233700,1.6189E-1,44630
0.000588755833331,2.0521E-3,2.203800,1.6209E-1,44620
0.000589548537589,2.0549E-3,2.173900,1.6229E-1,44610
0.000590342395431,2.0577E-3,2.144000,1.6249E-1,44600
0.00059113740866,2.0604E-3,2.114100,1.6269E-1,44590
0.000591933579084,2.0632E-3,2.084200,1.6289E-1,44580
0.000592730908513,2.0660E-3,2.054300,1.6309E-1,44570
0.000593529398761,2.0688E-3,2.024400,1.6329E-1,44560
0.000594329051643,2.0716E-3,1.994500,1.6350E-1,44550
0.00059512986898,2.0743E-3,1.964600,1.6370E-1,44540
0.000595931852594,2.0771E-3,1.934700,1.6390E-1,44530
0.000596735004311,2.0799E-3,1.904800,1.6410E-1,44520
0.000597539325959,2.0827E-3,1.874900,1.6431E-1,44510
0.00059834481937,2.0856E-3,1.845000,1.6451E-1,44500
0.000599151486378,2.0884E-3,1.815100,1.6472E-1,44490
0.000599959328823,2.0912E-3,1.785200,1.6492E-1,44480
0.000600768348543,2.0940E-3,1.755300,1.6512E-1,44470
0.000601578547384,2.0968E-3,1.725400,1.6533E-1,44460
0.000602389927193,2.0997E-3,1.695500,1.6553E-1,44450
0.000603202489819,2.1025E-3,1.665600,1.6574E-1,44440
0.000604016237117,2.1053E-3,1.635700,1.6594E-1,44430
0.000604831170942,2.1082E-3,1.605800,1.6615E-1,44420
0.000605647293154,2.1110E-3,1.575900,1.6636E-1,44410
0.000606464605615,2.1139E-3,1.546000,1.6656E-1,44400
0.000607283110192,2.1167E-3,1.516100,1.6677E-1,44390
0.000608102808753,2.1196E-3,1.486200,1.6698E-1,44380
0.00060892370317,2.1224E-3,1.456300,1.6718E-1,44370
0.000609745795319,2.1253E-3,1.426400,1.6739E-1,44360
0.000610569087077,2.1282E-3,1.396500,1.6760E-1,44350
0.000611393580327,2.1310E-3,1.366600,1.6781E-1,44340
0.000612219276952,2.1339E-3,1.336700,1.6802E-1,44330
0.00061304617884,2.1368E-3,1.306800,1.6822E-1,44320
0.000613874287883,2.1397E-3,1.276900,1.6843E-1,44310
0.000614703605975,2.1426E-3,1.247000,1.6864E-1,44300
0.000615534135012,2.1455E-3,1.217100,1.6885E-1,44290
0.000616365876896,2.1484E-3,1.187200,1.6906E-1,44280
0.000617198833529,2.1513E-3,1.157300,1.6927E-1,44270
0.000618033006819,2.1542E-3,1.127400,1.6948E-1,44260
0.000618868398676,2.1571E-3,1.097500,1.6969E-1,44250
0.000619705011014,2.1600E-3,1.067600,1.6990E-1,44240
0.000620542845747,2.1629E-3,1.037700,1.7011E-1,44230
0.000621381904797,2.1658E-3,1.007800,1.7033E-1,44220
0.000622222190086,2.1688E-3,0.977900,1.7054E-1,44210
0.000623063703541,2.1717E-3,0.948000,1.7075E-1,44200
0.00062390644709,2.1746E-3,0.918100,1.7096E-1,44190
0.000624750422666,2.1776E-3,0.888200,1.7117E-1,44180
0.000625595632206,2.1805E-3,0.858300,1.7139E-1,44170
0.000626442077648,2.1835E-3,0.828400,1.7160E-1,44160
0.000627289760935,2.1864E-3,0.798500,1.7181E-1,44150
0.000628138684012,2.1894E-3,0.768600,1.7203E-1,44140
0.000628988848829,2.1924E-3,0.738700,1.7224E-1,44130
0.000629840257337,2.1953E-3,0.708800,1.7246E-1,44120
0.000630692911492,2.1983E-3,0.678900,1.7267E-1,44110
0.000631546813252,2.2013E-3,0.649000,1.7289E-1,44100
0.000632401964581,2.2043E-3,0.619100,1.7310E-1,44090
0.000633258367443,2.2072E-3,0.589200,1.7332E-1,44080
0.000634116023807,2.2102E-3,0.559300,1.7353E-1,44070
0.000634974935644,2.2132E-3,0.529400,1.7375E-1,44060
0.000635835104931,2.2162E-3,0.499500,1.7396E-1,44050
0.000636696533645,2.2192E-3,0.469600,1.7418E-1,44040
0.00063755922377,2.2222E-3,0.439700,1.7440E-1,44030
0.000638423177289,2.2252E-3,0.409800,1.7461E-1,44020
0.000639288396192,2.2283E-3,0.379900,1.7483E-1,44010
0.000640154882471,2.2313E-3,0.350000,1.7505E-1,44000
0.00064102263812,2.2343E-3,0.320100,1.7527E-1,43990
0.00064189166514,2.2373E-3,0.290200,1.7549E-1,43980
0.000642761965531,2.2404E-3,0.260300,1.7571E-1,43970
0.0006436335413,2.2434E-3,0.230400,1.7592E-1,43960
0.000644506394454,2.2464E-3,0.200500,1.7614E-1,43950
0.000645380527007,2.2495E-3,0.170600,1.7636E-1,43940
0.000646255940973,2.2525E-3,0.140700,1.7658E-1,43930
0.000647132638373,2.2556E-3,0.110800,1.7680E-1,43920
0.000648010621228,2.2587E-3,0.080900,1.7702E-1,43910
0.000648889891563,2.2617E-3,0.051000,1.7724E-1,43900
0.000649770451409,2.2648E-3,0.021100,1.7747E-1,43890
0.000650652302798,2.2679E-3,-0.008800,1.7769E-1,43880
0.000651535447766,2.2709E-3,-0.038700,1.7791E-1,43870
0.000652419888352,2.2740E-3,-0.068600,1.7813E-1,43860
0.000653305626599,2.2771E-3,-0.098500,1.7835E-1,43850
0.000654192664554,2.2802E-3,-0.128400,1.7858E-1,43840
0.000655081004267,2.2833E-3,-0.158300,1.7880E-1,43830
0.000655970647791,2.2864E-3,-0.188200,1.7902E-1,43820
0.000656861597182,2.2895E-3,-0.218100,1.7925E-1,43810
0.000657753854501,2.2926E-3,-0.248000,1.7947E-1,43800
0.000658647421812,2.2957E-3,-0.277900,1.7969E-1,43790
0.000659542301181,2.2989E-3,-0.307800,1.7992E-1,43780
0.00066043849468,2.3020E-3,-0.337700,1.8014E-1,43770
0.000661336004382,2.3051E-3,-0.367600,1.8037E-1,43760
0.000662234832366,2.3082E-3,-0.397500,1.8059E-1,43750
0.000663134980712,2.3114E-3,-0.427400,1.8082E-1,43740
0.000664036451505,2.3145E-3,-0.457300,1.8104E-1,43730
0.000664939246833,2.3177E-3,-0.487200,1.8127E-1,43720
0.000665843368789,2.3208E-3,-0.517100,1.8150E-1,43710
0.000666748819467,2.3240E-3,-0.547000,1.8172E-1,43700
0.000667655600966,2.3271E-3,-0.576900,1.8195E-1,43690
0.000668563715388,2.3303E-3,-0.606800,1.8218E-1,43680
0.00066947316484,2.3335E-3,-0.636700,1.8241E-1,43670
0.000670383951431,2.3366E-3,-0.666600,1.8263E-1,43660
0.000671296077274,2.3398E-3,-0.696500,1.8286E-1,43650
0.000672209544485,2.3430E-3,-0.726400,1.8309E-1,43640
0.000673124355185,2.3462E-3,-0.756300,1.8332E-1,43630
0.000674040511498,2.3494E-3,-0.786200,1.8355E-1,43620
0.00067495801555,2.3526E-3,-0.816100,1.8378E-1,43610
0.000675876869473,2.3558E-3,-0.846000,1.8401E-1,43600
0.000676797075402,2.3590E-3,-0.875900,1.8424E-1,43590
0.000677718635474,2.3622E-3,-0.905800,1.8447E-1,43580
0.000678641551832,2.3654E-3,-0.935700,1.8470E-1,43570
0.00067956582662,2.3687E-3,-0.965600,1.8493E-1,43560
0.000680491461988,2.3719E-3,-0.995500,1.8516E-1,43550
0.000681418460088,2.3751E-3,-1.025400,1.8540E-1,43540
0.000682346823078,2.3783E-3,-1.055300,1.8563E-1,43530
0.000683276553116,2.3816E-3,-1.085200,1.8586E-1,43520
0.000684207652366,2.3848E-3,-1.115100,1.8609E-1,43510
0.000685140122996,2.3881E-3,-1.145000,1.8633E-1,43500
0.000686073967177,2.3913E-3,-1.174900,1.8656E-1,43490
0.000687009187083,2.3946E-3,-1.204800,1.8679E-1,43480
0.000687945784893,2.3979E-3,-1.234700,1.8703E-1,43470
0.000688883762788,2.4011E-3,-1.264600,1.8726E-1,43460
0.000689823122955,2.4044E-3,-1.294500,1.8750E-1,43450
0.000690763867582,2.4077E-3,-1.324400,1.8773E-1,43440
0.000691705998864,2.4110E-3,-1.354300,1.8797E-1,43430
0.000692649518995,2.4143E-3,-1.384200,1.8820E-1,43420
0.000693594430179,2.4175E-3,-1.414100,1.8844E-1,43410
0.000694540734617,2.4208E-3,-1.444000,1.8868E-1,43400
0.000695488434519,2.4241E-3,-1.473900,1.8891E-1,43390
0.000696437532097,2.4275E-3,-1.503800,1.8915E-1,43380
0.000697388029565,2.4308E-3,-1.533700,1.8939E-1,43370
0.000698339929144,2.4341E-3,-1.563600,1.8962E-1,43360
0.000699293233055,2.4374E-3,-1.593500,1.8986E-1,43350
0.000700247943526,2.4407E-3,-1.623400,1.9010E-1,43340
0.000701204062788,2.4441E-3,-1.653300,1.9034E-1,43330
0.000702161593075,2.4474E-3,-1.683200,1.9058E-1,43320
0.000703120536625,2.4508E-3,-1.713100,1.9082E-1,43310
0.00070408089568,2.4541E-3,-1.743000,1.9106E-1,43300
0.000705042672485,2.4575E-3,-1.772900,1.9130E-1,43290
0.000706005869291,2.4608E-3,-1.802800,1.9154E-1,43280
0.00070697048835,2.4642E-3,-1.832700,1.9178E-1,43270
0.000707936531921,2.4675E-3,-1.862600,1.9202E-1,43260
0.000708904002263,2.4709E-3,-1.892500,1.9226E-1,43250
0.000709872901642,2.4743E-3,-1.922400,1.9250E-1,43240
0.000710843232326,2.4777E-3,-1.952300,1.9274E-1,43230
0.000711814996589,2.4811E-3,-1.982200,1.9299E-1,43220
0.000712788196706,2.4844E-3,-2.012100,1.9323E-1,43210
0.000713762834958,2.4878E-3,-2.042000,1.9347E-1,43200
0.000714738913629,2.4912E-3,-2.071900,1.9371E-1,43190
0.000715716435007,2.4947E-3,-2.101800,1.9396E-1,43180
0.000716695401384,2.4981E-3,-2.131700,1.9420E-1,43170
0.000717675815056,2.5015E-3,-2.161600,1.9445E-1,43160
0.000718657678323,2.5049E-3,-2.191500,1.9469E-1,43150
0.000719640993488,2.5083E-3,-2.221400,1.9494E-1,43140
0.000720625762858,2.5118E-3,-2.251300,1.9518E-1,43130
0.000721611988746,2.5152E-3,-2.281200,1.9543E-1,43120
0.000722599673467,2.5186E-3,-2.311100,1.9567E-1,43110
0.00072358881934,2.5221E-3,-2.341000,1.9592E-1,43100
0.000724579428688,2.5255E-3,-2.370900,1.9616E-1,43090
0.000725571503839,2.5290E-3,-2.400800,1.9641E-1,43080
0.000726565047123,2.5325E-3,-2.430700,1.9666E-1,43070
0.000727560060877,2.5359E-3,-2.460600,1.9691E-1,43060
0.000728556547439,2.5394E-3,-2.490500,1.9715E-1,43050
0.000729554509152,2.5429E-3,-2.520400,1.9740E-1,43040
0.000730553948363,2.5464E-3,-2.550300,1.9765E-1,43030
0.000731554867424,2.5499E-3,-2.580200,1.9790E-1,43020
0.00073255726869,2.5534E-3,-2.610100,1.9815E-1,43010
0.000733561154519,2.5569E-3,-2.640000,1.9840E-1,43000
0.000734566527275,2.5604E-3,-2.669900,1.9865E-1,42990
0.000735573389325,2.5639E-3,-2.699800,1.9890E-1,42980
0.000736581743041,2.5674E-3,-2.729700,1.9915E-1,42970
0.000737591590797,2.5709E-3,-2.759600,1.9940E-1,42960
0.000738602934972,2.5744E-3,-2.789500,1.9965E-1,42950
0.000739615777951,2.5780E-3,-2.819400,1.9990E-1,42940
0.00074063012212,2.5815E-3,-2.849300,2.0016E-1,42930
0.000741645969871,2.5850E-3,-2.879200,2.0041E-1,42920
0.0007426633236,2.5886E-3,-2.909100,2.0066E-1,42910
0.000743682185706,2.5921E-3,-2.939000,2.0091E-1,42900
0.000744702558592,2.5957E-3,-2.968900,2.0117E-1,42890
0.000745724444667,2.5992E-3,-2.998800,2.0142E-1,42880
0.000746747846342,2.6028E-3,-3.028700,2.0168E-1,42870
0.000747772766034,2.6064E-3,-3.058600,2.0193E-1,42860
0.000748799206162,2.6100E-3,-3.088500,2.0218E-1,42850
0.000749827169152,2.6135E-3,-3.118400,2.0244E-1,42840
0.00075085665743,2.6171E-3,-3.148300,2.0270E-1,42830
0.000751887673431,2.6207E-3,-3.178200,2.0295E-1,42820
0.000752920219589,2.6243E-3,-3.208100,2.0321E-1,42810
0.000753954298348,2.6279E-3,-3.238000,2.0346E-1,42800
0.00075498991215,2.6315E-3,-3.267900,2.0372E-1,42790
0.000756027063446,2.6352E-3,-3.297800,2.0398E-1,42780
0.000757065754689,2.6388E-3,-3.327700,2.0424E-1,42770
0.000758105988337,2.6424E-3,-3.357600,2.0449E-1,42760
0.00075914776685,2.6460E-3,-3.387500,2.0475E-1,42750
0.000760191092696,2.6497E-3,-3.417400,2.0501E-1,42740
0.000761235968344,2.6533E-3,-3.447300,2.0527E-1,42730
0.000762282396269,2.6570E-3,-3.477200,2.0553E-1,42720
0.000763330378949,2.6606E-3,-3.507100,2.0579E-1,42710
0.000764379918867,2.6643E-3,-3.537000,2.0605E-1,42700
0.00076543101851,2.6679E-3,-3.566900,2.0631E-1,42690
0.00076648368037,2.6716E-3,-3.596800,2.0657E-1,42680
0.000767537906942,2.6753E-3,-3.626700,2.0683E-1,42670
0.000768593700726,2.6790E-3,-3.656600,2.0709E-1,42660
0.000769651064225,2.6826E-3,-3.686500,2.0735E-1,42650
0.00077070999995,2.6863E-3,-3.716400,2.0762E-1,42640
0.000771770510411,2.6900E-3,-3.746300,2.0788E-1,42630
0.000772832598126,2.6937E-3,-3.776200,2.0814E-1,42620
0.000773896265617,2.6974E-3,-3.806100,2.0841E-1,42610
0.000774961515409,2.7012E-3,-3.836000,2.0867E-1,42600
0.000776028350032,2.7049E-3,-3.865900,2.0893E-1,42590
0.00077709677202,2.7086E-3,-3.895800,2.0920E-1,42580
0.000778166783911,2.7123E-3,-3.925700,2.0946E-1,42570
0.000779238388249,2.7161E-3,-3.955600,2.0973E-1,42560
0.000780311587581,2.7198E-3,-3.985500,2.0999E-1,42550
0.000781386384459,2.7235E-3,-4.015400,2.1026E-1,42540
0.000782462781438,2.7273E-3,-4.045300,2.1053E-1,42530
0.000783540781079,2.7311E-3,-4.075200,2.1079E-1,42520
0.000784620385946,2.7348E-3,-4.105100,2.1106E-1,42510
0.000785701598609,2.7386E-3,-4.135000,2.1133E-1,42500
0.000786784421642,2.7424E-3,-4.164900,2.1159E-1,42490
0.000787868857621,2.7461E-3,-4.194800,2.1186E-1,42480
0.00078895490913,2.7499E-3,-4.224700,2.1213E-1,42470
0.000790042578756,2.7537E-3,-4.254600,2.1240E-1,42460
0.000791131869089,2.7575E-3,-4.284500,2.1267E-1,42450
0.000792222782725,2.7613E-3,-4.314400,2.1294E-1,42440
0.000793315322265,2.7651E-3,-4.344300,2.1321E-1,42430
0.000794409490312,2.7689E-3,-4.374200,2.1348E-1,42420
0.000795505289476,2.7728E-3,-4.404100,2.1375E-1,42410
0.000796602722371,2.7766E-3,-4.434000,2.1402E-1,42400
0.000797701791614,2.7804E-3,-4.463900,2.1429E-1,42390
0.000798802499827,2.7843E-3,-4.493800,2.1456E-1,42380
0.000799904849638,2.7881E-3,-4.523700,2.1484E-1,42370
0.000801008843679,2.7919E-3,-4.553600,2.1511E-1,42360
0.000802114484584,2.7958E-3,-4.583500,2.1538E-1,42350
0.000803221774995,2.7997E-3,-4.613400,2.1565E-1,42340
0.000804330717557,2.8035E-3,-4.643300,2.1593E-1,42330
0.000805441314918,2.8074E-3,-4.673200,2.1620E-1,42320
0.000806553569734,2.8113E-3,-4.703100,2.1648E-1,42310
0.000807667484662,2.8152E-3,-4.733000,2.1675E-1,42300
0.000808783062367,2.8190E-3,-4.762900,2.1703E-1,42290
0.000809900305515,2.8229E-3,-4.792800,2.1730E-1,42280
0.00081101921678,2.8268E-3,-4.822700,2.1758E-1,42270
0.000812139798837,2.8307E-3,-4.852600,2.1785E-1,42260
0.00081326205437,2.8347E-3,-4.882500,2.1813E-1,42250
0.000814385986063,2.8386E-3,-4.912400,2.1841E-1,42240
0.000815511596607,2.8425E-3,-4.942300,2.1869E-1,42230
0.000816638888698,2.8464E-3,-4.972200,2.1896E-1,42220
0.000817767865037,2.8504E-3,-5.002100,2.1924E-1,42210
0.000818898528326,2.8543E-3,-5.032000,2.1952E-1,42200
0.000820030881277,2.8582E-3,-5.061900,2.1980E-1,42190
0.000821164926602,2.8622E-3,-5.091800,2.2008E-1,42180
0.00082230066702,2.8662E-3,-5.121700,2.2036E-1,42170
0.000823438105255,2.8701E-3,-5.151600,2.2064E-1,42160
0.000824577244035,2.8741E-3,-5.181500,2.2092E-1,42150
0.000825718086091,2.8781E-3,-5.211400,2.2120E-1,42140
0.000826860634162,2.8821E-3,-5.241300,2.2148E-1,42130
0.00082800489099,2.8860E-3,-5.271200,2.2176E-1,42120
0.00082915085932,2.8900E-3,-5.301100,2.2205E-1,42110
0.000830298541906,2.8940E-3,-5.331000,2.2233E-1,42100
0.000831447941502,2.8980E-3,-5.360900,2.2261E-1,42090
0.000832599060871,2.9021E-3,-5.390800,2.2289E-1,42080
0.000833751902777,2.9061E-3,-5.420700,2.2318E-1,42070
0.000834906469991,2.9101E-3,-5.450600,2.2346E-1,42060
0.000836062765288,2.9141E-3,-5.480500,2.2375E-1,42050
0.000837220791448,2.9182E-3,-5.510400,2.2403E-1,42040
0.000838380551256,2.9222E-3,-5.540300,2.2432E-1,42030
0.000839542047502,2.9263E-3,-5.570200,2.2460E-1,42020
0.00084070528298,2.9303E-3,-5.600100,2.2489E-1,42010
0.000841870260489,2.9344E-3,-5.630000,2.2518E-1,42000
0.000843036982833,2.9384E-3,-5.659900,2.2546E-1,41990
0.000844205452821,2.9425E-3,-5.689800,2.2575E-1,41980
0.000845375673266,2.9466E-3,-5.719700,2.2604E-1,41970
0.000846547646988,2.9507E-3,-5.749600,2.2632E-1,41960
0.000847721376809,2.9548E-3,-5.779500,2.2661E-1,41950
0.000848896865558,2.9589E-3,-5.809400,2.2690E-1,41940
0.000850074116067,2.9630E-3,-5.839300,2.2719E-1,41930
0.000851253131176,2.9671E-3,-5.869200,2.2748E-1,41920
0.000852433913726,2.9712E-3,-5.899100,2.2777E-1,41910
0.000853616466565,2.9753E-3,-5.929000,2.2806E-1,41900
0.000854800792546,2.9794E-3,-5.958900,2.2835E-1,41890
0.000855986894527,2.9836E-3,-5.988800,2.2864E-1,41880
0.00085717477537,2.9877E-3,-6.018700,2.2894E-1,41870
0.000858364437943,2.9919E-3,-6.048600,2.2923E-1,41860
0.000859555885118,2.9960E-3,-6.078500,2.2952E-1,41850
0.000860749119772,3.0002E-3,-6.108400,2.2981E-1,41840
0.000861944144788,3.0043E-3,-6.138300,2.3011E-1,41830
0.000863140963052,3.0085E-3,-6.168200,2.3040E-1,41820
0.000864339577458,3.0127E-3,-6.198100,2.3069E-1,41810
0.000865539990903,3.0169E-3,-6.228000,2.3099E-1,41800
0.000866742206288,3.0211E-3,-6.257900,2.3128E-1,41790
0.000867946226521,3.0253E-3,-6.287800,2.3158E-1,41780
0.000869152054514,3.0295E-3,-6.317700,2.3187E-1,41770
0.000870359693185,3.0337E-3,-6.347600,2.3217E-1,41760
0.000871569145455,3.0379E-3,-6.377500,2.3247E-1,41750
0.000872780414253,3.0421E-3,-6.407400,2.3276E-1,41740
0.000873993502511,3.0463E-3,-6.437300,2.3306E-1,41730
0.000875208413166,3.0506E-3,-6.467200,2.3336E-1,41720
0.00087642514916,3.0548E-3,-6.497100,2.3366E-1,41710
0.000877643713442,3.0591E-3,-6.527000,2.3396E-1,41700
0.000878864108964,3.0633E-3,-6.556900,2.3426E-1,41690
0.000880086338684,3.0676E-3,-6.586800,2.3455E-1,41680
0.000881310405566,3.0718E-3,-6.616700,2.3485E-1,41670
0.000882536312576,3.0761E-3,-6.646600,2.3515E-1,41660
0.000883764062688,3.0804E-3,-6.676500,2.3546E-1,41650
0.000884993658881,3.0847E-3,-6.706400,2.3576E-1,41640
0.000886225104138,3.0890E-3,-6.736300,2.3606E-1,41630
0.000887458401448,3.0933E-3,-6.766200,2.3636E-1,41620
0.000888693553804,3.0976E-3,-6.796100,2.3666E-1,41610
0.000889930564206,3.1019E-3,-6.826000,2.3697E-1,41600
0.000891169435658,3.1062E-3,-6.855900,2.3727E-1,41590
0.000892410171169,3.1105E-3,-6.885800,2.3757E-1,41580
0.000893652773753,3.1149E-3,-6.915700,2.3788E-1,41570
0.000894897246431,3.1192E-3,-6.945600,2.3818E-1,41560
0.000896143592227,3.1235E-3,-6.975500,2.3849E-1,41550
0.000897391814172,3.1279E-3,-7.005400,2.3879E-1,41540
0.000898641915302,3.1322E-3,-7.035300,2.3910E-1,41530
0.000899893898656,3.1366E-3,-7.065200,2.3940E-1,41520
0.000901147767281,3.1410E-3,-7.095100,2.3971E-1,41510
0.000902403524229,3.1454E-3,-7.125000,2.4002E-1,41500
0.000903661172555,3.1497E-3,-7.154900,2.4032E-1,41490
0.000904920715322,3.1541E-3,-7.184800,2.4063E-1,41480
0.000906182155597,3.1585E-3,-7.214700,2.4094E-1,41470
0.000907445496453,3.1629E-3,-7.244600,2.4125E-1,41460
0.000908710740966,3.1673E-3,-7.274500,2.4156E-1,41450
0.000909977892221,3.1718E-3,-7.304400,2.4187E-1,41440
0.000911246953305,3.1762E-3,-7.334300,2.4218E-1,41430
0.000912517927313,3.1806E-3,-7.364200,2.4249E-1,41420
0.000913790817344,3.1850E-3,-7.394100,2.4280E-1,41410
0.000915065626501,3.1895E-3,-7.424000,2.4311E-1,41400
0.000916342357896,3.1939E-3,-7.453900,2.4342E-1,41390
0.000917621014644,3.1984E-3,-7.483800,2.4374E-1,41380
0.000918901599865,3.2029E-3,-7.513700,2.4405E-1,41370
0.000920184116685,3.2073E-3,-7.543600,2.4436E-1,41360
0.000921468568236,3.2118E-3,-7.573500,2.4467E-1,41350
0.000922754957654,3.2163E-3,-7.603400,2.4499E-1,41340
0.000924043288084,3.2208E-3,-7.633300,2.4530E-1,41330
0.000925333562671,3.2253E-3,-7.663200,2.4562E-1,41320
0.00092662578457,3.2298E-3,-7.693100,2.4593E-1,41310
0.000927919956939,3.2343E-3,-7.723000,2.4625E-1,41300
0.000929216082942,3.2388E-3,-7.752900,2.4656E-1,41290
0.00093051416575,3.2433E-3,-7.782800,2.4688E-1,41280
0.000931814208538,3.2479E-3,-7.812700,2.4720E-1,41270
0.000933116214486,3.2524E-3,-7.842600,2.4752E-1,41260
0.000934420186781,3.2570E-3,-7.872500,2.4783E-1,41250
0.000935726128614,3.2615E-3,-7.902400,2.4815E-1,41240
0.000937034043183,3.2661E-3,-7.932300,2.4847E-1,41230
0.000938343933692,3.2706E-3,-7.962200,2.4879E-1,41220
0.000939655803347,3.2752E-3,-7.992100,2.4911E-1,41210
0.000940969655364,3.2798E-3,-8.022000,2.4943E-1,41200
0.000942285492962,3.2844E-3,-8.051900,2.4975E-1,41190
0.000943603319366,3.2890E-3,-8.081800,2.5007E-1,41180
0.000944923137808,3.2936E-3,-8.111700,2.5039E-1,41170
0.000946244951523,3.2982E-3,-8.141600,2.5072E-1,41160
0.000947568763754,3.3028E-3,-8.171500,2.5104E-1,41150
0.000948894577748,3.3074E-3,-8.201400,2.5136E-1,41140
0.000950222396759,3.3120E-3,-8.231300,2.5168E-1,41130
0.000951552224046,3.3167E-3,-8.261200,2.5201E-1,41120
0.000952884062874,3.3213E-3,-8.291100,2.5233E-1,41110
0.000954217916512,3.3260E-3,-8.321000,2.5266E-1,41100
0.000955553788238,3.3306E-3,-8.350900,2.5298E-1,41090
0.000956891681332,3.3353E-3,-8.380800,2.5331E-1,41080
0.000958231599082,3.3399E-3,-8.410700,2.5363E-1,41070
0.000959573544781,3.3446E-3,-8.440600,2.5396E-1,41060
0.000960917521729,3.3493E-3,-8.470500,2.5429E-1,41050
0.000962263533229,3.3540E-3,-8.500400,2.5461E-1,41040
0.000963611582593,3.3587E-3,-8.530300,2.5494E-1,41030
0.000964961673136,3.3634E-3,-8.560200,2.5527E-1,41020
0.000966313808181,3.3681E-3,-8.590100,2.5560E-1,41010
0.000967667991055,3.3728E-3,-8.620000,2.5593E-1,41000
0.000969024225091,3.3776E-3,-8.649900,2.5626E-1,40990
0.000970382513629,3.3823E-3,-8.679800,2.5659E-1,40980
0.000971742860014,3.3870E-3,-8.709700,2.5692E-1,40970
0.000973105267597,3.3918E-3,-8.739600,2.5725E-1,40960
0.000974469739735,3.3965E-3,-8.769500,2.5758E-1,40950
0.00097583627979,3.4013E-3,-8.799400,2.5791E-1,40940
0.000977204891131,3.4061E-3,-8.829300,2.5825E-1,40930
0.000978575577132,3.4109E-3,-8.859200,2.5858E-1,40920
0.000979948341174,3.4156E-3,-8.889100,2.5891E-1,40910
0.000981323186642,3.4204E-3,-8.919000,2.5925E-1,40900
0.000982700116929,3.4252E-3,-8.948900,2.5958E-1,40890
0.000984079135433,3.4300E-3,-8.978800,2.5992E-1,40880
0.000985460245557,3.4349E-3,-9.008700,2.6025E-1,40870
0.000986843450711,3.4397E-3,-9.038600,2.6059E-1,40860
0.000988228754311,3.4445E-3,-9.068500,2.6092E-1,40850
0.000989616159779,3.4493E-3,-9.098400,2.6126E-1,40840
0.000991005670543,3.4542E-3,-9.128300,2.6160E-1,40830
0.000992397290035,3.4590E-3,-9.158200,2.6194E-1,40820
0.000993791021696,3.4639E-3,-9.188100,2.6227E-1,40810
0.000995186868972,3.4688E-3,-9.218000,2.6261E-1,40800
0.000996584835313,3.4736E-3,-9.247900,2.6295E-1,40790
0.000997984924178,3.4785E-3,-9.277800,2.6329E-1,40780
0.000999387139031,3.4834E-3,-9.307700,2.6363E-1,40770
0.00100079148334,3.4883E-3,-9.337600,2.6397E-1,40760
0.001002197960583,3.4932E-3,-9.367500,2.6431E-1,40750
0.001003606574241,3.4981E-3,-9.397400,2.6465E-1,40740
0.001005017327801,3.5030E-3,-9.427300,2.6500E-1,40730
0.001006430224758,3.5079E-3,-9.457200,2.6534E-1,40720
0.001007845268612,3.5129E-3,-9.487100,2.6568E-1,40710
0.00100926246287,3.5178E-3,-9.517000,2.6602E-1,40700
0.001010681811044,3.5228E-3,-9.546900,2.6637E-1,40690
0.001012103316651,3.5277E-3,-9.576800,2.6671E-1,40680
0.001013526983218,3.5327E-3,-9.606700,2.6706E-1,40670
0.001014952814274,3.5377E-3,-9.636600,2.6740E-1,40660
0.001016380813357,3.5426E-3,-9.666500,2.6775E-1,40650
0.001017810984011,3.5476E-3,-9.696400,2.6810E-1,40640
0.001019243329783,3.5526E-3,-9.726300,2.6844E-1,40630
0.001020677854231,3.5576E-3,-9.756200,2.6879E-1,40620
0.001022114560915,3.5626E-3,-9.786100,2.6914E-1,40610
0.001023553453404,3.5676E-3,-9.816000,2.6949E-1,40600
0.001024994535273,3.5727E-3,-9.845900,2.6983E-1,40590
0.001026437810101,3.5777E-3,-9.875800,2.7018E-1,40580
0.001027883281475,3.5827E-3,-9.905700,2.7053E-1,40570
0.001029330952989,3.5878E-3,-9.935600,2.7088E-1,40560
0.001030780828242,3.5928E-3,-9.965500,2.7123E-1,40550
0.00103223291084,3.5979E-3,-9.995400,2.7159E-1,40540
0.001033687204394,3.6030E-3,-10.025300,2.7194E-1,40530
0.001035143712522,3.6080E-3,-10.055200,2.7229E-1,40520
0.00103660243885,3.6131E-3,-10.085100,2.7264E-1,40510
0.001038063387009,3.6182E-3,-10.115000,2.7300E-1,40500
0.001039526560635,3.6233E-3,-10.144900,2.7335E-1,40490
0.001040991963373,3.6284E-3,-10.174800,2.7370E-1,40480
0.001042459598872,3.6335E-3,-10.204700,2.7406E-1,40470
0.001043929470789,3.6387E-3,-10.234600,2.7441E-1,40460
0.001045401582787,3.6438E-3,-10.264500,2.7477E-1,40450
0.001046875938535,3.6489E-3,-10.294400,2.7512E-1,40440
0.001048352541709,3.6541E-3,-10.324300,2.7548E-1,40430
0.001049831395991,3.6592E-3,-10.354200,2.7584E-1,40420
0.001051312505069,3.6644E-3,-10.384100,2.7620E-1,40410
0.00105279587264,3.6696E-3,-10.414000,2.7655E-1,40400
0.001054281502403,3.6747E-3,-10.443900,2.7691E-1,40390
0.001055769398068,3.6799E-3,-10.473800,2.7727E-1,40380
0.001057259563348,3.6851E-3,-10.503700,2.7763E-1,40370
0.001058752001966,3.6903E-3,-10.533600,2.7799E-1,40360
0.001060246717647,3.6955E-3,-10.563500,2.7835E-1,40350
0.001061743714128,3.7007E-3,-10.593400,2.7871E-1,40340
0.001063242995147,3.7060E-3,-10.623300,2.7908E-1,40330
0.001064744564454,3.7112E-3,-10.653200,2.7944E-1,40320
0.0010662484258,3.7164E-3,-10.683100,2.7980E-1,40310
0.001067754582947,3.7217E-3,-10.713000,2.8016E-1,40300
0.001069263039662,3.7270E-3,-10.742900,2.8053E-1,40290
0.001070773799718,3.7322E-3,-10.772800,2.8089E-1,40280
0.001072286866896,3.7375E-3,-10.802700,2.8126E-1,40270
0.001073802244982,3.7428E-3,-10.832600,2.8162E-1,40260
0.00107531993777,3.7481E-3,-10.862500,2.8199E-1,40250
0.00107683994906,3.7534E-3,-10.892400,2.8236E-1,40240
0.001078362282659,3.7587E-3,-10.922300,2.8272E-1,40230
0.00107988694238,3.7640E-3,-10.952200,2.8309E-1,40220
0.001081413932044,3.7693E-3,-10.982100,2.8346E-1,40210
0.001082943255478,3.7746E-3,-11.012000,2.8383E-1,40200
0.001084474916515,3.7800E-3,-11.041900,2.8420E-1,40190
0.001086008918996,3.7853E-3,-11.071800,2.8456E-1,40180
0.001087545266767,3.7907E-3,-11.101700,2.8494E-1,40170
0.001089083963683,3.7960E-3,-11.131600,2.8531E-1,40160
0.001090625013605,3.8014E-3,-11.161500,2.8568E-1,40150
0.001092168420399,3.8068E-3,-11.191400,2.8605E-1,40140
0.001093714187941,3.8122E-3,-11.221300,2.8642E-1,40130
0.001095262320111,3.8176E-3,-11.251200,2.8679E-1,40120
0.001096812820797,3.8230E-3,-11.281100,2.8717E-1,40110
0.001098365693894,3.8284E-3,-11.311000,2.8754E-1,40100
0.001099920943304,3.8338E-3,-11.340900,2.8791E-1,40090
0.001101478572934,3.8392E-3,-11.370800,2.8829E-1,40080
0.001103038586701,3.8447E-3,-11.400700,2.8866E-1,40070
0.001104600988527,3.8501E-3,-11.430600,2.8904E-1,40060
0.00110616578234,3.8556E-3,-11.460500,2.8942E-1,40050
0.001107732972076,3.8610E-3,-11.490400,2.8979E-1,40040
0.001109302561679,3.8665E-3,-11.520300,2.9017E-1,40030
0.001110874555099,3.8720E-3,-11.550200,2.9055E-1,40020
0.001112448956293,3.8775E-3,-11.580100,2.9093E-1,40010
0.001114025769223,3.8830E-3,-11.610000,2.9131E-1,40000
0.001115604997862,3.8885E-3,-11.639900,2.9169E-1,39990
0.001117186646186,3.8940E-3,-11.669800,2.9207E-1,39980
0.001118770718181,3.8995E-3,-11.699700,2.9245E-1,39970
0.001120357217839,3.9050E-3,-11.729600,2.9283E-1,39960
0.001121946149158,3.9106E-3,-11.759500,2.9321E-1,39950
0.001123537516144,3.9161E-3,-11.789400,2.9359E-1,39940
0.001125131322811,3.9217E-3,-11.819300,2.9398E-1,39930
0.001126727573177,3.9272E-3,-11.849200,2.9436E-1,39920
0.001128326271272,3.9328E-3,-11.879100,2.9474E-1,39910
0.001129927421127,3.9384E-3,-11.909000,2.9513E-1,39900
0.001131531026786,3.9440E-3,-11.938900,2.9551E-1,39890
0.001133137092296,3.9496E-3,-11.968800,2.9590E-1,39880
0.001134745621713,3.9552E-3,-11.998700,2.9628E-1,39870
0.0011363566191,3.9608E-3,-12.028600,2.9667E-1,39860
0.001137970088526,3.9664E-3,-12.058500,2.9706E-1,39850
0.001139586034069,3.9721E-3,-12.088400,2.9745E-1,39840
0.001141204459814,3.9777E-3,-12.118300,2.9783E-1,39830
0.00114282536985,3.9834E-3,-12.148200,2.9822E-1,39820
0.001144448768278,3.9890E-3,-12.178100,2.9861E-1,39810
0.001146074659203,3.9947E-3,-12.208000,2.9900E-1,39800
0.001147703046739,4.0004E-3,-12.237900,2.9939E-1,39790
0.001149333935005,4.0060E-3,-12.267800,2.9978E-1,39780
0.00115096732813,4.0117E-3,-12.297700,3.0017E-1,39770
0.001152603230248,4.0174E-3,-12.327600,3.0057E-1,39760
0.001154241645502,4.0231E-3,-12.357500,3.0096E-1,39750
0.001155882578042,4.0289E-3,-12.387400,3.0135E-1,39740
0.001157526032024,4.0346E-3,-12.417300,3.0175E-1,39730
0.001159172011613,4.0403E-3,-12.447200,3.0214E-1,39720
0.00116082052098,4.0461E-3,-12.477100,3.0254E-1,39710
0.001162471564305,4.0518E-3,-12.507000,3.0293E-1,39700
0.001164125145774,4.0576E-3,-12.536900,3.0333E-1,39690
0.00116578126958,4.0634E-3,-12.566800,3.0372E-1,39680
0.001167439939925,4.0692E-3,-12.596700,3.0412E-1,39670
0.001169101161017,4.0749E-3,-12.626600,3.0452E-1,39660
0.001170764937074,4.0807E-3,-12.656500,3.0492E-1,39650
0.001172431272317,4.0866E-3,-12.686400,3.0532E-1,39640
0.001174100170978,4.0924E-3,-12.716300,3.0572E-1,39630
0.001175771637296,4.0982E-3,-12.746200,3.0612E-1,39620
0.001177445675517,4.1040E-3,-12.776100,3.0652E-1,39610
0.001179122289894,4.1099E-3,-12.806000,3.0692E-1,39600
0.001180801484688,4.1157E-3,-12.835900,3.0732E-1,39590
0.001182483264167,4.1216E-3,-12.865800,3.0772E-1,39580
0.001184167632609,4.1275E-3,-12.895700,3.0813E-1,39570
0.001185854594296,4.1333E-3,-12.925600,3.0853E-1,39560
0.001187544153519,4.1392E-3,-12.955500,3.0893E-1,39550
0.001189236314578,4.1451E-3,-12.985400,3.0934E-1,39540
0.00119093108178,4.1510E-3,-13.015300,3.0974E-1,39530
0.001192628459437,4.1569E-3,-13.045200,3.1015E-1,39520
0.001194328451873,4.1629E-3,-13.075100,3.1056E-1,39510
0.001196031063415,4.1688E-3,-13.105000,3.1096E-1,39500
0.001197736298402,4.1748E-3,-13.134900,3.1137E-1,39490
0.001199444161178,4.1807E-3,-13.164800,3.1178E-1,39480
0.001201154656096,4.1867E-3,-13.194700,3.1219E-1,39470
0.001202867787515,4.1926E-3,-13.224600,3.1260E-1,39460
0.001204583559803,4.1986E-3,-13.254500,3.1301E-1,39450
0.001206301977337,4.2046E-3,-13.284400,3.1342E-1,39440
0.001208023044499,4.2106E-3,-13.314300,3.1383E-1,39430
0.001209746765681,4.2166E-3,-13.344200,3.1424E-1,39420
0.001211473145281,4.2226E-3,-13.374100,3.1465E-1,39410
0.001213202187706,4.2287E-3,-13.404000,3.1506E-1,39400
0.001214933897371,4.2347E-3,-13.433900,3.1548E-1,39390
0.001216668278698,4.2407E-3,-13.463800,3.1589E-1,39380
0.001218405336117,4.2468E-3,-13.493700,3.1631E-1,39370
0.001220145074067,4.2529E-3,-13.523600,3.1672E-1,39360
0.001221887496992,4.2589E-3,-13.553500,3.1714E-1,39350
0.001223632609348,4.2650E-3,-13.583400,3.1755E-1,39340
0.001225380415596,4.2711E-3,-13.613300,3.1797E-1,39330
0.001227130920205,4.2772E-3,-13.643200,3.1839E-1,39320
0.001228884127653,4.2833E-3,-13.673100,3.1881E-1,39310
0.001230640042425,4.2894E-3,-13.703000,3.1922E-1,39300
0.001232398669015,4.2956E-3,-13.732900,3.1964E-1,39290
0.001234160011925,4.3017E-3,-13.762800,3.2006E-1,39280
0.001235924075663,4.3079E-3,-13.792700,3.2048E-1,39270
0.001237690864748,4.3140E-3,-13.822600,3.2091E-1,39260
0.001239460383705,4.3202E-3,-13.852500,3.2133E-1,39250
0.001241232637066,4.3264E-3,-13.882400,3.2175E-1,39240
0.001243007629375,4.3325E-3,-13.912300,3.2217E-1,39230
0.00124478536518,4.3387E-3,-13.942200,3.2260E-1,39220
0.001246565849039,4.3449E-3,-13.972100,3.2302E-1,39210
0.001248349085518,4.3512E-3,-14.002000,3.2344E-1,39200
0.001250135079191,4.3574E-3,-14.031900,3.2387E-1,39190
0.00125192383464,4.3636E-3,-14.061800,3.2430E-1,39180
0.001253715356455,4.3699E-3,-14.091700,3.2472E-1,39170
0.001255509649235,4.3761E-3,-14.121600,3.2515E-1,39160
0.001257306717586,4.3824E-3,-14.151500,3.2558E-1,39150
0.001259106566123,4.3887E-3,-14.181400,3.2601E-1,39140
0.001260909199468,4.3949E-3,-14.211300,3.2644E-1,39130
0.001262714622253,4.4012E-3,-14.241200,3.2686E-1,39120
0.001264522839118,4.4075E-3,-14.271100,3.2730E-1,39110
0.001266333854709,4.4139E-3,-14.301000,3.2773E-1,39100
0.001268147673683,4.4202E-3,-14.330900,3.2816E-1,39090
0.001269964300705,4.4265E-3,-14.360800,3.2859E-1,39080
0.001271783740446,4.4328E-3,-14.390700,3.2902E-1,39070
0.001273605997587,4.4392E-3,-14.420600,3.2946E-1,39060
0.001275431076818,4.4456E-3,-14.450500,3.2989E-1,39050
0.001277258982836,4.4519E-3,-14.480400,3.3032E-1,39040
0.001279089720346,4.4583E-3,-14.510300,3.3076E-1,39030
0.001280923294064,4.4647E-3,-14.540200,3.3120E-1,39020
0.001282759708712,4.4711E-3,-14.570100,3.3163E-1,39010
0.001284598969021,4.4775E-3,-14.600000,3.3207E-1,39000
0.00128644107973,4.4839E-3,-14.629900,3.3251E-1,38990
0.001288286045587,4.4904E-3,-14.659800,3.3294E-1,38980
0.001290133871349,4.4968E-3,-14.689700,3.3338E-1,38970
0.00129198456178,4.5033E-3,-14.719600,3.3382E-1,38960
0.001293838121654,4.5097E-3,-14.749500,3.3426E-1,38950
0.001295694555753,4.5162E-3,-14.779400,3.3470E-1,38940
0.001297553868867,4.5227E-3,-14.809300,3.3515E-1,38930
0.001299416065795,4.5292E-3,-14.839200,3.3559E-1,38920
0.001301281151344,4.5357E-3,-14.869100,3.3603E-1,38910
0.001303149130331,4.5422E-3,-14.899000,3.3647E-1,38900
0.00130502000758,4.5487E-3,-14.928900,3.3692E-1,38890
0.001306893787924,4.5552E-3,-14.958800,3.3736E-1,38880
0.001308770476206,4.5618E-3,-14.988700,3.3781E-1,38870
0.001310650077275,4.5683E-3,-15.018600,3.3825E-1,38860
0.001312532595991,4.5749E-3,-15.048500,3.3870E-1,38850
0.001314418037222,4.5815E-3,-15.078400,3.3915E-1,38840
0.001316306405844,4.5880E-3,-15.108300,3.3960E-1,38830
0.001318197706743,4.5946E-3,-15.138200,3.4004E-1,38820
0.001320091944811,4.6012E-3,-15.168100,3.4049E-1,38810
0.001321989124953,4.6078E-3,-15.198000,3.4094E-1,38800
0.00132388925208,4.6145E-3,-15.227900,3.4139E-1,38790
0.001325792331111,4.6211E-3,-15.257800,3.4185E-1,38780
0.001327698366976,4.6277E-3,-15.287700,3.4230E-1,38770
0.001329607364612,4.6344E-3,-15.317600,3.4275E-1,38760
0.001331519328966,4.6411E-3,-15.347500,3.4320E-1,38750
0.001333434264994,4.6477E-3,-15.377400,3.4366E-1,38740
0.001335352177659,4.6544E-3,-15.407300,3.4411E-1,38730
0.001337273071936,4.6611E-3,-15.437200,3.4457E-1,38720
0.001339196952805,4.6678E-3,-15.467100,3.4502E-1,38710
0.001341123825258,4.6745E-3,-15.497000,3.4548E-1,38700
0.001343053694295,4.6813E-3,-15.526900,3.4593E-1,38690
0.001344986564925,4.6880E-3,-15.556800,3.4639E-1,38680
0.001346922442165,4.6947E-3,-15.586700,3.4685E-1,38670
0.001348861331043,4.7015E-3,-15.616600,3.4731E-1,38660
0.001350803236593,4.7083E-3,-15.646500,3.4777E-1,38650
0.001352748163861,4.7151E-3,-15.676400,3.4823E-1,38640
0.0013546961179,4.7218E-3,-15.706300,3.4869E-1,38630
0.001356647103773,4.7286E-3,-15.736200,3.4915E-1,38620
0.001358601126553,4.7355E-3,-15.766100,3.4961E-1,38610
0.001360558191319,4.7423E-3,-15.796000,3.5008E-1,38600
0.001362518303163,4.7491E-3,-15.825900,3.5054E-1,38590
0.001364481467182,4.7559E-3,-15.855800,3.5100E-1,38580
0.001366447688486,4.7628E-3,-15.885700,3.5147E-1,38570
0.001368416972192,4.7697E-3,-15.915600,3.5194E-1,38560
0.001370389323426,4.7765E-3,-15.945500,3.5240E-1,38550
0.001372364747325,4.7834E-3,-15.975400,3.5287E-1,38540
0.001374343249032,4.7903E-3,-16.005300,3.5334E-1,38530
0.001376324833703,4.7972E-3,-16.035200,3.5380E-1,38520
0.0013783095065,4.8041E-3,-16.065100,3.5427E-1,38510
0.001380297272597,4.8111E-3,-16.095000,3.5474E-1,38500
0.001382288137175,4.8180E-3,-16.124900,3.5521E-1,38490
0.001384282105426,4.8250E-3,-16.154800,3.5568E-1,38480
0.001386279182549,4.8319E-3,-16.184700,3.5616E-1,38470
0.001388279373755,4.8389E-3,-16.214600,3.5663E-1,38460
0.001390282684263,4.8459E-3,-16.244500,3.5710E-1,38450
0.001392289119302,4.8529E-3,-16.274400,3.5758E-1,38440
0.001394298684109,4.8599E-3,-16.304300,3.5805E-1,38430
0.001396311383931,4.8669E-3,-16.334200,3.5853E-1,38420
0.001398327224026,4.8739E-3,-16.364100,3.5900E-1,38410
0.001400346209659,4.8810E-3,-16.394000,3.5948E-1,38400
0.001402368346106,4.8880E-3,-16.423900,3.5995E-1,38390
0.001404393638652,4.8951E-3,-16.453800,3.6043E-1,38380
0.001406422092592,4.9021E-3,-16.483700,3.6091E-1,38370
0.00140845371323,4.9092E-3,-16.513600,3.6139E-1,38360
0.001410488505878,4.9163E-3,-16.543500,3.6187E-1,38350
0.001412526475861,4.9234E-3,-16.573400,3.6235E-1,38340
0.00141456762851,4.9305E-3,-16.603300,3.6283E-1,38330
0.001416611969168,4.9377E-3,-16.633200,3.6331E-1,38320
0.001418659503188,4.9448E-3,-16.663100,3.6380E-1,38310
0.001420710235929,4.9519E-3,-16.693000,3.6428E-1,38300
0.001422764172764,4.9591E-3,-16.722900,3.6476E-1,38290
0.001424821319072,4.9663E-3,-16.752800,3.6525E-1,38280
0.001426881680245,4.9734E-3,-16.782700,3.6573E-1,38270
0.001428945261682,4.9806E-3,-16.812600,3.6622E-1,38260
0.001431012068792,4.9878E-3,-16.842500,3.6671E-1,38250
0.001433082106997,4.9951E-3,-16.872400,3.6720E-1,38240
0.001435155381723,5.0023E-3,-16.902300,3.6768E-1,38230
0.001437231898412,5.0095E-3,-16.932200,3.6817E-1,38220
0.00143931166251,5.0168E-3,-16.962100,3.6866E-1,38210
0.001441394679478,5.0240E-3,-16.992000,3.6915E-1,38200
0.001443480954782,5.0313E-3,-17.021900,3.6964E-1,38190
0.001445570493902,5.0386E-3,-17.051800,3.7014E-1,38180
0.001447663302325,5.0459E-3,-17.081700,3.7063E-1,38170
0.001449759385549,5.0532E-3,-17.111600,3.7112E-1,38160
0.001451858749082,5.0605E-3,-17.141500,3.7162E-1,38150
0.001453961398442,5.0678E-3,-17.171400,3.7211E-1,38140
0.001456067339155,5.0752E-3,-17.201300,3.7261E-1,38130
0.001458176576761,5.0825E-3,-17.231200,3.7310E-1,38120
0.001460289116806,5.0899E-3,-17.261100,3.7360E-1,38110
0.001462404964847,5.0973E-3,-17.291000,3.7410E-1,38100
0.001464524126453,5.1047E-3,-17.320900,3.7459E-1,38090
0.001466646607201,5.1120E-3,-17.350800,3.7509E-1,38080
0.001468772412678,5.1195E-3,-17.380700,3.7559E-1,38070
0.001470901548482,5.1269E-3,-17.410600,3.7609E-1,38060
0.001473034020221,5.1343E-3,-17.440500,3.7660E-1,38050
0.001475169833512,5.1418E-3,-17.470400,3.7710E-1,38040
0.001477308993984,5.1492E-3,-17.500300,3.7760E-1,38030
0.001479451507274,5.1567E-3,-17.530200,3.7810E-1,38020
0.001481597379031,5.1642E-3,-17.560100,3.7861E-1,38010
0.001483746614913,5.1717E-3,-17.590000,3.7911E-1,38000
0.001485899220589,5.1792E-3,-17.619900,3.7962E-1,37990
0.001488055201738,5.1867E-3,-17.649800,3.8012E-1,37980
0.001490214564048,5.1942E-3,-17.679700,3.8063E-1,37970
0.001492377313219,5.2017E-3,-17.709600,3.8114E-1,37960
0.001494543454961,5.2093E-3,-17.739500,3.8165E-1,37950
0.001496712994993,5.2168E-3,-17.769400,3.8216E-1,37940
0.001498885939046,5.2244E-3,-17.799300,3.8267E-1,37930
0.00150106229286,5.2320E-3,-17.829200,3.8318E-1,37920
0.001503242062186,5.2396E-3,-17.859100,3.8369E-1,37910
0.001505425252786,5.2472E-3,-17.889000,3.8420E-1,37900
0.00150761187043,5.2548E-3,-17.918900,3.8471E-1,37890
0.001509801920902,5.2625E-3,-17.948800,3.8523E-1,37880
0.001511995409993,5.2701E-3,-17.978700,3.8574E-1,37870
0.001514192343506,5.2778E-3,-18.008600,3.8626E-1,37860
0.001516392727256,5.2854E-3,-18.038500,3.8677E-1,37850
0.001518596567065,5.2931E-3,-18.068400,3.8729E-1,37840
0.001520803868769,5.3008E-3,-18.098300,3.8781E-1,37830
0.001523014638212,5.3085E-3,-18.128200,3.8833E-1,37820
0.00152522888125,5.3162E-3,-18.158100,3.8884E-1,37810
0.001527446603749,5.3240E-3,-18.188000,3.8936E-1,37800
0.001529667811586,5.3317E-3,-18.217900,3.8988E-1,37790
0.001531892510648,5.3395E-3,-18.247800,3.9041E-1,37780
0.001534120706832,5.3472E-3,-18.277700,3.9093E-1,37770
0.001536352406049,5.3550E-3,-18.307600,3.9145E-1,37760
0.001538587614216,5.3628E-3,-18.337500,3.9197E-1,37750
0.001540826337264,5.3706E-3,-18.367400,3.9250E-1,37740
0.001543068581134,5.3784E-3,-18.397300,3.9302E-1,37730
0.001545314351777,5.3862E-3,-18.427200,3.9355E-1,37720
0.001547563655155,5.3941E-3,-18.457100,3.9408E-1,37710
0.001549816497241,5.4019E-3,-18.487000,3.9460E-1,37700
0.00155207288402,5.4098E-3,-18.516900,3.9513E-1,37690
0.001554332821485,5.4177E-3,-18.546800,3.9566E-1,37680
0.001556596315643,5.4256E-3,-18.576700,3.9619E-1,37670
0.001558863372509,5.4335E-3,-18.606600,3.9672E-1,37660
0.001561133998111,5.4414E-3,-18.636500,3.9725E-1,37650
0.001563408198487,5.4493E-3,-18.666400,3.9778E-1,37640
0.001565685979685,5.4573E-3,-18.696300,3.9832E-1,37630
0.001567967347767,5.4652E-3,-18.726200,3.9885E-1,37620
0.001570252308802,5.4732E-3,-18.756100,3.9938E-1,37610
0.001572540868874,5.4811E-3,-18.786000,3.9992E-1,37600
0.001574833034074,5.4891E-3,-18.815900,4.0046E-1,37590
0.001577128810507,5.4971E-3,-18.845800,4.0099E-1,37580
0.001579428204288,5.5052E-3,-18.875700,4.0153E-1,37570
0.001581731221543,5.5132E-3,-18.905600,4.0207E-1,37560
0.00158403786841,5.5212E-3,-18.935500,4.0261E-1,37550
0.001586348151036,5.5293E-3,-18.965400,4.0315E-1,37540
0.001588662075581,5.5373E-3,-18.995300,4.0369E-1,37530
0.001590979648216,5.5454E-3,-19.025200,4.0423E-1,37520
0.001593300875123,5.5535E-3,-19.055100,4.0477E-1,37510
0.001595625762494,5.5616E-3,-19.085000,4.0531E-1,37500
0.001597954316534,5.5697E-3,-19.114900,4.0586E-1,37490
0.001600286543459,5.5779E-3,-19.144800,4.0640E-1,37480
0.001602622449495,5.5860E-3,-19.174700,4.0695E-1,37470
0.00160496204088,5.5942E-3,-19.204600,4.0749E-1,37460
0.001607305323864,5.6023E-3,-19.234500,4.0804E-1,37450
0.001609652304708,5.6105E-3,-19.264400,4.0859E-1,37440
0.001612002989683,5.6187E-3,-19.294300,4.0914E-1,37430
0.001614357385073,5.6269E-3,-19.324200,4.0968E-1,37420
0.001616715497173,5.6351E-3,-19.354100,4.1023E-1,37410
0.001619077332289,5.6434E-3,-19.384000,4.1079E-1,37400
0.001621442896739,5.6516E-3,-19.413900,4.1134E-1,37390
0.001623812196852,5.6599E-3,-19.443800,4.1189E-1,37380
0.001626185238969,5.6681E-3,-19.473700,4.1244E-1,37370
0.001628562029442,5.6764E-3,-19.503600,4.1300E-1,37360
0.001630942574635,5.6847E-3,-19.533500,4.1355E-1,37350
0.001633326880922,5.6930E-3,-19.563400,4.1411E-1,37340
0.001635714954692,5.7013E-3,-19.593300,4.1466E-1,37330
0.001638106802342,5.7097E-3,-19.623200,4.1522E-1,37320
0.001640502430282,5.7180E-3,-19.653100,4.1578E-1,37310
0.001642901844935,5.7264E-3,-19.683000,4.1634E-1,37300
0.001645305052733,5.7348E-3,-19.712900,4.1690E-1,37290
0.001647712060122,5.7432E-3,-19.742800,4.1746E-1,37280
0.001650122873559,5.7516E-3,-19.772700,4.1802E-1,37270
0.001652537499511,5.7600E-3,-19.802600,4.1858E-1,37260
0.00165495594446,5.7684E-3,-19.832500,4.1915E-1,37250
0.001657378214898,5.7768E-3,-19.862400,4.1971E-1,37240
0.001659804317328,5.7853E-3,-19.892300,4.2028E-1,37230
0.001662234258265,5.7938E-3,-19.922200,4.2084E-1,37220
0.001664668044239,5.8023E-3,-19.952100,4.2141E-1,37210
0.001667105681788,5.8108E-3,-19.982000,4.2197E-1,37200
0.001669547177463,5.8193E-3,-20.011900,4.2254E-1,37190
0.001671992537828,5.8278E-3,-20.041800,4.2311E-1,37180
0.001674441769458,5.8363E-3,-20.071700,4.2368E-1,37170
0.00167689487894,5.8449E-3,-20.101600,4.2425E-1,37160
0.001679351872873,5.8534E-3,-20.131500,4.2482E-1,37150
0.001681812757869,5.8620E-3,-20.161400,4.2540E-1,37140
0.00168427754055,5.8706E-3,-20.191300,4.2597E-1,37130
0.001686746227553,5.8792E-3,-20.221200,4.2654E-1,37120
0.001689218825523,5.8878E-3,-20.251100,4.2712E-1,37110
0.001691695341121,5.8965E-3,-20.281000,4.2769E-1,37100
0.001694175781019,5.9051E-3,-20.310900,4.2827E-1,37090
0.0016966601519,5.9138E-3,-20.340800,4.2885E-1,37080
0.001699148460459,5.9224E-3,-20.370700,4.2942E-1,37070
0.001701640713406,5.9311E-3,-20.400600,4.3000E-1,37060
0.00170413691746,5.9398E-3,-20.430500,4.3058E-1,37050
0.001706637079354,5.9485E-3,-20.460400,4.3116E-1,37040
0.001709141205833,5.9573E-3,-20.490300,4.3175E-1,37030
0.001711649303654,5.9660E-3,-20.520200,4.3233E-1,37020
0.001714161379586,5.9748E-3,-20.550100,4.3291E-1,37010
0.001716677440412,5.9835E-3,-20.580000,4.3350E-1,37000
0.001719197492925,5.9923E-3,-20.609900,4.3408E-1,36990
0.001721721543932,6.0011E-3,-20.639800,4.3467E-1,36980
0.001724249600252,6.0099E-3,-20.669700,4.3525E-1,36970
0.001726781668717,6.0188E-3,-20.699600,4.3584E-1,36960
0.001729317756169,6.0276E-3,-20.729500,4.3643E-1,36950
0.001731857869467,6.0365E-3,-20.759400,4.3702E-1,36940
0.001734402015478,6.0453E-3,-20.789300,4.3761E-1,36930
0.001736950201084,6.0542E-3,-20.819200,4.3820E-1,36920
0.001739502433179,6.0631E-3,-20.849100,4.3879E-1,36910
0.001742058718669,6.0720E-3,-20.879000,4.3938E-1,36900
0.001744619064474,6.0809E-3,-20.908900,4.3998E-1,36890
0.001747183477526,6.0899E-3,-20.938800,4.4057E-1,36880
0.001749751964768,6.0988E-3,-20.968700,4.4117E-1,36870
0.001752324533159,6.1078E-3,-20.998600,4.4176E-1,36860
0.001754901189667,6.1168E-3,-21.028500,4.4236E-1,36850
0.001757481941277,6.1258E-3,-21.058400,4.4296E-1,36840
0.001760066794981,6.1348E-3,-21.088300,4.4356E-1,36830
0.00176265575779,6.1438E-3,-21.118200,4.4416E-1,36820
0.001765248836724,6.1528E-3,-21.148100,4.4476E-1,36810
0.001767846038817,6.1619E-3,-21.178000,4.4536E-1,36800
0.001770447371114,6.1710E-3,-21.207900,4.4596E-1,36790
0.001773052840677,6.1800E-3,-21.237800,4.4656E-1,36780
0.001775662454577,6.1891E-3,-21.267700,4.4717E-1,36770
0.001778276219899,6.1982E-3,-21.297600,4.4777E-1,36760
0.001780894143742,6.2074E-3,-21.327500,4.4838E-1,36750
0.001783516233217,6.2165E-3,-21.357400,4.4899E-1,36740
0.001786142495449,6.2257E-3,-21.387300,4.4959E-1,36730
0.001788772937574,6.2348E-3,-21.417200,4.5020E-1,36720
0.001791407566743,6.2440E-3,-21.447100,4.5081E-1,36710
0.00179404639012,6.2532E-3,-21.477000,4.5142E-1,36700
0.001796689414881,6.2624E-3,-21.506900,4.5203E-1,36690
0.001799336648216,6.2717E-3,-21.536800,4.5265E-1,36680
0.001801988097328,6.2809E-3,-21.566700,4.5326E-1,36670
0.001804643769432,6.2901E-3,-21.596600,4.5387E-1,36660
0.001807303671758,6.2994E-3,-21.626500,4.5449E-1,36650
0.001809967811548,6.3087E-3,-21.656400,4.5510E-1,36640
0.001812636196059,6.3180E-3,-21.686300,4.5572E-1,36630
0.001815308832559,6.3273E-3,-21.716200,4.5634E-1,36620
0.001817985728331,6.3367E-3,-21.746100,4.5696E-1,36610
0.00182066689067,6.3460E-3,-21.776000,4.5758E-1,36600
0.001823352326885,6.3554E-3,-21.805900,4.5820E-1,36590
0.001826042044299,6.3647E-3,-21.835800,4.5882E-1,36580
0.001828736050248,6.3741E-3,-21.865700,4.5944E-1,36570
0.001831434352082,6.3835E-3,-21.895600,4.6006E-1,36560
0.001834136957162,6.3929E-3,-21.925500,4.6069E-1,36550
0.001836843872865,6.4024E-3,-21.955400,4.6131E-1,36540
0.001839555106581,6.4118E-3,-21.985300,4.6194E-1,36530
0.001842270665713,6.4213E-3,-22.015200,4.6257E-1,36520
0.001844990557679,6.4308E-3,-22.045100,4.6319E-1,36510
0.001847714789909,6.4403E-3,-22.075000,4.6382E-1,36500
0.001850443369847,6.4498E-3,-22.104900,4.6445E-1,36490
0.00185317630495,6.4593E-3,-22.134800,4.6508E-1,36480
0.001855913602691,6.4689E-3,-22.164700,4.6571E-1,36470
0.001858655270555,6.4784E-3,-22.194600,4.6635E-1,36460
0.001861401316041,6.4880E-3,-22.224500,4.6698E-1,36450
0.00186415174666,6.4976E-3,-22.254400,4.6761E-1,36440
0.001866906569941,6.5072E-3,-22.284300,4.6825E-1,36430
0.001869665793423,6.5168E-3,-22.314200,4.6889E-1,36420
0.00187242942466,6.5264E-3,-22.344100,4.6952E-1,36410
0.001875197471221,6.5361E-3,-22.374000,4.7016E-1,36400
0.001877969940687,6.5457E-3,-22.403900,4.7080E-1,36390
0.001880746840655,6.5554E-3,-22.433800,4.7144E-1,36380
0.001883528178734,6.5651E-3,-22.463700,4.7208E-1,36370
0.001886313962547,6.5748E-3,-22.493600,4.7272E-1,36360
0.001889104199734,6.5845E-3,-22.523500,4.7337E-1,36350
0.001891898897945,6.5943E-3,-22.553400,4.7401E-1,36340
0.001894698064847,6.6040E-3,-22.583300,4.7465E-1,36330
0.00189750170812,6.6138E-3,-22.613200,4.7530E-1,36320
0.001900309835457,6.6236E-3,-22.643100,4.7595E-1,36310
0.001903122454567,6.6334E-3,-22.673000,4.7659E-1,36300
0.001905939573173,6.6432E-3,-22.702900,4.7724E-1,36290
0.001908761199011,6.6531E-3,-22.732800,4.7789E-1,36280
0.001911587339832,6.6629E-3,-22.762700,4.7854E-1,36270
0.001914418003402,6.6728E-3,-22.792600,4.7919E-1,36260
0.001917253197499,6.6827E-3,-22.822500,4.7985E-1,36250
0.001920092929917,6.6926E-3,-22.852400,4.8050E-1,36240
0.001922937208465,6.7025E-3,-22.882300,4.8115E-1,36230
0.001925786040964,6.7124E-3,-22.912200,4.8181E-1,36220
0.001928639435253,6.7223E-3,-22.942100,4.8246E-1,36210
0.001931497399181,6.7323E-3,-22.972000,4.8312E-1,36200
0.001934359940615,6.7423E-3,-23.001900,4.8378E-1,36190
0.001937227067435,6.7523E-3,-23.031800,4.8444E-1,36180
0.001940098787536,6.7623E-3,-23.061700,4.8510E-1,36170
0.001942975108827,6.7723E-3,-23.091600,4.8576E-1,36160
0.001945856039231,6.7823E-3,-23.121500,4.8642E-1,36150
0.001948741586688,6.7924E-3,-23.151400,4.8709E-1,36140
0.00195163175915,6.8025E-3,-23.181300,4.8775E-1,36130
0.001954526564585,6.8126E-3,-23.211200,4.8841E-1,36120
0.001957426010975,6.8227E-3,-23.241100,4.8908E-1,36110
0.001960330106317,6.8328E-3,-23.271000,4.8975E-1,36100
0.001963238858624,6.8429E-3,-23.300900,4.9042E-1,36090
0.001966152275921,6.8531E-3,-23.330800,4.9108E-1,36080
0.001969070366251,6.8633E-3,-23.360700,4.9175E-1,36070
0.00197199313767,6.8735E-3,-23.390600,4.9243E-1,36060
0.001974920598247,6.8837E-3,-23.420500,4.9310E-1,36050
0.001977852756071,6.8939E-3,-23.450400,4.9377E-1,36040
0.00198078961924,6.9041E-3,-23.480300,4.9444E-1,36030
0.001983731195872,6.9144E-3,-23.510200,4.9512E-1,36020
0.001986677494097,6.9246E-3,-23.540100,4.9580E-1,36010
0.001989628522061,6.9349E-3,-23.570000,4.9647E-1,36000
0.001992584287924,6.9452E-3,-23.599900,4.9715E-1,35990
0.001995544799863,6.9555E-3,-23.629800,4.9783E-1,35980
0.001998510066068,6.9659E-3,-23.659700,4.9851E-1,35970
0.002001480094747,6.9762E-3,-23.689600,4.9919E-1,35960
0.002004454894118,6.9866E-3,-23.719500,4.9987E-1,35950
0.002007434472421,6.9970E-3,-23.749400,5.0055E-1,35940
0.002010418837905,7.0074E-3,-23.779300,5.0124E-1,35930
0.002013407998838,7.0178E-3,-23.809200,5.0192E-1,35920
0.002016401963502,7.0282E-3,-23.839100,5.0261E-1,35910
0.002019400740194,7.0387E-3,-23.869000,5.0330E-1,35900
0.002022404337228,7.0492E-3,-23.898900,5.0399E-1,35890
0.002025412762931,7.0596E-3,-23.928800,5.0467E-1,35880
0.002028426025647,7.0701E-3,-23.958700,5.0536E-1,35870
0.002031444133735,7.0807E-3,-23.988600,5.0606E-1,35860
0.002034467095569,7.0912E-3,-24.018500,5.0675E-1,35850
0.002037494919539,7.1018E-3,-24.048400,5.0744E-1,35840
0.002040527614051,7.1123E-3,-24.078300,5.0814E-1,35830
0.002043565187526,7.1229E-3,-24.108200,5.0883E-1,35820
0.002046607648399,7.1335E-3,-24.138100,5.0953E-1,35810
0.002049655005124,7.1441E-3,-24.168000,5.1022E-1,35800
0.002052707266167,7.1548E-3,-24.197900,5.1092E-1,35790
0.002055764440013,7.1654E-3,-24.227800,5.1162E-1,35780
0.00205882653516,7.1761E-3,-24.257700,5.1232E-1,35770
0.002061893560124,7.1868E-3,-24.287600,5.1302E-1,35760
0.002064965523434,7.1975E-3,-24.317500,5.1373E-1,35750
0.002068042433638,7.2082E-3,-24.347400,5.1443E-1,35740
0.002071124299297,7.2190E-3,-24.377300,5.1514E-1,35730
0.00207421112899,7.2297E-3,-24.407200,5.1584E-1,35720
0.002077302931311,7.2405E-3,-24.437100,5.1655E-1,35710
0.002080399714868,7.2513E-3,-24.467000,5.1726E-1,35700
0.002083501488289,7.2621E-3,-24.496900,5.1796E-1,35690
0.002086608260215,7.2729E-3,-24.526800,5.1867E-1,35680
0.002089720039304,7.2838E-3,-24.556700,5.1939E-1,35670
0.002092836834229,7.2947E-3,-24.586600,5.2010E-1,35660
0.002095958653681,7.3055E-3,-24.616500,5.2081E-1,35650
0.002099085506365,7.3164E-3,-24.646400,5.2153E-1,35640
0.002102217401004,7.3274E-3,-24.676300,5.2224E-1,35630
0.002105354346336,7.3383E-3,-24.706200,5.2296E-1,35620
0.002108496351115,7.3492E-3,-24.736100,5.2367E-1,35610
0.002111643424113,7.3602E-3,-24.766000,5.2439E-1,35600
0.002114795574116,7.3712E-3,-24.795900,5.2511E-1,35590
0.002117952809927,7.3822E-3,-24.825800,5.2583E-1,35580
0.002121115140366,7.3932E-3,-24.855700,5.2655E-1,35570
0.00212428257427,7.4043E-3,-24.885600,5.2728E-1,35560
0.00212745512049,7.4153E-3,-24.915500,5.2800E-1,35550
0.002130632787895,7.4264E-3,-24.945400,5.2873E-1,35540
0.002133815585371,7.4375E-3,-24.975300,5.2945E-1,35530
0.00213700352182,7.4486E-3,-25.005200,5.3018E-1,35520
0.002140196606159,7.4597E-3,-25.035100,5.3091E-1,35510
0.002143394847323,7.4709E-3,-25.065000,5.3164E-1,35500
0.002146598254264,7.4820E-3,-25.094900,5.3237E-1,35490
0.00214980683595,7.4932E-3,-25.124800,5.3310E-1,35480
0.002153020601365,7.5044E-3,-25.154700,5.3383E-1,35470
0.002156239559512,7.5156E-3,-25.184600,5.3456E-1,35460
0.002159463719407,7.5269E-3,-25.214500,5.3530E-1,35450
0.002162693090087,7.5381E-3,-25.244400,5.3604E-1,35440
0.002165927680601,7.5494E-3,-25.274300,5.3677E-1,35430
0.00216916750002,7.5607E-3,-25.304200,5.3751E-1,35420
0.002172412557428,7.5720E-3,-25.334100,5.3825E-1,35410
0.002175662861927,7.5833E-3,-25.364000,5.3899E-1,35400
0.002178918422637,7.5947E-3,-25.393900,5.3973E-1,35390
0.002182179248693,7.6061E-3,-25.423800,5.4047E-1,35380
0.002185445349249,7.6174E-3,-25.453700,5.4122E-1,35370
0.002188716733475,7.6288E-3,-25.483600,5.4196E-1,35360
0.002191993410557,7.6403E-3,-25.513500,5.4271E-1,35350
0.002195275389701,7.6517E-3,-25.543400,5.4345E-1,35340
0.002198562680126,7.6632E-3,-25.573300,5.4420E-1,35330
0.002201855291073,7.6746E-3,-25.603200,5.4495E-1,35320
0.002205153231796,7.6861E-3,-25.633100,5.4570E-1,35310
0.002208456511568,7.6977E-3,-25.663000,5.4645E-1,35300
0.002211765139679,7.7092E-3,-25.692900,5.4721E-1,35290
0.002215079125438,7.7207E-3,-25.722800,5.4796E-1,35280
0.002218398478168,7.7323E-3,-25.752700,5.4871E-1,35270
0.002221723207212,7.7439E-3,-25.782600,5.4947E-1,35260
0.002225053321929,7.7555E-3,-25.812500,5.5023E-1,35250
0.002228388831696,7.7671E-3,-25.842400,5.5099E-1,35240
0.002231729745908,7.7788E-3,-25.872300,5.5175E-1,35230
0.002235076073976,7.7904E-3,-25.902200,5.5251E-1,35220
0.00223842782533,7.8021E-3,-25.932100,5.5327E-1,35210
0.002241785009418,7.8138E-3,-25.962000,5.5403E-1,35200
0.002245147635702,7.8255E-3,-25.991900,5.5479E-1,35190
0.002248515713667,7.8373E-3,-26.021800,5.5556E-1,35180
0.002251889252811,7.8490E-3,-26.051700,5.5633E-1,35170
0.002255268262652,7.8608E-3,-26.081600,5.5709E-1,35160
0.002258652752726,7.8726E-3,-26.111500,5.5786E-1,35150
0.002262042732586,7.8844E-3,-26.141400,5.5863E-1,35140
0.002265438211802,7.8963E-3,-26.171300,5.5940E-1,35130
0.002268839199964,7.9081E-3,-26.201200,5.6017E-1,35120
0.002272245706678,7.9200E-3,-26.231100,5.6095E-1,35110
0.002275657741569,7.9319E-3,-26.261000,5.6172E-1,35100
0.00227907531428,7.9438E-3,-26.290900,5.6250E-1,35090
0.00228249843447,7.9557E-3,-26.320800,5.6327E-1,35080
0.002285927111818,7.9677E-3,-26.350700,5.6405E-1,35070
0.002289361356022,7.9796E-3,-26.380600,5.6483E-1,35060
0.002292801176795,7.9916E-3,-26.410500,5.6561E-1,35050
0.002296246583871,8.0036E-3,-26.440400,5.6639E-1,35040
0.002299697587001,8.0157E-3,-26.470300,5.6717E-1,35030
0.002303154195954,8.0277E-3,-26.500200,5.6796E-1,35020
0.002306616420517,8.0398E-3,-26.530100,5.6874E-1,35010
0.002310084270496,8.0519E-3,-26.560000,5.6953E-1,35000
0.002313557755715,8.0640E-3,-26.589900,5.7032E-1,34990
0.002317036886017,8.0761E-3,-26.619800,5.7110E-1,34980
0.002320521671263,8.0883E-3,-26.649700,5.7189E-1,34970
0.002324012121331,8.1004E-3,-26.679600,5.7268E-1,34960
0.00232750824612,8.1126E-3,-26.709500,5.7348E-1,34950
0.002331010055545,8.1248E-3,-26.739400,5.7427E-1,34940
0.002334517559542,8.1370E-3,-26.769300,5.7506E-1,34930
0.002338030768063,8.1493E-3,-26.799200,5.7586E-1,34920
0.002341549691081,8.1616E-3,-26.829100,5.7666E-1,34910
0.002345074338585,8.1738E-3,-26.859000,5.7745E-1,34900
0.002348604720586,8.1861E-3,-26.888900,5.7825E-1,34890
0.002352140847112,8.1985E-3,-26.918800,5.7905E-1,34880
0.002355682728208,8.2108E-3,-26.948700,5.7985E-1,34870
0.002359230373941,8.2232E-3,-26.978600,5.8066E-1,34860
0.002362783794394,8.2356E-3,-27.008500,5.8146E-1,34850
0.002366342999672,8.2480E-3,-27.038400,5.8227E-1,34840
0.002369907999895,8.2604E-3,-27.068300,5.8307E-1,34830
0.002373478805206,8.2728E-3,-27.098200,5.8388E-1,34820
0.002377055425765,8.2853E-3,-27.128100,5.8469E-1,34810
0.002380637871749,8.2978E-3,-27.158000,5.8550E-1,34800
0.002384226153358,8.3103E-3,-27.187900,5.8631E-1,34790
0.002387820280808,8.3228E-3,-27.217800,5.8712E-1,34780
0.002391420264337,8.3354E-3,-27.247700,5.8794E-1,34770
0.002395026114199,8.3479E-3,-27.277600,5.8875E-1,34760
0.002398637840669,8.3605E-3,-27.307500,5.8957E-1,34750
0.002402255454042,8.3731E-3,-27.337400,5.9038E-1,34740
0.002405878964629,8.3858E-3,-27.367300,5.9120E-1,34730
0.002409508382765,8.3984E-3,-27.397200,5.9202E-1,34720
0.002413143718802,8.4111E-3,-27.427100,5.9284E-1,34710
0.002416784983109,8.4238E-3,-27.457000,5.9367E-1,34700
0.002420432186079,8.4365E-3,-27.486900,5.9449E-1,34690
0.002424085338121,8.4492E-3,-27.516800,5.9531E-1,34680
0.002427744449666,8.4620E-3,-27.546700,5.9614E-1,34670
0.002431409531162,8.4748E-3,-27.576600,5.9697E-1,34660
0.002435080593079,8.4876E-3,-27.606500,5.9780E-1,34650
0.002438757645905,8.5004E-3,-27.636400,5.9863E-1,34640
0.002442440700148,8.5132E-3,-27.666300,5.9946E-1,34630
0.002446129766337,8.5261E-3,-27.696200,6.0029E-1,34620
0.00244982485502,8.5390E-3,-27.726100,6.0112E-1,34610
0.002453525976763,8.5519E-3,-27.756000,6.0196E-1,34600
0.002457233142154,8.5648E-3,-27.785900,6.0279E-1,34590
0.002460946361801,8.5777E-3,-27.815800,6.0363E-1,34580
0.00246466564633,8.5907E-3,-27.845700,6.0447E-1,34570
0.002468391006389,8.6037E-3,-27.875600,6.0531E-1,34560
0.002472122452645,8.6167E-3,-27.905500,6.0615E-1,34550
0.002475859995784,8.6297E-3,-27.935400,6.0699E-1,34540
0.002479603646515,8.6427E-3,-27.965300,6.0784E-1,34530
0.002483353415565,8.6558E-3,-27.995200,6.0868E-1,34520
0.00248710931368,8.6689E-3,-28.025100,6.0953E-1,34510
0.002490871351629,8.6820E-3,-28.055000,6.1038E-1,34500
0.002494639540199,8.6952E-3,-28.084900,6.1122E-1,34490
0.002498413890199,8.7083E-3,-28.114800,6.1207E-1,34480
0.002502194412457,8.7215E-3,-28.144700,6.1293E-1,34470
0.002505981117822,8.7347E-3,-28.174600,6.1378E-1,34460
0.002509774017164,8.7479E-3,-28.204500,6.1463E-1,34450
0.002513573121371,8.7611E-3,-28.234400,6.1549E-1,34440
0.002517378441355,8.7744E-3,-28.264300,6.1634E-1,34430
0.002521189988046,8.7877E-3,-28.294200,6.1720E-1,34420
0.002525007772394,8.8010E-3,-28.324100,6.1806E-1,34410
0.002528831805373,8.8143E-3,-28.354000,6.1892E-1,34400
0.002532662097974,8.8277E-3,-28.383900,6.1978E-1,34390
0.00253649866121,8.8411E-3,-28.413800,6.2065E-1,34380
0.002540341506116,8.8544E-3,-28.443700,6.2151E-1,34370
0.002544190643746,8.8679E-3,-28.473600,6.2238E-1,34360
0.002548046085176,8.8813E-3,-28.503500,6.2324E-1,34350
0.002551907841501,8.8948E-3,-28.533400,6.2411E-1,34340
0.00255577592384,8.9082E-3,-28.563300,6.2498E-1,34330
0.00255965034333,8.9218E-3,-28.593200,6.2585E-1,34320
0.002563531111131,8.9353E-3,-28.623100,6.2672E-1,34310
0.002567418238422,8.9488E-3,-28.653000,6.2760E-1,34300
0.002571311736405,8.9624E-3,-28.682900,6.2847E-1,34290
0.002575211616302,8.9760E-3,-28.712800,6.2935E-1,34280
0.002579117889357,8.9896E-3,-28.742700,6.3023E-1,34270
0.002583030566834,9.0032E-3,-28.772600,6.3111E-1,34260
0.002586949660019,9.0169E-3,-28.802500,6.3199E-1,34250
0.002590875180219,9.0306E-3,-28.832400,6.3287E-1,34240
0.002594807138763,9.0443E-3,-28.862300,6.3375E-1,34230
0.002598745547,9.0580E-3,-28.892200,6.3463E-1,34220
0.002602690416302,9.0718E-3,-28.922100,6.3552E-1,34210
0.002606641758062,9.0855E-3,-28.952000,6.3641E-1,34200
0.002610599583693,9.0993E-3,-28.981900,6.3729E-1,34190
0.002614563904631,9.1132E-3,-29.011800,6.3818E-1,34180
0.002618534732334,9.1270E-3,-29.041700,6.3908E-1,34170
0.00262251207828,9.1409E-3,-29.071600,6.3997E-1,34160
0.002626495953971,9.1547E-3,-29.101500,6.4086E-1,34150
0.002630486370927,9.1687E-3,-29.131400,6.4176E-1,34140
0.002634483340693,9.1826E-3,-29.161300,6.4265E-1,34130
0.002638486874836,9.1965E-3,-29.191200,6.4355E-1,34120
0.002642496984942,9.2105E-3,-29.221100,6.4445E-1,34110
0.002646513682621,9.2245E-3,-29.251000,6.4535E-1,34100
0.002650536979504,9.2385E-3,-29.280900,6.4625E-1,34090
0.002654566887245,9.2526E-3,-29.310800,6.4715E-1,34080
0.00265860341752,9.2667E-3,-29.340700,6.4806E-1,34070
0.002662646582025,9.2807E-3,-29.370600,6.4897E-1,34060
0.00266669639248,9.2949E-3,-29.400500,6.4987E-1,34050
0.002670752860628,9.3090E-3,-29.430400,6.5078E-1,34040
0.002674815998231,9.3232E-3,-29.460300,6.5169E-1,34030
0.002678885817076,9.3374E-3,-29.490200,6.5260E-1,34020
0.002682962328971,9.3516E-3,-29.520100,6.5352E-1,34010
0.002687045545748,9.3658E-3,-29.550000,6.5443E-1,34000
0.002691135479258,9.3800E-3,-29.579900,6.5535E-1,33990
0.002695232141378,9.3943E-3,-29.609800,6.5626E-1,33980
0.002699335544006,9.4086E-3,-29.639700,6.5718E-1,33970
0.002703445699062,9.4230E-3,-29.669600,6.5810E-1,33960
0.002707562618489,9.4373E-3,-29.699500,6.5902E-1,33950
0.002711686314252,9.4517E-3,-29.729400,6.5994E-1,33940
0.002715816798341,9.4661E-3,-29.759300,6.6087E-1,33930
0.002719954082765,9.4805E-3,-29.789200,6.6179E-1,33920
0.002724098179559,9.4949E-3,-29.819100,6.6272E-1,33910
0.002728249100779,9.5094E-3,-29.849000,6.6365E-1,33900
0.002732406858504,9.5239E-3,-29.878900,6.6458E-1,33890
0.002736571464836,9.5384E-3,-29.908800,6.6551E-1,33880
0.002740742931901,9.5530E-3,-29.938700,6.6644E-1,33870
0.002744921271846,9.5675E-3,-29.968600,6.6738E-1,33860
0.002749106496843,9.5821E-3,-29.998500,6.6831E-1,33850
0.002753298619085,9.5967E-3,-30.028400,6.6925E-1,33840
0.00275749765079,9.6114E-3,-30.058300,6.7019E-1,33830
0.002761703604198,9.6260E-3,-30.088200,6.7113E-1,33820
0.002765916491572,9.6407E-3,-30.118100,6.7207E-1,33810
0.0027701363252,9.6554E-3,-30.148000,6.7301E-1,33800
0.002774363117391,9.6701E-3,-30.177900,6.7395E-1,33790
0.002778596880479,9.6849E-3,-30.207800,6.7490E-1,33780
0.00278283762682,9.6997E-3,-30.237700,6.7585E-1,33770
0.002787085368795,9.7145E-3,-30.267600,6.7679E-1,33760
0.002791340118807,9.7293E-3,-30.297500,6.7774E-1,33750
0.002795601889283,9.7442E-3,-30.327400,6.7870E-1,33740
0.002799870692675,9.7590E-3,-30.357300,6.7965E-1,33730
0.002804146541457,9.7740E-3,-30.387200,6.8060E-1,33720
0.002808429448126,9.7889E-3,-30.417100,6.8156E-1,33710
0.002812719425205,9.8038E-3,-30.447000,6.8251E-1,33700
0.002817016485238,9.8188E-3,-30.476900,6.8347E-1,33690
0.002821320640796,9.8338E-3,-30.506800,6.8443E-1,33680
0.002825631904472,9.8488E-3,-30.536700,6.8539E-1,33670
0.002829950288882,9.8639E-3,-30.566600,6.8636E-1,33660
0.002834275806667,9.8790E-3,-30.596500,6.8732E-1,33650
0.002838608470494,9.8941E-3,-30.626400,6.8829E-1,33640
0.00284294829305,9.9092E-3,-30.656300,6.8925E-1,33630
0.002847295287049,9.9243E-3,-30.686200,6.9022E-1,33620
0.002851649465229,9.9395E-3,-30.716100,6.9119E-1,33610
0.002856010840351,9.9547E-3,-30.746000,6.9217E-1,33600
0.0028603794252,9.9700E-3,-30.775900,6.9314E-1,33590
0.002864755232588,9.9852E-3,-30.805800,6.9411E-1,33580
0.002869138275347,1.0000E-2,-30.835700,6.9509E-1,33570
0.002873528566338,1.0016E-2,-30.865600,6.9607E-1,33560
0.002877926118443,1.0031E-2,-30.895500,6.9705E-1,33550
0.002882330944571,1.0046E-2,-30.925400,6.9803E-1,33540
0.002886743057653,1.0062E-2,-30.955300,6.9901E-1,33530
0.002891162470646,1.0077E-2,-30.985200,6.9999E-1,33520
0.002895589196533,1.0093E-2,-31.015100,7.0098E-1,33510
0.002900023248319,1.0108E-2,-31.045000,7.0197E-1,33500
0.002904464639035,1.0124E-2,-31.074900,7.0295E-1,33490
0.002908913381737,1.0139E-2,-31.104800,7.0394E-1,33480
0.002913369489506,1.0155E-2,-31.134700,7.0493E-1,33470
0.002917832975447,1.0170E-2,-31.164600,7.0593E-1,33460
0.002922303852691,1.0186E-2,-31.194500,7.0692E-1,33450
0.002926782134393,1.0201E-2,-31.224400,7.0792E-1,33440
0.002931267833734,1.0217E-2,-31.254300,7.0891E-1,33430
0.002935760963919,1.0233E-2,-31.284200,7.0991E-1,33420
0.002940261538179,1.0248E-2,-31.314100,7.1091E-1,33410
0.00294476956977,1.0264E-2,-31.344000,7.1192E-1,33400
0.002949285071974,1.0280E-2,-31.373900,7.1292E-1,33390
0.002953808058096,1.0296E-2,-31.403800,7.1392E-1,33380
0.002958338541468,1.0311E-2,-31.433700,7.1493E-1,33370
0.002962876535449,1.0327E-2,-31.463600,7.1594E-1,33360
0.00296742205342,1.0343E-2,-31.493500,7.1695E-1,33350
0.002971975108789,1.0359E-2,-31.523400,7.1796E-1,33340
0.002976535714992,1.0375E-2,-31.553300,7.1897E-1,33330
0.002981103885486,1.0391E-2,-31.583200,7.1999E-1,33320
0.002985679633757,1.0407E-2,-31.613100,7.2100E-1,33310
0.002990262973316,1.0423E-2,-31.643000,7.2202E-1,33300
0.002994853917699,1.0439E-2,-31.672900,7.2304E-1,33290
0.002999452480469,1.0455E-2,-31.702800,7.2406E-1,33280
0.003004058675214,1.0471E-2,-31.732700,7.2508E-1,33270
0.003008672515547,1.0487E-2,-31.762600,7.2611E-1,33260
0.00301329401511,1.0503E-2,-31.792500,7.2713E-1,33250
0.003017923187568,1.0519E-2,-31.822400,7.2816E-1,33240
0.003022560046613,1.0535E-2,-31.852300,7.2919E-1,33230
0.003027204605964,1.0551E-2,-31.882200,7.3022E-1,33220
0.003031856879366,1.0568E-2,-31.912100,7.3125E-1,33210
0.003036516880588,1.0584E-2,-31.942000,7.3228E-1,33200
0.003041184623429,1.0600E-2,-31.971900,7.3332E-1,33190
0.003045860121712,1.0616E-2,-32.001800,7.3435E-1,33180
0.003050543389286,1.0633E-2,-32.031700,7.3539E-1,33170
0.003055234440029,1.0649E-2,-32.061600,7.3643E-1,33160
0.003059933287841,1.0666E-2,-32.091500,7.3747E-1,33150
0.003064639946654,1.0682E-2,-32.121400,7.3851E-1,33140
0.003069354430423,1.0698E-2,-32.151300,7.3956E-1,33130
0.003074076753131,1.0715E-2,-32.181200,7.4060E-1,33120
0.003078806928786,1.0731E-2,-32.211100,7.4165E-1,33110
0.003083544971426,1.0748E-2,-32.241000,7.4270E-1,33100
0.003088290895113,1.0764E-2,-32.270900,7.4375E-1,33090
0.003093044713937,1.0781E-2,-32.300800,7.4480E-1,33080
0.003097806442015,1.0798E-2,-32.330700,7.4586E-1,33070
0.003102576093491,1.0814E-2,-32.360600,7.4691E-1,33060
0.003107353682535,1.0831E-2,-32.390500,7.4797E-1,33050
0.003112139223346,1.0847E-2,-32.420400,7.4903E-1,33040
0.003116932730149,1.0864E-2,-32.450300,7.5009E-1,33030
0.003121734217196,1.0881E-2,-32.480200,7.5115E-1,33020
0.003126543698767,1.0898E-2,-32.510100,7.5221E-1,33010
0.003131361189169,1.0914E-2,-32.540000,7.5328E-1,33000
0.003136186702736,1.0931E-2,-32.569900,7.5435E-1,32990
0.00314102025383,1.0948E-2,-32.599800,7.5542E-1,32980
0.00314586185684,1.0965E-2,-32.629700,7.5649E-1,32970
0.003150711526184,1.0982E-2,-32.659600,7.5756E-1,32960
0.003155569276305,1.0999E-2,-32.689500,7.5863E-1,32950
0.003160435121676,1.1016E-2,-32.719400,7.5971E-1,32940
0.003165309076797,1.1033E-2,-32.749300,7.6078E-1,32930
0.003170191156195,1.1050E-2,-32.779200,7.6186E-1,32920
0.003175081374426,1.1067E-2,-32.809100,7.6294E-1,32910
0.003179979746073,1.1084E-2,-32.839000,7.6403E-1,32900
0.003184886285748,1.1101E-2,-32.868900,7.6511E-1,32890
0.00318980100809,1.1118E-2,-32.898800,7.6619E-1,32880
0.003194723927766,1.1135E-2,-32.928700,7.6728E-1,32870
0.003199655059472,1.1153E-2,-32.958600,7.6837E-1,32860
0.003204594417931,1.1170E-2,-32.988500,7.6946E-1,32850
0.003209542017896,1.1187E-2,-33.018400,7.7055E-1,32840
0.003214497874146,1.1204E-2,-33.048300,7.7165E-1,32830
0.003219462001491,1.1222E-2,-33.078200,7.7274E-1,32820
0.003224434414767,1.1239E-2,-33.108100,7.7384E-1,32810
0.00322941512884,1.1256E-2,-33.138000,7.7494E-1,32800
0.003234404158604,1.1274E-2,-33.167900,7.7604E-1,32790
0.003239401518981,1.1291E-2,-33.197800,7.7714E-1,32780
0.003244407224922,1.1308E-2,-33.227700,7.7824E-1,32770
0.003249421291409,1.1326E-2,-33.257600,7.7935E-1,32760
0.003254443733448,1.1343E-2,-33.287500,7.8046E-1,32750
0.003259474566078,1.1361E-2,-33.317400,7.8157E-1,32740
0.003264513804365,1.1379E-2,-33.347300,7.8268E-1,32730
0.003269561463404,1.1396E-2,-33.377200,7.8379E-1,32720
0.00327461755832,1.1414E-2,-33.407100,7.8490E-1,32710
0.003279682104267,1.1431E-2,-33.437000,7.8602E-1,32700
0.003284755116426,1.1449E-2,-33.466900,7.8714E-1,32690
0.003289836610009,1.1467E-2,-33.496800,7.8826E-1,32680
0.003294926600257,1.1485E-2,-33.526700,7.8938E-1,32670
0.00330002510244,1.1502E-2,-33.556600,7.9050E-1,32660
0.003305132131859,1.1520E-2,-33.586500,7.9162E-1,32650
0.003310247703841,1.1538E-2,-33.616400,7.9275E-1,32640
0.003315371833746,1.1556E-2,-33.646300,7.9388E-1,32630
0.003320504536961,1.1574E-2,-33.676200,7.9501E-1,32620
0.003325645828903,1.1592E-2,-33.706100,7.9614E-1,32610
0.003330795725021,1.1610E-2,-33.736000,7.9727E-1,32600
0.003335954240791,1.1628E-2,-33.765900,7.9841E-1,32590
0.00334112139172,1.1646E-2,-33.795800,7.9954E-1,32580
0.003346297193343,1.1664E-2,-33.825700,8.0068E-1,32570
0.003351481661229,1.1682E-2,-33.855600,8.0182E-1,32560
0.003356674810973,1.1700E-2,-33.885500,8.0297E-1,32550
0.003361876658201,1.1718E-2,-33.915400,8.0411E-1,32540
0.003367087218571,1.1736E-2,-33.945300,8.0525E-1,32530
0.003372306507768,1.1754E-2,-33.975200,8.0640E-1,32520
0.00337753454151,1.1773E-2,-34.005100,8.0755E-1,32510
0.003382771335544,1.1791E-2,-34.035000,8.0870E-1,32500
0.003388016905648,1.1809E-2,-34.064900,8.0985E-1,32490
0.003393271267628,1.1827E-2,-34.094800,8.1101E-1,32480
0.003398534437325,1.1846E-2,-34.124700,8.1217E-1,32470
0.003403806430605,1.1864E-2,-34.154600,8.1332E-1,32460
0.00340908726337,1.1882E-2,-34.184500,8.1448E-1,32450
0.003414376951549,1.1901E-2,-34.214400,8.1565E-1,32440
0.003419675511102,1.1919E-2,-34.244300,8.1681E-1,32430
0.003424982958021,1.1938E-2,-34.274200,8.1797E-1,32420
0.00343029930833,1.1956E-2,-34.304100,8.1914E-1,32410
0.00343562457808,1.1975E-2,-34.334000,8.2031E-1,32400
0.003440958783357,1.1994E-2,-34.363900,8.2148E-1,32390
0.003446301940275,1.2012E-2,-34.393800,8.2265E-1,32380
0.003451654064981,1.2031E-2,-34.423700,8.2383E-1,32370
0.003457015173653,1.2050E-2,-34.453600,8.2500E-1,32360
0.003462385282498,1.2068E-2,-34.483500,8.2618E-1,32350
0.003467764407758,1.2087E-2,-34.513400,8.2736E-1,32340
0.003473152565704,1.2106E-2,-34.543300,8.2854E-1,32330
0.003478549772637,1.2125E-2,-34.573200,8.2973E-1,32320
0.003483956044894,1.2143E-2,-34.603100,8.3091E-1,32310
0.003489371398838,1.2162E-2,-34.633000,8.3210E-1,32300
0.003494795850869,1.2181E-2,-34.662900,8.3329E-1,32290
0.003500229417414,1.2200E-2,-34.692800,8.3448E-1,32280
0.003505672114934,1.2219E-2,-34.722700,8.3567E-1,32270
0.003511123959923,1.2238E-2,-34.752600,8.3687E-1,32260
0.003516584968904,1.2257E-2,-34.782500,8.3806E-1,32250
0.003522055158434,1.2276E-2,-34.812400,8.3926E-1,32240
0.003527534545102,1.2295E-2,-34.842300,8.4046E-1,32230
0.003533023145527,1.2314E-2,-34.872200,8.4166E-1,32220
0.003538520976363,1.2334E-2,-34.902100,8.4287E-1,32210
0.003544028054293,1.2353E-2,-34.932000,8.4407E-1,32200
0.003549544396036,1.2372E-2,-34.961900,8.4528E-1,32190
0.00355507001834,1.2391E-2,-34.991800,8.4649E-1,32180
0.003560604937987,1.2411E-2,-35.021700,8.4770E-1,32170
0.003566149171791,1.2430E-2,-35.051600,8.4892E-1,32160
0.0035717027366,1.2449E-2,-35.081500,8.5013E-1,32150
0.003577265649291,1.2469E-2,-35.111400,8.5135E-1,32140
0.003582837926778,1.2488E-2,-35.141300,8.5257E-1,32130
0.003588419586005,1.2508E-2,-35.171200,8.5379E-1,32120
0.00359401064395,1.2527E-2,-35.201100,8.5501E-1,32110
0.003599611117622,1.2547E-2,-35.231000,8.5624E-1,32100
0.003605221024065,1.2566E-2,-35.260900,8.5746E-1,32090
0.003610840380356,1.2586E-2,-35.290800,8.5869E-1,32080
0.003616469203603,1.2605E-2,-35.320700,8.5992E-1,32070
0.003622107510949,1.2625E-2,-35.350600,8.6115E-1,32060
0.003627755319571,1.2645E-2,-35.380500,8.6239E-1,32050
0.003633412646676,1.2664E-2,-35.410400,8.6362E-1,32040
0.003639079509507,1.2684E-2,-35.440300,8.6486E-1,32030
0.00364475592534,1.2704E-2,-35.470200,8.6610E-1,32020
0.003650441911484,1.2724E-2,-35.500100,8.6734E-1,32010
0.003656137485281,1.2744E-2,-35.530000,8.6859E-1,32000
0.003661842664109,1.2763E-2,-35.559900,8.6983E-1,31990
0.003667557465377,1.2783E-2,-35.589800,8.7108E-1,31980
0.003673281906528,1.2803E-2,-35.619700,8.7233E-1,31970
0.003679016005041,1.2823E-2,-35.649600,8.7358E-1,31960
0.003684759778427,1.2843E-2,-35.679500,8.7484E-1,31950
0.003690513244232,1.2863E-2,-35.709400,8.7609E-1,31940
0.003696276420034,1.2884E-2,-35.739300,8.7735E-1,31930
0.003702049323448,1.2904E-2,-35.769200,8.7861E-1,31920
0.003707831972121,1.2924E-2,-35.799100,8.7987E-1,31910
0.003713624383735,1.2944E-2,-35.829000,8.8114E-1,31900
0.003719426576007,1.2964E-2,-35.858900,8.8240E-1,31890
0.003725238566687,1.2984E-2,-35.888800,8.8367E-1,31880
0.003731060373561,1.3005E-2,-35.918700,8.8494E-1,31870
0.003736892014449,1.3025E-2,-35.948600,8.8621E-1,31860
0.003742733507203,1.3045E-2,-35.978500,8.8748E-1,31850
0.003748584869715,1.3066E-2,-36.008400,8.8876E-1,31840
0.003754446119907,1.3086E-2,-36.038300,8.9004E-1,31830
0.003760317275737,1.3107E-2,-36.068200,8.9131E-1,31820
0.0037661983552,1.3127E-2,-36.098100,8.9260E-1,31810
0.003772089376324,1.3148E-2,-36.128000,8.9388E-1,31800
0.003777990357172,1.3168E-2,-36.157900,8.9516E-1,31790
0.003783901315843,1.3189E-2,-36.187800,8.9645E-1,31780
0.00378982227047,1.3210E-2,-36.217700,8.9774E-1,31770
0.003795753239222,1.3230E-2,-36.247600,8.9903E-1,31760
0.003801694240304,1.3251E-2,-36.277500,9.0033E-1,31750
0.003807645291956,1.3272E-2,-36.307400,9.0162E-1,31740
0.003813606412452,1.3292E-2,-36.337300,9.0292E-1,31730
0.003819577620103,1.3313E-2,-36.367200,9.0422E-1,31720
0.003825558933256,1.3334E-2,-36.397100,9.0552E-1,31710
0.003831550370293,1.3355E-2,-36.427000,9.0682E-1,31700
0.003837551949631,1.3376E-2,-36.456900,9.0813E-1,31690
0.003843563689724,1.3397E-2,-36.486800,9.0944E-1,31680
0.003849585609062,1.3418E-2,-36.516700,9.1075E-1,31670
0.00385561772617,1.3439E-2,-36.546600,9.1206E-1,31660
0.003861660059609,1.3460E-2,-36.576500,9.1337E-1,31650
0.003867712627978,1.3481E-2,-36.606400,9.1469E-1,31640
0.00387377544991,1.3502E-2,-36.636300,9.1601E-1,31630
0.003879848544076,1.3523E-2,-36.666200,9.1733E-1,31620
0.003885931929182,1.3545E-2,-36.696100,9.1865E-1,31610
0.003892025623971,1.3566E-2,-36.726000,9.1997E-1,31600
0.003898129647223,1.3587E-2,-36.755900,9.2130E-1,31590
0.003904244017753,1.3608E-2,-36.785800,9.2263E-1,31580
0.003910368754416,1.3630E-2,-36.815700,9.2396E-1,31570
0.003916503876099,1.3651E-2,-36.845600,9.2529E-1,31560
0.00392264940173,1.3673E-2,-36.875500,9.2663E-1,31550
0.003928805350272,1.3694E-2,-36.905400,9.2796E-1,31540
0.003934971740725,1.3715E-2,-36.935300,9.2930E-1,31530
0.003941148592127,1.3737E-2,-36.965200,9.3064E-1,31520
0.003947335923551,1.3759E-2,-36.995100,9.3199E-1,31510
0.003953533754109,1.3780E-2,-37.025000,9.3333E-1,31500
0.003959742102951,1.3802E-2,-37.054900,9.3468E-1,31490
0.003965960989262,1.3823E-2,-37.084800,9.3603E-1,31480
0.003972190432266,1.3845E-2,-37.114700,9.3738E-1,31470
0.003978430451224,1.3867E-2,-37.144600,9.3873E-1,31460
0.003984681065436,1.3889E-2,-37.174500,9.4009E-1,31450
0.003990942294237,1.3911E-2,-37.204400,9.4145E-1,31440
0.003997214157002,1.3932E-2,-37.234300,9.4281E-1,31430
0.004003496673142,1.3954E-2,-37.264200,9.4417E-1,31420
0.004009789862108,1.3976E-2,-37.294100,9.4553E-1,31410
0.004016093743388,1.3998E-2,-37.324000,9.4690E-1,31400
0.004022408336507,1.4020E-2,-37.353900,9.4827E-1,31390
0.004028733661029,1.4042E-2,-37.383800,9.4964E-1,31380
0.004035069736558,1.4064E-2,-37.413700,9.5101E-1,31370
0.004041416582733,1.4086E-2,-37.443600,9.5239E-1,31360
0.004047774219234,1.4109E-2,-37.473500,9.5376E-1,31350
0.004054142665777,1.4131E-2,-37.503400,9.5514E-1,31340
0.00406052194212,1.4153E-2,-37.533300,9.5652E-1,31330
0.004066912068056,1.4175E-2,-37.563200,9.5791E-1,31320
0.004073313063419,1.4198E-2,-37.593100,9.5929E-1,31310
0.004079724948081,1.4220E-2,-37.623000,9.6068E-1,31300
0.004086147741954,1.4242E-2,-37.652900,9.6207E-1,31290
0.004092581464986,1.4265E-2,-37.682800,9.6346E-1,31280
0.004099026137167,1.4287E-2,-37.712700,9.6486E-1,31270
0.004105481778525,1.4310E-2,-37.742600,9.6626E-1,31260
0.004111948409127,1.4332E-2,-37.772500,9.6765E-1,31250
0.004118426049079,1.4355E-2,-37.802400,9.6906E-1,31240
0.004124914718528,1.4378E-2,-37.832300,9.7046E-1,31230
0.004131414437659,1.4400E-2,-37.862200,9.7186E-1,31220
0.004137925226696,1.4423E-2,-37.892100,9.7327E-1,31210
0.004144447105904,1.4446E-2,-37.922000,9.7468E-1,31200
0.004150980095586,1.4468E-2,-37.951900,9.7610E-1,31190
0.004157524216088,1.4491E-2,-37.981800,9.7751E-1,31180
0.004164079487792,1.4514E-2,-38.011700,9.7893E-1,31170
0.004170645931122,1.4537E-2,-38.041600,9.8035E-1,31160
0.004177223566541,1.4560E-2,-38.071500,9.8177E-1,31150
0.004183812414554,1.4583E-2,-38.101400,9.8319E-1,31140
0.004190412495704,1.4606E-2,-38.131300,9.8462E-1,31130
0.004197023830575,1.4629E-2,-38.161200,9.8604E-1,31120
0.004203646439792,1.4652E-2,-38.191100,9.8747E-1,31110
0.004210280344019,1.4675E-2,-38.221000,9.8891E-1,31100
0.004216925563963,1.4698E-2,-38.250900,9.9034E-1,31090
0.004223582120368,1.4721E-2,-38.280800,9.9178E-1,31080
0.004230250034023,1.4745E-2,-38.310700,9.9322E-1,31070
0.004236929325754,1.4768E-2,-38.340600,9.9466E-1,31060
0.00424362001643,1.4791E-2,-38.370500,9.9610E-1,31050
0.004250322126959,1.4815E-2,-38.400400,9.9755E-1,31040
0.004257035678293,1.4838E-2,-38.430300,9.9900E-1,31030
0.004263760691422,1.4861E-2,-38.460200,1.0004E+0,31020
0.00427049718738,1.4885E-2,-38.490100,1.0019E+0,31010
0.00427724518724,1.4908E-2,-38.520000,1.0034E+0,31000
0.004284004712117,1.4932E-2,-38.549900,1.0048E+0,30990
0.004290775783168,1.4956E-2,-38.579800,1.0063E+0,30980
0.004297558421592,1.4979E-2,-38.609700,1.0077E+0,30970
0.004304352648628,1.5003E-2,-38.639600,1.0092E+0,30960
0.004311158485557,1.5027E-2,-38.669500,1.0107E+0,30950
0.004317975953704,1.5050E-2,-38.699400,1.0121E+0,30940
0.004324805074434,1.5074E-2,-38.729300,1.0136E+0,30930
0.004331645869153,1.5098E-2,-38.759200,1.0151E+0,30920
0.004338498359312,1.5122E-2,-38.789100,1.0166E+0,30910
0.004345362566401,1.5146E-2,-38.819000,1.0180E+0,30900
0.004352238511955,1.5170E-2,-38.848900,1.0195E+0,30890
0.004359126217549,1.5194E-2,-38.878800,1.0210E+0,30880
0.004366025704802,1.5218E-2,-38.908700,1.0225E+0,30870
0.004372936995376,1.5242E-2,-38.938600,1.0240E+0,30860
0.004379860110972,1.5266E-2,-38.968500,1.0255E+0,30850
0.004386795073339,1.5290E-2,-38.998400,1.0270E+0,30840
0.004393741904265,1.5315E-2,-39.028300,1.0285E+0,30830
0.004400700625581,1.5339E-2,-39.058200,1.0299E+0,30820
0.004407671259163,1.5363E-2,-39.088100,1.0314E+0,30810
0.004414653826929,1.5387E-2,-39.118000,1.0329E+0,30800
0.00442164835084,1.5412E-2,-39.147900,1.0345E+0,30790
0.0044286548529,1.5436E-2,-39.177800,1.0360E+0,30780
0.004435673355156,1.5461E-2,-39.207700,1.0375E+0,30770
0.0044427038797,1.5485E-2,-39.237600,1.0390E+0,30760
0.004449746448666,1.5510E-2,-39.267500,1.0405E+0,30750
0.004456801084233,1.5534E-2,-39.297400,1.0420E+0,30740
0.004463867808622,1.5559E-2,-39.327300,1.0435E+0,30730
0.004470946644098,1.5584E-2,-39.357200,1.0451E+0,30720
0.004478037612971,1.5608E-2,-39.387100,1.0466E+0,30710
0.004485140737595,1.5633E-2,-39.417000,1.0481E+0,30700
0.004492256040367,1.5658E-2,-39.446900,1.0496E+0,30690
0.004499383543728,1.5683E-2,-39.476800,1.0512E+0,30680
0.004506523270165,1.5708E-2,-39.506700,1.0527E+0,30670
0.004513675242207,1.5733E-2,-39.536600,1.0542E+0,30660
0.004520839482429,1.5758E-2,-39.566500,1.0558E+0,30650
0.00452801601345,1.5783E-2,-39.596400,1.0573E+0,30640
0.004535204857934,1.5808E-2,-39.626300,1.0589E+0,30630
0.004542406038589,1.5833E-2,-39.656200,1.0604E+0,30620
0.004549619578168,1.5858E-2,-39.686100,1.0619E+0,30610
0.00455684549947,1.5883E-2,-39.716000,1.0635E+0,30600
0.004564083825337,1.5908E-2,-39.745900,1.0650E+0,30590
0.004571334578658,1.5934E-2,-39.775800,1.0666E+0,30580
0.004578597782365,1.5959E-2,-39.805700,1.0682E+0,30570
0.004585873459438,1.5984E-2,-39.835600,1.0697E+0,30560
0.004593161632901,1.6010E-2,-39.865500,1.0713E+0,30550
0.004600462325822,1.6035E-2,-39.895400,1.0728E+0,30540
0.004607775561317,1.6061E-2,-39.925300,1.0744E+0,30530
0.004615101362546,1.6086E-2,-39.955200,1.0760E+0,30520
0.004622439752716,1.6112E-2,-39.985100,1.0776E+0,30510
0.004629790755078,1.6137E-2,-40.015000,1.0791E+0,30500
0.004637154392932,1.6163E-2,-40.044900,1.0807E+0,30490
0.004644530689621,1.6189E-2,-40.074800,1.0823E+0,30480
0.004651919668535,1.6214E-2,-40.104700,1.0839E+0,30470
0.004659321353111,1.6240E-2,-40.134600,1.0855E+0,30460
0.004666735766831,1.6266E-2,-40.164500,1.0870E+0,30450
0.004674162933226,1.6292E-2,-40.194400,1.0886E+0,30440
0.004681602875871,1.6318E-2,-40.224300,1.0902E+0,30430
0.004689055618387,1.6344E-2,-40.254200,1.0918E+0,30420
0.004696521184445,1.6370E-2,-40.284100,1.0934E+0,30410
0.004703999597761,1.6396E-2,-40.314000,1.0950E+0,30400
0.004711490882096,1.6422E-2,-40.343900,1.0966E+0,30390
0.004718995061262,1.6448E-2,-40.373800,1.0982E+0,30380
0.004726512159114,1.6474E-2,-40.403700,1.0998E+0,30370
0.004734042199558,1.6501E-2,-40.433600,1.1015E+0,30360
0.004741585206544,1.6527E-2,-40.463500,1.1031E+0,30350
0.004749141204072,1.6553E-2,-40.493400,1.1047E+0,30340
0.004756710216188,1.6580E-2,-40.523300,1.1063E+0,30330
0.004764292266986,1.6606E-2,-40.553200,1.1079E+0,30320
0.004771887380607,1.6633E-2,-40.583100,1.1095E+0,30310
0.004779495581243,1.6659E-2,-40.613000,1.1112E+0,30300
0.004787116893129,1.6686E-2,-40.642900,1.1128E+0,30290
0.004794751340551,1.6712E-2,-40.672800,1.1144E+0,30280
0.004802398947844,1.6739E-2,-40.702700,1.1161E+0,30270
0.004810059739388,1.6766E-2,-40.732600,1.1177E+0,30260
0.004817733739614,1.6792E-2,-40.762500,1.1193E+0,30250
0.004825420973,1.6819E-2,-40.792400,1.1210E+0,30240
0.004833121464075,1.6846E-2,-40.822300,1.1226E+0,30230
0.004840835237412,1.6873E-2,-40.852200,1.1243E+0,30220
0.004848562317638,1.6900E-2,-40.882100,1.1259E+0,30210
0.004856302729424,1.6927E-2,-40.912000,1.1276E+0,30200
0.004864056497493,1.6954E-2,-40.941900,1.1292E+0,30190
0.004871823646618,1.6981E-2,-40.971800,1.1309E+0,30180
0.004879604201616,1.7008E-2,-41.001700,1.1325E+0,30170
0.00488739818736,1.7035E-2,-41.031600,1.1342E+0,30160
0.004895205628767,1.7062E-2,-41.061500,1.1359E+0,30150
0.004903026550806,1.7090E-2,-41.091400,1.1375E+0,30140
0.004910860978494,1.7117E-2,-41.121300,1.1392E+0,30130
0.004918708936901,1.7144E-2,-41.151200,1.1409E+0,30120
0.004926570451142,1.7172E-2,-41.181100,1.1426E+0,30110
0.004934445546386,1.7199E-2,-41.211000,1.1442E+0,30100
0.004942334247849,1.7227E-2,-41.240900,1.1459E+0,30090
0.004950236580799,1.7254E-2,-41.270800,1.1476E+0,30080
0.004958152570554,1.7282E-2,-41.300700,1.1493E+0,30070
0.004966082242481,1.7309E-2,-41.330600,1.1510E+0,30060
0.004974025621999,1.7337E-2,-41.360500,1.1527E+0,30050
0.004981982734576,1.7365E-2,-41.390400,1.1544E+0,30040
0.004989953605731,1.7393E-2,-41.420300,1.1561E+0,30030
0.004997938261036,1.7420E-2,-41.450200,1.1578E+0,30020
0.00500593672611,1.7448E-2,-41.480100,1.1595E+0,30010
0.005013949026626,1.7476E-2,-41.510000,1.1612E+0,30000
0.005021975188307,1.7504E-2,-41.539900,1.1629E+0,29990
0.005030015236926,1.7532E-2,-41.569800,1.1646E+0,29980
0.005038069198309,1.7560E-2,-41.599700,1.1663E+0,29970
0.005046137098333,1.7588E-2,-41.629600,1.1680E+0,29960
0.005054218962926,1.7617E-2,-41.659500,1.1698E+0,29950
0.005062314818067,1.7645E-2,-41.689400,1.1715E+0,29940
0.005070424689789,1.7673E-2,-41.719300,1.1732E+0,29930
0.005078548604173,1.7701E-2,-41.749200,1.1749E+0,29920
0.005086686587357,1.7730E-2,-41.779100,1.1767E+0,29910
0.005094838665526,1.7758E-2,-41.809000,1.1784E+0,29900
0.005103004864921,1.7787E-2,-41.838900,1.1801E+0,29890
0.005111185211832,1.7815E-2,-41.868800,1.1819E+0,29880
0.005119379732604,1.7844E-2,-41.898700,1.1836E+0,29870
0.005127588453634,1.7872E-2,-41.928600,1.1854E+0,29860
0.005135811401369,1.7901E-2,-41.958500,1.1871E+0,29850
0.005144048602313,1.7930E-2,-41.988400,1.1888E+0,29840
0.00515230008302,1.7959E-2,-42.018300,1.1906E+0,29830
0.005160565870096,1.7987E-2,-42.048200,1.1924E+0,29820
0.005168845990203,1.8016E-2,-42.078100,1.1941E+0,29810
0.005177140470053,1.8045E-2,-42.108000,1.1959E+0,29800
0.005185449336415,1.8074E-2,-42.137900,1.1976E+0,29790
0.005193772616109,1.8103E-2,-42.167800,1.1994E+0,29780
0.005202110336007,1.8132E-2,-42.197700,1.2012E+0,29770
0.005210462523037,1.8161E-2,-42.227600,1.2030E+0,29760
0.005218829204181,1.8190E-2,-42.257500,1.2047E+0,29750
0.005227210406473,1.8220E-2,-42.287400,1.2065E+0,29740
0.005235606157001,1.8249E-2,-42.317300,1.2083E+0,29730
0.00524401648291,1.8278E-2,-42.347200,1.2101E+0,29720
0.005252441411396,1.8308E-2,-42.377100,1.2119E+0,29710
0.005260880969709,1.8337E-2,-42.407000,1.2136E+0,29700
0.005269335185157,1.8366E-2,-42.436900,1.2154E+0,29690
0.005277804085099,1.8396E-2,-42.466800,1.2172E+0,29680
0.005286287696949,1.8426E-2,-42.496700,1.2190E+0,29670
0.005294786048178,1.8455E-2,-42.526600,1.2208E+0,29660
0.00530329916631,1.8485E-2,-42.556500,1.2226E+0,29650
0.005311827078925,1.8515E-2,-42.586400,1.2244E+0,29640
0.005320369813656,1.8544E-2,-42.616300,1.2263E+0,29630
0.005328927398194,1.8574E-2,-42.646200,1.2281E+0,29620
0.005337499860283,1.8604E-2,-42.676100,1.2299E+0,29610
0.005346087227725,1.8634E-2,-42.706000,1.2317E+0,29600
0.005354689528375,1.8664E-2,-42.735900,1.2335E+0,29590
0.005363306790145,1.8694E-2,-42.765800,1.2354E+0,29580
0.005371939041003,1.8724E-2,-42.795700,1.2372E+0,29570
0.005380586308972,1.8754E-2,-42.825600,1.2390E+0,29560
0.005389248622131,1.8784E-2,-42.855500,1.2408E+0,29550
0.005397926008617,1.8815E-2,-42.885400,1.2427E+0,29540
0.005406618496621,1.8845E-2,-42.915300,1.2445E+0,29530
0.005415326114392,1.8875E-2,-42.945200,1.2464E+0,29520
0.005424048890234,1.8906E-2,-42.975100,1.2482E+0,29510
0.00543278685251,1.8936E-2,-43.005000,1.2501E+0,29500
0.005441540029637,1.8967E-2,-43.034900,1.2519E+0,29490
0.005450308450091,1.8997E-2,-43.064800,1.2538E+0,29480
0.005459092142403,1.9028E-2,-43.094700,1.2556E+0,29470
0.005467891135164,1.9059E-2,-43.124600,1.2575E+0,29460
0.005476705457019,1.9089E-2,-43.154500,1.2593E+0,29450
0.005485535136672,1.9120E-2,-43.184400,1.2612E+0,29440
0.005494380202886,1.9151E-2,-43.214300,1.2631E+0,29430
0.005503240684479,1.9182E-2,-43.244200,1.2650E+0,29420
0.005512116610328,1.9213E-2,-43.274100,1.2668E+0,29410
0.005521008009366,1.9244E-2,-43.304000,1.2687E+0,29400
0.005529914910589,1.9275E-2,-43.333900,1.2706E+0,29390
0.005538837343044,1.9306E-2,-43.363800,1.2725E+0,29380
0.005547775335843,1.9337E-2,-43.393700,1.2744E+0,29370
0.005556728918151,1.9368E-2,-43.423600,1.2762E+0,29360
0.005565698119196,1.9399E-2,-43.453500,1.2781E+0,29350
0.00557468296826,1.9431E-2,-43.483400,1.2800E+0,29340
0.005583683494688,1.9462E-2,-43.513300,1.2819E+0,29330
0.005592699727881,1.9494E-2,-43.543200,1.2838E+0,29320
0.0056017316973,1.9525E-2,-43.573100,1.2857E+0,29310
0.005610779432466,1.9557E-2,-43.603000,1.2877E+0,29300
0.005619842962957,1.9588E-2,-43.632900,1.2896E+0,29290
0.005628922318413,1.9620E-2,-43.662800,1.2915E+0,29280
0.005638017528531,1.9652E-2,-43.692700,1.2934E+0,29270
0.005647128623069,1.9683E-2,-43.722600,1.2953E+0,29260
0.005656255631846,1.9715E-2,-43.752500,1.2972E+0,29250
0.005665398584737,1.9747E-2,-43.782400,1.2992E+0,29240
0.00567455751168,1.9779E-2,-43.812300,1.3011E+0,29230
0.005683732442674,1.9811E-2,-43.842200,1.3030E+0,29220
0.005692923407775,1.9843E-2,-43.872100,1.3050E+0,29210
0.005702130437103,1.9875E-2,-43.902000,1.3069E+0,29200
0.005711353560835,1.9907E-2,-43.931900,1.3089E+0,29190
0.00572059280921,1.9939E-2,-43.961800,1.3108E+0,29180
0.00572984821253,1.9972E-2,-43.991700,1.3128E+0,29170
0.005739119801155,2.0004E-2,-44.021600,1.3147E+0,29160
0.005748407605506,2.0036E-2,-44.051500,1.3167E+0,29150
0.005757711656068,2.0069E-2,-44.081400,1.3186E+0,29140
0.005767031983384,2.0101E-2,-44.111300,1.3206E+0,29130
0.00577636861806,2.0134E-2,-44.141200,1.3226E+0,29120
0.005785721590765,2.0166E-2,-44.171100,1.3245E+0,29110
0.005795090932226,2.0199E-2,-44.201000,1.3265E+0,29100
0.005804476673236,2.0232E-2,-44.230900,1.3285E+0,29090
0.005813878844646,2.0264E-2,-44.260800,1.3304E+0,29080
0.005823297477372,2.0297E-2,-44.290700,1.3324E+0,29070
0.005832732602392,2.0330E-2,-44.320600,1.3344E+0,29060
0.005842184250744,2.0363E-2,-44.350500,1.3364E+0,29050
0.005851652453531,2.0396E-2,-44.380400,1.3384E+0,29040
0.005861137241917,2.0429E-2,-44.410300,1.3404E+0,29030
0.00587063864713,2.0462E-2,-44.440200,1.3424E+0,29020
0.00588015670046,2.0495E-2,-44.470100,1.3444E+0,29010
0.005889691433261,2.0529E-2,-44.500000,1.3464E+0,29000
0.005899242876949,2.0562E-2,-44.529900,1.3484E+0,28990
0.005908811063004,2.0595E-2,-44.559800,1.3504E+0,28980
0.005918396022969,2.0629E-2,-44.589700,1.3524E+0,28970
0.005927997788451,2.0662E-2,-44.619600,1.3544E+0,28960
0.00593761639112,2.0696E-2,-44.649500,1.3565E+0,28950
0.005947251862712,2.0729E-2,-44.679400,1.3585E+0,28940
0.005956904235023,2.0763E-2,-44.709300,1.3605E+0,28930
0.005966573539917,2.0797E-2,-44.739200,1.3625E+0,28920
0.00597625980932,2.0830E-2,-44.769100,1.3646E+0,28910
0.005985963075223,2.0864E-2,-44.799000,1.3666E+0,28900
0.005995683369682,2.0898E-2,-44.828900,1.3686E+0,28890
0.006005420724818,2.0932E-2,-44.858800,1.3707E+0,28880
0.006015175172814,2.0966E-2,-44.888700,1.3727E+0,28870
0.006024946745923,2.1000E-2,-44.918600,1.3748E+0,28860
0.006034735476457,2.1034E-2,-44.948500,1.3768E+0,28850
0.006044541396799,2.1068E-2,-44.978400,1.3789E+0,28840
0.006054364539393,2.1103E-2,-45.008300,1.3810E+0,28830
0.00606420493675,2.1137E-2,-45.038200,1.3830E+0,28820
0.006074062621449,2.1171E-2,-45.068100,1.3851E+0,28810
0.00608393762613,2.1206E-2,-45.098000,1.3871E+0,28800
0.006093829983504,2.1240E-2,-45.127900,1.3892E+0,28790
0.006103739726344,2.1275E-2,-45.157800,1.3913E+0,28780
0.006113666887491,2.1309E-2,-45.187700,1.3934E+0,28770
0.006123611499853,2.1344E-2,-45.217600,1.3955E+0,28760
0.006133573596403,2.1379E-2,-45.247500,1.3976E+0,28750
0.006143553210182,2.1414E-2,-45.277400,1.3996E+0,28740
0.006153550374297,2.1448E-2,-45.307300,1.4017E+0,28730
0.006163565121921,2.1483E-2,-45.337200,1.4038E+0,28720
0.006173597486297,2.1518E-2,-45.367100,1.4059E+0,28710
0.006183647500732,2.1553E-2,-45.397000,1.4080E+0,28700
0.006193715198603,2.1588E-2,-45.426900,1.4101E+0,28690
0.006203800613351,2.1624E-2,-45.456800,1.4123E+0,28680
0.00621390377849,2.1659E-2,-45.486700,1.4144E+0,28670
0.006224024727596,2.1694E-2,-45.516600,1.4165E+0,28660
0.006234163494316,2.1729E-2,-45.546500,1.4186E+0,28650
0.006244320112367,2.1765E-2,-45.576400,1.4207E+0,28640
0.006254494615529,2.1800E-2,-45.606300,1.4229E+0,28630
0.006264687037655,2.1836E-2,-45.636200,1.4250E+0,28620
0.006274897412665,2.1871E-2,-45.666100,1.4271E+0,28610
0.006285125774547,2.1907E-2,-45.696000,1.4293E+0,28600
0.006295372157359,2.1943E-2,-45.725900,1.4314E+0,28590
0.006305636595226,2.1979E-2,-45.755800,1.4335E+0,28580
0.006315919122345,2.2014E-2,-45.785700,1.4357E+0,28570
0.00632621977298,2.2050E-2,-45.815600,1.4379E+0,28560
0.006336538581466,2.2086E-2,-45.845500,1.4400E+0,28550
0.006346875582206,2.2122E-2,-45.875400,1.4422E+0,28540
0.006357230809673,2.2158E-2,-45.905300,1.4443E+0,28530
0.006367604298412,2.2195E-2,-45.935200,1.4465E+0,28520
0.006377996083035,2.2231E-2,-45.965100,1.4487E+0,28510
0.006388406198226,2.2267E-2,-45.995000,1.4508E+0,28500
0.006398834678739,2.2303E-2,-46.024900,1.4530E+0,28490
0.006409281559399,2.2340E-2,-46.054800,1.4552E+0,28480
0.0064197468751,2.2376E-2,-46.084700,1.4574E+0,28470
0.006430230660808,2.2413E-2,-46.114600,1.4596E+0,28460
0.00644073295156,2.2449E-2,-46.144500,1.4618E+0,28450
0.006451253782463,2.2486E-2,-46.174400,1.4640E+0,28440
0.006461793188698,2.2523E-2,-46.204300,1.4662E+0,28430
0.006472351205514,2.2560E-2,-46.234200,1.4684E+0,28420
0.006482927868233,2.2596E-2,-46.264100,1.4706E+0,28410
0.00649352321225,2.2633E-2,-46.294000,1.4728E+0,28400
0.006504137273029,2.2670E-2,-46.323900,1.4750E+0,28390
0.006514770086108,2.2707E-2,-46.353800,1.4772E+0,28380
0.006525421687098,2.2745E-2,-46.383700,1.4794E+0,28370
0.00653609211168,2.2782E-2,-46.413600,1.4816E+0,28360
0.006546781395609,2.2819E-2,-46.443500,1.4839E+0,28350
0.006557489574712,2.2856E-2,-46.473400,1.4861E+0,28340
0.006568216684889,2.2894E-2,-46.503300,1.4883E+0,28330
0.006578962762114,2.2931E-2,-46.533200,1.4906E+0,28320
0.006589727842432,2.2969E-2,-46.563100,1.4928E+0,28310
0.006600511961963,2.3006E-2,-46.593000,1.4951E+0,28300
0.0066113151569,2.3044E-2,-46.622900,1.4973E+0,28290
0.006622137463508,2.3082E-2,-46.652800,1.4996E+0,28280
0.006632978918129,2.3119E-2,-46.682700,1.5018E+0,28270
0.006643839557177,2.3157E-2,-46.712600,1.5041E+0,28260
0.006654719417139,2.3195E-2,-46.742500,1.5063E+0,28250
0.006665618534578,2.3233E-2,-46.772400,1.5086E+0,28240
0.006676536946131,2.3271E-2,-46.802300,1.5109E+0,28230
0.006687474688509,2.3309E-2,-46.832200,1.5132E+0,28220
0.006698431798498,2.3348E-2,-46.862100,1.5154E+0,28210
0.00670940831296,2.3386E-2,-46.892000,1.5177E+0,28200
0.00672040426883,2.3424E-2,-46.921900,1.5200E+0,28190
0.006731419703119,2.3463E-2,-46.951800,1.5223E+0,28180
0.006742454652914,2.3501E-2,-46.981700,1.5246E+0,28170
0.006753509155377,2.3540E-2,-47.011600,1.5269E+0,28160
0.006764583247746,2.3578E-2,-47.041500,1.5292E+0,28150
0.006775676967335,2.3617E-2,-47.071400,1.5315E+0,28140
0.006786790351533,2.3656E-2,-47.101300,1.5338E+0,28130
0.006797923437806,2.3694E-2,-47.131200,1.5361E+0,28120
0.006809076263696,2.3733E-2,-47.161100,1.5384E+0,28110
0.006820248866822,2.3772E-2,-47.191000,1.5408E+0,28100
0.00683144128488,2.3811E-2,-47.220900,1.5431E+0,28090
0.006842653555641,2.3850E-2,-47.250800,1.5454E+0,28080
0.006853885716956,2.3889E-2,-47.280700,1.5477E+0,28070
0.006865137806749,2.3929E-2,-47.310600,1.5501E+0,28060
0.006876409863026,2.3968E-2,-47.340500,1.5524E+0,28050
0.006887701923867,2.4007E-2,-47.370400,1.5548E+0,28040
0.006899014027433,2.4047E-2,-47.400300,1.5571E+0,28030
0.006910346211958,2.4086E-2,-47.430200,1.5595E+0,28020
0.006921698515759,2.4126E-2,-47.460100,1.5618E+0,28010
0.006933070977229,2.4165E-2,-47.490000,1.5642E+0,28000
0.006944463634838,2.4205E-2,-47.519900,1.5665E+0,27990
0.006955876527138,2.4245E-2,-47.549800,1.5689E+0,27980
0.006967309692756,2.4285E-2,-47.579700,1.5713E+0,27970
0.006978763170401,2.4325E-2,-47.609600,1.5736E+0,27960
0.006990236998859,2.4365E-2,-47.639500,1.5760E+0,27950
0.007001731216995,2.4405E-2,-47.669400,1.5784E+0,27940
0.007013245863756,2.4445E-2,-47.699300,1.5808E+0,27930
0.007024780978166,2.4485E-2,-47.729200,1.5832E+0,27920
0.00703633659933,2.4525E-2,-47.759100,1.5856E+0,27910
0.007047912766431,2.4566E-2,-47.789000,1.5880E+0,27900
0.007059509518736,2.4606E-2,-47.818900,1.5904E+0,27890
0.007071126895588,2.4647E-2,-47.848800,1.5928E+0,27880
0.007082764936412,2.4687E-2,-47.878700,1.5952E+0,27870
0.007094423680716,2.4728E-2,-47.908600,1.5976E+0,27860
0.007106103168085,2.4769E-2,-47.938500,1.6000E+0,27850
0.007117803438187,2.4809E-2,-47.968400,1.6024E+0,27840
0.007129524530771,2.4850E-2,-47.998300,1.6049E+0,27830
0.007141266485667,2.4891E-2,-48.028200,1.6073E+0,27820
0.007153029342787,2.4932E-2,-48.058100,1.6097E+0,27810
0.007164813142123,2.4973E-2,-48.088000,1.6122E+0,27800
0.007176617923752,2.5014E-2,-48.117900,1.6146E+0,27790
0.007188443727829,2.5056E-2,-48.147800,1.6171E+0,27780
0.007200290594596,2.5097E-2,-48.177700,1.6195E+0,27770
0.007212158564372,2.5138E-2,-48.207600,1.6220E+0,27760
0.007224047677563,2.5180E-2,-48.237500,1.6244E+0,27750
0.007235957974656,2.5221E-2,-48.267400,1.6269E+0,27740
0.007247889496221,2.5263E-2,-48.297300,1.6293E+0,27730
0.007259842282911,2.5304E-2,-48.327200,1.6318E+0,27720
0.007271816375461,2.5346E-2,-48.357100,1.6343E+0,27710
0.007283811814693,2.5388E-2,-48.387000,1.6368E+0,27700
0.007295828641509,2.5430E-2,-48.416900,1.6392E+0,27690
0.007307866896898,2.5472E-2,-48.446800,1.6417E+0,27680
0.007319926621929,2.5514E-2,-48.476700,1.6442E+0,27670
0.00733200785776,2.5556E-2,-48.506600,1.6467E+0,27660
0.007344110645629,2.5598E-2,-48.536500,1.6492E+0,27650
0.007356235026862,2.5640E-2,-48.566400,1.6517E+0,27640
0.007368381042867,2.5683E-2,-48.596300,1.6542E+0,27630
0.007380548735139,2.5725E-2,-48.626200,1.6567E+0,27620
0.007392738145258,2.5768E-2,-48.656100,1.6593E+0,27610
0.007404949314887,2.5810E-2,-48.686000,1.6618E+0,27600
0.007417182285778,2.5853E-2,-48.715900,1.6643E+0,27590
0.007429437099765,2.5896E-2,-48.745800,1.6668E+0,27580
0.007441713798771,2.5938E-2,-48.775700,1.6694E+0,27570
0.007454012424804,2.5981E-2,-48.805600,1.6719E+0,27560
0.007466333019957,2.6024E-2,-48.835500,1.6744E+0,27550
0.007478675626411,2.6067E-2,-48.865400,1.6770E+0,27540
0.007491040286433,2.6110E-2,-48.895300,1.6795E+0,27530
0.007503427042377,2.6153E-2,-48.925200,1.6821E+0,27520
0.007515835936684,2.6197E-2,-48.955100,1.6846E+0,27510
0.007528267011882,2.6240E-2,-48.985000,1.6872E+0,27500
0.007540720310586,2.6283E-2,-49.014900,1.6898E+0,27490
0.0075531958755,2.6327E-2,-49.044800,1.6923E+0,27480
0.007565693749415,2.6370E-2,-49.074700,1.6949E+0,27470
0.007578213975208,2.6414E-2,-49.104600,1.6975E+0,27460
0.007590756595848,2.6458E-2,-49.134500,1.7001E+0,27450
0.007603321654389,2.6502E-2,-49.164400,1.7027E+0,27440
0.007615909193976,2.6546E-2,-49.194300,1.7052E+0,27430
0.007628519257841,2.6589E-2,-49.224200,1.7078E+0,27420
0.007641151889305,2.6634E-2,-49.254100,1.7104E+0,27410
0.007653807131779,2.6678E-2,-49.284000,1.7130E+0,27400
0.007666485028763,2.6722E-2,-49.313900,1.7157E+0,27390
0.007679185623847,2.6766E-2,-49.343800,1.7183E+0,27380
0.007691908960709,2.6810E-2,-49.373700,1.7209E+0,27370
0.00770465508312,2.6855E-2,-49.403600,1.7235E+0,27360
0.007717424034937,2.6899E-2,-49.433500,1.7261E+0,27350
0.007730215860111,2.6944E-2,-49.463400,1.7288E+0,27340
0.007743030602682,2.6989E-2,-49.493300,1.7314E+0,27330
0.007755868306779,2.7033E-2,-49.523200,1.7340E+0,27320
0.007768729016626,2.7078E-2,-49.553100,1.7367E+0,27310
0.007781612776534,2.7123E-2,-49.583000,1.7393E+0,27300
0.007794519630908,2.7168E-2,-49.612900,1.7420E+0,27290
0.007807449624243,2.7213E-2,-49.642800,1.7446E+0,27280
0.007820402801126,2.7258E-2,-49.672700,1.7473E+0,27270
0.007833379206237,2.7304E-2,-49.702600,1.7500E+0,27260
0.007846378884346,2.7349E-2,-49.732500,1.7526E+0,27250
0.007859401880317,2.7394E-2,-49.762400,1.7553E+0,27240
0.007872448239106,2.7440E-2,-49.792300,1.7580E+0,27230
0.007885518005762,2.7485E-2,-49.822200,1.7607E+0,27220
0.007898611225427,2.7531E-2,-49.852100,1.7633E+0,27210
0.007911727943335,2.7577E-2,-49.882000,1.7660E+0,27200
0.007924868204813,2.7622E-2,-49.911900,1.7687E+0,27190
0.007938032055285,2.7668E-2,-49.941800,1.7714E+0,27180
0.007951219540265,2.7714E-2,-49.971700,1.7741E+0,27170
0.007964430705363,2.7760E-2,-50.001600,1.7769E+0,27160
0.007977665596281,2.7806E-2,-50.031500,1.7796E+0,27150
0.007990924258818,2.7853E-2,-50.061400,1.7823E+0,27140
0.008004206738866,2.7899E-2,-50.091300,1.7850E+0,27130
0.008017513082413,2.7945E-2,-50.121200,1.7877E+0,27120
0.008030843335539,2.7992E-2,-50.151100,1.7905E+0,27110
0.008044197544423,2.8038E-2,-50.181000,1.7932E+0,27100
0.008057575755337,2.8085E-2,-50.210900,1.7959E+0,27090
0.008070978014649,2.8132E-2,-50.240800,1.7987E+0,27080
0.008084404368824,2.8178E-2,-50.270700,1.8014E+0,27070
0.008097854864421,2.8225E-2,-50.300600,1.8042E+0,27060
0.008111329548097,2.8272E-2,-50.330500,1.8070E+0,27050
0.008124828466605,2.8319E-2,-50.360400,1.8097E+0,27040
0.008138351666794,2.8367E-2,-50.390300,1.8125E+0,27030
0.00815189919561,2.8414E-2,-50.420200,1.8153E+0,27020
0.008165471100097,2.8461E-2,-50.450100,1.8180E+0,27010
0.008179067427396,2.8508E-2,-50.480000,1.8208E+0,27000
0.008192688224744,2.8556E-2,-50.509900,1.8236E+0,26990
0.008206333539479,2.8603E-2,-50.539800,1.8264E+0,26980
0.008220003419033,2.8651E-2,-50.569700,1.8292E+0,26970
0.008233697910939,2.8699E-2,-50.599600,1.8320E+0,26960
0.008247417062826,2.8747E-2,-50.629500,1.8348E+0,26950
0.008261160922426,2.8795E-2,-50.659400,1.8376E+0,26940
0.008274929537564,2.8843E-2,-50.689300,1.8404E+0,26930
0.008288722956168,2.8891E-2,-50.719200,1.8433E+0,26920
0.008302541226264,2.8939E-2,-50.749100,1.8461E+0,26910
0.008316384395978,2.8987E-2,-50.779000,1.8489E+0,26900
0.008330252513535,2.9035E-2,-50.808900,1.8517E+0,26890
0.008344145627261,2.9084E-2,-50.838800,1.8546E+0,26880
0.008358063785579,2.9132E-2,-50.868700,1.8574E+0,26870
0.008372007037017,2.9181E-2,-50.898600,1.8603E+0,26860
0.008385975430201,2.9230E-2,-50.928500,1.8631E+0,26850
0.008399969013857,2.9278E-2,-50.958400,1.8660E+0,26840
0.008413987836813,2.9327E-2,-50.988300,1.8688E+0,26830
0.008428031948,2.9376E-2,-51.018200,1.8717E+0,26820
0.008442101396446,2.9425E-2,-51.048100,1.8746E+0,26810
0.008456196231286,2.9474E-2,-51.078000,1.8775E+0,26800
0.008470316501753,2.9524E-2,-51.107900,1.8803E+0,26790
0.008484462257184,2.9573E-2,-51.137800,1.8832E+0,26780
0.008498633547018,2.9622E-2,-51.167700,1.8861E+0,26770
0.008512830420796,2.9672E-2,-51.197600,1.8890E+0,26760
0.008527052928162,2.9721E-2,-51.227500,1.8919E+0,26750
0.008541301118864,2.9771E-2,-51.257400,1.8948E+0,26740
0.008555575042752,2.9821E-2,-51.287300,1.8977E+0,26730
0.008569874749781,2.9871E-2,-51.317200,1.9007E+0,26720
0.008584200290007,2.9921E-2,-51.347100,1.9036E+0,26710
0.008598551713593,2.9971E-2,-51.377000,1.9065E+0,26700
0.008612929070805,3.0021E-2,-51.406900,1.9094E+0,26690
0.008627332412013,3.0071E-2,-51.436800,1.9124E+0,26680
0.008641761787691,3.0121E-2,-51.466700,1.9153E+0,26670
0.008656217248421,3.0172E-2,-51.496600,1.9182E+0,26660
0.008670698844886,3.0222E-2,-51.526500,1.9212E+0,26650
0.008685206627878,3.0273E-2,-51.556400,1.9242E+0,26640
0.008699740648292,3.0323E-2,-51.586300,1.9271E+0,26630
0.008714300957129,3.0374E-2,-51.616200,1.9301E+0,26620
0.008728887605498,3.0425E-2,-51.646100,1.9330E+0,26610
0.008743500644612,3.0476E-2,-51.676000,1.9360E+0,26600
0.008758140125792,3.0527E-2,-51.705900,1.9390E+0,26590
0.008772806100466,3.0578E-2,-51.735800,1.9420E+0,26580
0.008787498620167,3.0629E-2,-51.765700,1.9450E+0,26570
0.008802217736538,3.0680E-2,-51.795600,1.9480E+0,26560
0.008816963501326,3.0732E-2,-51.825500,1.9510E+0,26550
0.00883173596639,3.0783E-2,-51.855400,1.9540E+0,26540
0.008846535183692,3.0835E-2,-51.885300,1.9570E+0,26530
0.008861361205307,3.0887E-2,-51.915200,1.9600E+0,26520
0.008876214083415,3.0938E-2,-51.945100,1.9630E+0,26510
0.008891093870306,3.0990E-2,-51.975000,1.9660E+0,26500
0.008906000618379,3.1042E-2,-52.004900,1.9691E+0,26490
0.008920934380142,3.1094E-2,-52.034800,1.9721E+0,26480
0.008935895208212,3.1146E-2,-52.064700,1.9751E+0,26470
0.008950883155316,3.1199E-2,-52.094600,1.9782E+0,26460
0.008965898274291,3.1251E-2,-52.124500,1.9812E+0,26450
0.008980940618084,3.1303E-2,-52.154400,1.9843E+0,26440
0.008996010239752,3.1356E-2,-52.184300,1.9874E+0,26430
0.009011107192462,3.1409E-2,-52.214200,1.9904E+0,26420
0.009026231529494,3.1461E-2,-52.244100,1.9935E+0,26410
0.009041383304237,3.1514E-2,-52.274000,1.9966E+0,26400
0.009056562570193,3.1567E-2,-52.303900,1.9997E+0,26390
0.009071769380973,3.1620E-2,-52.333800,2.0027E+0,26380
0.009087003790304,3.1673E-2,-52.363700,2.0058E+0,26370
0.009102265852021,3.1726E-2,-52.393600,2.0089E+0,26360
0.009117555620073,3.1780E-2,-52.423500,2.0120E+0,26350
0.009132873148522,3.1833E-2,-52.453400,2.0151E+0,26340
0.009148218491542,3.1886E-2,-52.483300,2.0182E+0,26330
0.009163591703421,3.1940E-2,-52.513200,2.0214E+0,26320
0.00917899283856,3.1994E-2,-52.543100,2.0245E+0,26310
0.009194421951472,3.2047E-2,-52.573000,2.0276E+0,26300
0.009209879096787,3.2101E-2,-52.602900,2.0308E+0,26290
0.009225364329247,3.2155E-2,-52.632800,2.0339E+0,26280
0.009240877703707,3.2209E-2,-52.662700,2.0370E+0,26270
0.00925641927514,3.2264E-2,-52.692600,2.0402E+0,26260
0.009271989098632,3.2318E-2,-52.722500,2.0433E+0,26250
0.009287587229384,3.2372E-2,-52.752400,2.0465E+0,26240
0.009303213722712,3.2427E-2,-52.782300,2.0497E+0,26230
0.009318868634049,3.2481E-2,-52.812200,2.0528E+0,26220
0.009334552018943,3.2536E-2,-52.842100,2.0560E+0,26210
0.009350263933059,3.2591E-2,-52.872000,2.0592E+0,26200
0.009366004432176,3.2646E-2,-52.901900,2.0624E+0,26190
0.009381773572192,3.2701E-2,-52.931800,2.0656E+0,26180
0.009397571409122,3.2756E-2,-52.961700,2.0688E+0,26170
0.009413397999097,3.2811E-2,-52.991600,2.0720E+0,26160
0.009429253398365,3.2866E-2,-53.021500,2.0752E+0,26150
0.009445137663294,3.2921E-2,-53.051400,2.0784E+0,26140
0.009461050850368,3.2977E-2,-53.081300,2.0816E+0,26130
0.009476993016189,3.3032E-2,-53.111200,2.0848E+0,26120
0.00949296421748,3.3088E-2,-53.141100,2.0881E+0,26110
0.009508964511079,3.3144E-2,-53.171000,2.0913E+0,26100
0.009524993953946,3.3200E-2,-53.200900,2.0945E+0,26090
0.00954105260316,3.3256E-2,-53.230800,2.0978E+0,26080
0.009557140515917,3.3312E-2,-53.260700,2.1010E+0,26070
0.009573257749537,3.3368E-2,-53.290600,2.1043E+0,26060
0.009589404361456,3.3424E-2,-53.320500,2.1076E+0,26050
0.009605580409233,3.3481E-2,-53.350400,2.1108E+0,26040
0.009621785950546,3.3537E-2,-53.380300,2.1141E+0,26030
0.009638021043196,3.3594E-2,-53.410200,2.1174E+0,26020
0.009654285745102,3.3650E-2,-53.440100,2.1207E+0,26010
0.009670580114308,3.3707E-2,-53.470000,2.1239E+0,26000
0.009686904208976,3.3764E-2,-53.499900,2.1272E+0,25990
0.009703258087394,3.3821E-2,-53.529800,2.1305E+0,25980
0.009719641807969,3.3878E-2,-53.559700,2.1339E+0,25970
0.009736055429232,3.3935E-2,-53.589600,2.1372E+0,25960
0.009752499009836,3.3993E-2,-53.619500,2.1405E+0,25950
0.009768972608558,3.4050E-2,-53.649400,2.1438E+0,25940
0.009785476284298,3.4108E-2,-53.679300,2.1471E+0,25930
0.009802010096079,3.4165E-2,-53.709200,2.1505E+0,25920
0.009818574103049,3.4223E-2,-53.739100,2.1538E+0,25910
0.009835168364479,3.4281E-2,-53.769000,2.1572E+0,25900
0.009851792939765,3.4339E-2,-53.798900,2.1605E+0,25890
0.009868447888428,3.4397E-2,-53.828800,2.1639E+0,25880
0.009885133270114,3.4455E-2,-53.858700,2.1672E+0,25870
0.009901849144594,3.4513E-2,-53.888600,2.1706E+0,25860
0.009918595571765,3.4572E-2,-53.918500,2.1740E+0,25850
0.009935372611648,3.4630E-2,-53.948400,2.1774E+0,25840
0.009952180324393,3.4689E-2,-53.978300,2.1807E+0,25830
0.009969018770275,3.4747E-2,-54.008200,2.1841E+0,25820
0.009985888009694,3.4806E-2,-54.038100,2.1875E+0,25810
0.010002788103181,3.4865E-2,-54.068000,2.1909E+0,25800
0.010019719111391,3.4924E-2,-54.097900,2.1943E+0,25790
0.010036681095107,3.4983E-2,-54.127800,2.1978E+0,25780
0.01005367411524,3.5042E-2,-54.157700,2.2012E+0,25770
0.010070698232831,3.5102E-2,-54.187600,2.2046E+0,25760
0.010087753509047,3.5161E-2,-54.217500,2.2080E+0,25750
0.010104840005184,3.5221E-2,-54.247400,2.2115E+0,25740
0.010121957782668,3.5280E-2,-54.277300,2.2149E+0,25730
0.010139106903055,3.5340E-2,-54.307200,2.2184E+0,25720
0.010156287428027,3.5400E-2,-54.337100,2.2218E+0,25710
0.0101734994194,3.5460E-2,-54.367000,2.2253E+0,25700
0.010190742939118,3.5520E-2,-54.396900,2.2287E+0,25690
0.010208018049256,3.5580E-2,-54.426800,2.2322E+0,25680
0.010225324812019,3.5641E-2,-54.456700,2.2357E+0,25670
0.010242663289743,3.5701E-2,-54.486600,2.2392E+0,25660
0.010260033544897,3.5762E-2,-54.516500,2.2427E+0,25650
0.010277435640081,3.5822E-2,-54.546400,2.2462E+0,25640
0.010294869638025,3.5883E-2,-54.576300,2.2497E+0,25630
0.010312335601592,3.5944E-2,-54.606200,2.2532E+0,25620
0.010329833593781,3.6005E-2,-54.636100,2.2567E+0,25610
0.010347363677718,3.6066E-2,-54.666000,2.2602E+0,25600
0.010364925916666,3.6127E-2,-54.695900,2.2637E+0,25590
0.010382520374021,3.6189E-2,-54.725800,2.2673E+0,25580
0.010400147113311,3.6250E-2,-54.755700,2.2708E+0,25570
0.0104178061982,3.6312E-2,-54.785600,2.2744E+0,25560
0.010435497692484,3.6373E-2,-54.815500,2.2779E+0,25550
0.010453221660097,3.6435E-2,-54.845400,2.2815E+0,25540
0.010470978165104,3.6497E-2,-54.875300,2.2850E+0,25530
0.010488767271708,3.6559E-2,-54.905200,2.2886E+0,25520
0.010506589044246,3.6621E-2,-54.935100,2.2922E+0,25510
0.010524443547192,3.6683E-2,-54.965000,2.2957E+0,25500
0.010542330845155,3.6746E-2,-54.994900,2.2993E+0,25490
0.010560251002881,3.6808E-2,-55.024800,2.3029E+0,25480
0.010578204085252,3.6871E-2,-55.054700,2.3065E+0,25470
0.010596190157289,3.6933E-2,-55.084600,2.3101E+0,25460
0.010614209284149,3.6996E-2,-55.114500,2.3137E+0,25450
0.010632261531125,3.7059E-2,-55.144400,2.3174E+0,25440
0.010650346963651,3.7122E-2,-55.174300,2.3210E+0,25430
0.010668465647297,3.7185E-2,-55.204200,2.3246E+0,25420
0.010686617647774,3.7249E-2,-55.234100,2.3282E+0,25410
0.010704803030928,3.7312E-2,-55.264000,2.3319E+0,25400
0.010723021862749,3.7375E-2,-55.293900,2.3355E+0,25390
0.010741274209363,3.7439E-2,-55.323800,2.3392E+0,25380
0.010759560137037,3.7503E-2,-55.353700,2.3429E+0,25370
0.010777879712178,3.7567E-2,-55.383600,2.3465E+0,25360
0.010796233001333,3.7631E-2,-55.413500,2.3502E+0,25350
0.010814620071192,3.7695E-2,-55.443400,2.3539E+0,25340
0.010833040988583,3.7759E-2,-55.473300,2.3576E+0,25330
0.010851495820477,3.7823E-2,-55.503200,2.3613E+0,25320
0.010869984633987,3.7888E-2,-55.533100,2.3649E+0,25310
0.010888507496368,3.7952E-2,-55.563000,2.3687E+0,25300
0.010907064475017,3.8017E-2,-55.592900,2.3724E+0,25290
0.010925655637472,3.8082E-2,-55.622800,2.3761E+0,25280
0.010944281051419,3.8147E-2,-55.652700,2.3798E+0,25270
0.010962940784681,3.8212E-2,-55.682600,2.3835E+0,25260
0.010981634905229,3.8277E-2,-55.712500,2.3873E+0,25250
0.011000363481177,3.8342E-2,-55.742400,2.3910E+0,25240
0.011019126580783,3.8408E-2,-55.772300,2.3948E+0,25230
0.01103792427245,3.8473E-2,-55.802200,2.3985E+0,25220
0.011056756624725,3.8539E-2,-55.832100,2.4023E+0,25210
0.011075623706301,3.8604E-2,-55.862000,2.4060E+0,25200
0.011094525586017,3.8670E-2,-55.891900,2.4098E+0,25190
0.011113462332858,3.8736E-2,-55.921800,2.4136E+0,25180
0.011132434015953,3.8802E-2,-55.951700,2.4174E+0,25170
0.011151440704582,3.8869E-2,-55.981600,2.4212E+0,25160
0.011170482468167,3.8935E-2,-56.011500,2.4250E+0,25150
0.011189559376282,3.9002E-2,-56.041400,2.4288E+0,25140
0.011208671498644,3.9068E-2,-56.071300,2.4326E+0,25130
0.011227818905122,3.9135E-2,-56.101200,2.4364E+0,25120
0.01124700166573,3.9202E-2,-56.131100,2.4402E+0,25110
0.011266219850633,3.9269E-2,-56.161000,2.4441E+0,25100
0.011285473530145,3.9336E-2,-56.190900,2.4479E+0,25090
0.011304762774726,3.9403E-2,-56.220800,2.4518E+0,25080
0.01132408765499,3.9471E-2,-56.250700,2.4556E+0,25070
0.011343448241697,3.9538E-2,-56.280600,2.4595E+0,25060
0.011362844605762,3.9606E-2,-56.310500,2.4633E+0,25050
0.011382276818245,3.9673E-2,-56.340400,2.4672E+0,25040
0.011401744950361,3.9741E-2,-56.370300,2.4711E+0,25030
0.011421249073476,3.9809E-2,-56.400200,2.4750E+0,25020
0.011440789259106,3.9877E-2,-56.430100,2.4789E+0,25010
0.011460365578919,3.9946E-2,-56.460000,2.4828E+0,25000
0.011660979017788,4.0645E-2,-56.460000,2.5262E+0,24990
0.011679301133943,4.0709E-2,-56.460000,2.5302E+0,24980
0.011697652038414,4.0773E-2,-56.460000,2.5342E+0,24970
0.011716031776434,4.0837E-2,-56.460000,2.5382E+0,24960
0.011734440393306,4.0901E-2,-56.460000,2.5421E+0,24950
0.011752877934406,4.0965E-2,-56.460000,2.5461E+0,24940
0.01177134444518,4.1029E-2,-56.460000,2.5501E+0,24930
0.011789839971148,4.1094E-2,-56.460000,2.5542E+0,24920
0.011808364557898,4.1158E-2,-56.460000,2.5582E+0,24910
0.011826918251092,4.1223E-2,-56.460000,2.5622E+0,24900
0.011845501096463,4.1288E-2,-56.460000,2.5662E+0,24890
0.011864113139815,4.1353E-2,-56.460000,2.5702E+0,24880
0.011882754427026,4.1418E-2,-56.460000,2.5743E+0,24870
0.011901425004045,4.1483E-2,-56.460000,2.5783E+0,24860
0.011920124916891,4.1548E-2,-56.460000,2.5824E+0,24850
0.01193885421166,4.1613E-2,-56.460000,2.5864E+0,24840
0.011957612934517,4.1679E-2,-56.460000,2.5905E+0,24830
0.011976401131699,4.1744E-2,-56.460000,2.5946E+0,24820
0.011995218849519,4.1810E-2,-56.460000,2.5986E+0,24810
0.01201406613436,4.1875E-2,-56.460000,2.6027E+0,24800
0.012032943032679,4.1941E-2,-56.460000,2.6068E+0,24790
0.012051849591005,4.2007E-2,-56.460000,2.6109E+0,24780
0.012070785855941,4.2073E-2,-56.460000,2.6150E+0,24770
0.012089751874164,4.2139E-2,-56.460000,2.6191E+0,24760
0.012108747692421,4.2205E-2,-56.460000,2.6232E+0,24750
0.012127773357538,4.2272E-2,-56.460000,2.6274E+0,24740
0.012146828916409,4.2338E-2,-56.460000,2.6315E+0,24730
0.012165914416004,4.2405E-2,-56.460000,2.6356E+0,24720
0.012185029903368,4.2471E-2,-56.460000,2.6398E+0,24710
0.012204175425619,4.2538E-2,-56.460000,2.6439E+0,24700
0.012223351029948,4.2605E-2,-56.460000,2.6481E+0,24690
0.012242556763621,4.2672E-2,-56.460000,2.6522E+0,24680
0.012261792673978,4.2739E-2,-56.460000,2.6564E+0,24670
0.012281058808434,4.2806E-2,-56.460000,2.6606E+0,24660
0.012300355214479,4.2873E-2,-56.460000,2.6647E+0,24650
0.012319681939675,4.2941E-2,-56.460000,2.6689E+0,24640
0.012339039031661,4.3008E-2,-56.460000,2.6731E+0,24630
0.012358426538151,4.3076E-2,-56.460000,2.6773E+0,24620
0.012377844506933,4.3143E-2,-56.460000,2.6815E+0,24610
0.01239729298587,4.3211E-2,-56.460000,2.6857E+0,24600
0.012416772022901,4.3279E-2,-56.460000,2.6900E+0,24590
0.012436281666039,4.3347E-2,-56.460000,2.6942E+0,24580
0.012455821963374,4.3415E-2,-56.460000,2.6984E+0,24570
0.012475392963071,4.3483E-2,-56.460000,2.7027E+0,24560
0.012494994713371,4.3552E-2,-56.460000,2.7069E+0,24550
0.01251462726259,4.3620E-2,-56.460000,2.7112E+0,24540
0.012534290659119,4.3689E-2,-56.460000,2.7154E+0,24530
0.012553984951428,4.3757E-2,-56.460000,2.7197E+0,24520
0.012573710188061,4.3826E-2,-56.460000,2.7240E+0,24510
0.012593466417638,4.3895E-2,-56.460000,2.7282E+0,24500
0.012613253688857,4.3964E-2,-56.460000,2.7325E+0,24490
0.012633072050492,4.4033E-2,-56.460000,2.7368E+0,24480
0.012652921551392,4.4102E-2,-56.460000,2.7411E+0,24470
0.012672802240485,4.4171E-2,-56.460000,2.7454E+0,24460
0.012692714166775,4.4241E-2,-56.460000,2.7497E+0,24450
0.012712657379342,4.4310E-2,-56.460000,2.7541E+0,24440
0.012732631927345,4.4380E-2,-56.460000,2.7584E+0,24430
0.012752637860018,4.4450E-2,-56.460000,2.7627E+0,24420
0.012772675226676,4.4520E-2,-56.460000,2.7671E+0,24410
0.012792744076706,4.4590E-2,-56.460000,2.7714E+0,24400
0.012812844459579,4.4660E-2,-56.460000,2.7758E+0,24390
0.012832976424838,4.4730E-2,-56.460000,2.7801E+0,24380
0.012853140022107,4.4800E-2,-56.460000,2.7845E+0,24370
0.012873335301087,4.4870E-2,-56.460000,2.7889E+0,24360
0.012893562311558,4.4941E-2,-56.460000,2.7933E+0,24350
0.012913821103378,4.5012E-2,-56.460000,2.7977E+0,24340
0.012934111726481,4.5082E-2,-56.460000,2.8020E+0,24330
0.012954434230883,4.5153E-2,-56.460000,2.8064E+0,24320
0.012974788666677,4.5224E-2,-56.460000,2.8109E+0,24310
0.012995175084034,4.5295E-2,-56.460000,2.8153E+0,24300
0.013015593533204,4.5366E-2,-56.460000,2.8197E+0,24290
0.013036044064518,4.5438E-2,-56.460000,2.8241E+0,24280
0.013056526728383,4.5509E-2,-56.460000,2.8286E+0,24270
0.013077041575287,4.5580E-2,-56.460000,2.8330E+0,24260
0.013097588655798,4.5652E-2,-56.460000,2.8375E+0,24250
0.013118168020562,4.5724E-2,-56.460000,2.8419E+0,24240
0.013138779720305,4.5796E-2,-56.460000,2.8464E+0,24230
0.013159423805832,4.5868E-2,-56.460000,2.8509E+0,24220
0.01318010032803,4.5940E-2,-56.460000,2.8553E+0,24210
0.013200809337864,4.6012E-2,-56.460000,2.8598E+0,24200
0.01322155088638,4.6084E-2,-56.460000,2.8643E+0,24190
0.013242325024703,4.6157E-2,-56.460000,2.8688E+0,24180
0.013263131804039,4.6229E-2,-56.460000,2.8733E+0,24170
0.013283971275676,4.6302E-2,-56.460000,2.8778E+0,24160
0.013304843490981,4.6374E-2,-56.460000,2.8824E+0,24150
0.013325748501401,4.6447E-2,-56.460000,2.8869E+0,24140
0.013346686358465,4.6520E-2,-56.460000,2.8914E+0,24130
0.013367657113783,4.6593E-2,-56.460000,2.8960E+0,24120
0.013388660819046,4.6667E-2,-56.460000,2.9005E+0,24110
0.013409697526026,4.6740E-2,-56.460000,2.9051E+0,24100
0.013430767286576,4.6813E-2,-56.460000,2.9096E+0,24090
0.013451870152631,4.6887E-2,-56.460000,2.9142E+0,24080
0.013473006176207,4.6961E-2,-56.460000,2.9188E+0,24070
0.013494175409404,4.7034E-2,-56.460000,2.9234E+0,24060
0.0135153779044,4.7108E-2,-56.460000,2.9280E+0,24050
0.013536613713458,4.7182E-2,-56.460000,2.9326E+0,24040
0.013557882888922,4.7256E-2,-56.460000,2.9372E+0,24030
0.013579185483218,4.7331E-2,-56.460000,2.9418E+0,24020
0.013600521548856,4.7405E-2,-56.460000,2.9464E+0,24010
0.013621891138426,4.7480E-2,-56.460000,2.9510E+0,24000
0.013643294304602,4.7554E-2,-56.460000,2.9557E+0,23990
0.013664731100142,4.7629E-2,-56.460000,2.9603E+0,23980
0.013686201577884,4.7704E-2,-56.460000,2.9650E+0,23970
0.013707705790751,4.7779E-2,-56.460000,2.9696E+0,23960
0.013729243791749,4.7854E-2,-56.460000,2.9743E+0,23950
0.013750815633967,4.7929E-2,-56.460000,2.9790E+0,23940
0.013772421370578,4.8004E-2,-56.460000,2.9837E+0,23930
0.013794061054837,4.8080E-2,-56.460000,2.9883E+0,23920
0.013815734740084,4.8155E-2,-56.460000,2.9930E+0,23910
0.013837442479743,4.8231E-2,-56.460000,2.9977E+0,23900
0.01385918432732,4.8307E-2,-56.460000,3.0025E+0,23890
0.013880960336408,4.8383E-2,-56.460000,3.0072E+0,23880
0.013902770560682,4.8459E-2,-56.460000,3.0119E+0,23870
0.013924615053903,4.8535E-2,-56.460000,3.0166E+0,23860
0.013946493869914,4.8611E-2,-56.460000,3.0214E+0,23850
0.013968407062645,4.8687E-2,-56.460000,3.0261E+0,23840
0.013990354686109,4.8764E-2,-56.460000,3.0309E+0,23830
0.014012336794406,4.8840E-2,-56.460000,3.0356E+0,23820
0.014034353441719,4.8917E-2,-56.460000,3.0404E+0,23810
0.014056404682317,4.8994E-2,-56.460000,3.0452E+0,23800
0.014078490570554,4.9071E-2,-56.460000,3.0500E+0,23790
0.014100611160869,4.9148E-2,-56.460000,3.0548E+0,23780
0.014122766507788,4.9225E-2,-56.460000,3.0596E+0,23770
0.014144956665922,4.9303E-2,-56.460000,3.0644E+0,23760
0.014167181689966,4.9380E-2,-56.460000,3.0692E+0,23750
0.014189441634703,4.9458E-2,-56.460000,3.0740E+0,23740
0.014211736555003,4.9536E-2,-56.460000,3.0788E+0,23730
0.014234066505819,4.9613E-2,-56.460000,3.0837E+0,23720
0.014256431542192,4.9691E-2,-56.460000,3.0885E+0,23710
0.014278831719251,4.9769E-2,-56.460000,3.0934E+0,23700
0.01430126709221,4.9848E-2,-56.460000,3.0982E+0,23690
0.014323737716369,4.9926E-2,-56.460000,3.1031E+0,23680
0.014346243647117,5.0004E-2,-56.460000,3.1080E+0,23670
0.014368784939927,5.0083E-2,-56.460000,3.1129E+0,23660
0.014391361650363,5.0162E-2,-56.460000,3.1177E+0,23650
0.014413973834074,5.0240E-2,-56.460000,3.1226E+0,23640
0.014436621546796,5.0319E-2,-56.460000,3.1275E+0,23630
0.014459304844353,5.0398E-2,-56.460000,3.1325E+0,23620
0.014482023782659,5.0478E-2,-56.460000,3.1374E+0,23610
0.014504778417712,5.0557E-2,-56.460000,3.1423E+0,23600
0.014527568805601,5.0636E-2,-56.460000,3.1473E+0,23590
0.014550395002502,5.0716E-2,-56.460000,3.1522E+0,23580
0.014573257064679,5.0796E-2,-56.460000,3.1572E+0,23570
0.014596155048484,5.0875E-2,-56.460000,3.1621E+0,23560
0.014619089010359,5.0955E-2,-56.460000,3.1671E+0,23550
0.014642059006835,5.1035E-2,-56.460000,3.1721E+0,23540
0.014665065094529,5.1116E-2,-56.460000,3.1770E+0,23530
0.014688107330149,5.1196E-2,-56.460000,3.1820E+0,23520
0.014711185770492,5.1276E-2,-56.460000,3.1870E+0,23510
0.014734300472445,5.1357E-2,-56.460000,3.1920E+0,23500
0.014757451492983,5.1438E-2,-56.460000,3.1971E+0,23490
0.01478063888917,5.1518E-2,-56.460000,3.2021E+0,23480
0.014803862718161,5.1599E-2,-56.460000,3.2071E+0,23470
0.014827123037201,5.1680E-2,-56.460000,3.2121E+0,23460
0.014850419903624,5.1762E-2,-56.460000,3.2172E+0,23450
0.014873753374855,5.1843E-2,-56.460000,3.2222E+0,23440
0.014897123508408,5.1924E-2,-56.460000,3.2273E+0,23430
0.014920530361888,5.2006E-2,-56.460000,3.2324E+0,23420
0.014943973992991,5.2088E-2,-56.460000,3.2375E+0,23410
0.014967454459503,5.2170E-2,-56.460000,3.2425E+0,23400
0.014990971819302,5.2252E-2,-56.460000,3.2476E+0,23390
0.015014526130354,5.2334E-2,-56.460000,3.2527E+0,23380
0.015038117450719,5.2416E-2,-56.460000,3.2579E+0,23370
0.015061745838548,5.2498E-2,-56.460000,3.2630E+0,23360
0.015085411352081,5.2581E-2,-56.460000,3.2681E+0,23350
0.015109114049653,5.2663E-2,-56.460000,3.2732E+0,23340
0.015132853989687,5.2746E-2,-56.460000,3.2784E+0,23330
0.015156631230701,5.2829E-2,-56.460000,3.2835E+0,23320
0.015180445831303,5.2912E-2,-56.460000,3.2887E+0,23310
0.015204297850194,5.2995E-2,-56.460000,3.2939E+0,23300
0.015228187346166,5.3078E-2,-56.460000,3.2990E+0,23290
0.015252114378105,5.3162E-2,-56.460000,3.3042E+0,23280
0.015276079004988,5.3245E-2,-56.460000,3.3094E+0,23270
0.015300081285886,5.3329E-2,-56.460000,3.3146E+0,23260
0.015324121279962,5.3413E-2,-56.460000,3.3198E+0,23250
0.015348199046473,5.3497E-2,-56.460000,3.3250E+0,23240
0.015372314644767,5.3581E-2,-56.460000,3.3303E+0,23230
0.015396468134287,5.3665E-2,-56.460000,3.3355E+0,23220
0.015420659574569,5.3749E-2,-56.460000,3.3407E+0,23210
0.015444889025243,5.3834E-2,-56.460000,3.3460E+0,23200
0.015469156546032,5.3918E-2,-56.460000,3.3512E+0,23190
0.015493462196752,5.4003E-2,-56.460000,3.3565E+0,23180
0.015517806037316,5.4088E-2,-56.460000,3.3618E+0,23170
0.015542188127727,5.4173E-2,-56.460000,3.3671E+0,23160
0.015566608528086,5.4258E-2,-56.460000,3.3724E+0,23150
0.015591067298585,5.4343E-2,-56.460000,3.3776E+0,23140
0.015615564499515,5.4429E-2,-56.460000,3.3830E+0,23130
0.015640100191257,5.4514E-2,-56.460000,3.3883E+0,23120
0.015664674434291,5.4600E-2,-56.460000,3.3936E+0,23110
0.015689287289188,5.4686E-2,-56.460000,3.3989E+0,23100
0.015713938816617,5.4771E-2,-56.460000,3.4043E+0,23090
0.015738629077343,5.4858E-2,-56.460000,3.4096E+0,23080
0.015763358132223,5.4944E-2,-56.460000,3.4150E+0,23070
0.015788126042212,5.5030E-2,-56.460000,3.4203E+0,23060
0.015812932868361,5.5117E-2,-56.460000,3.4257E+0,23050
0.015837778671817,5.5203E-2,-56.460000,3.4311E+0,23040
0.015862663513821,5.5290E-2,-56.460000,3.4365E+0,23030
0.015887587455712,5.5377E-2,-56.460000,3.4419E+0,23020
0.015912550558926,5.5464E-2,-56.460000,3.4473E+0,23010
0.015937552884994,5.5551E-2,-56.460000,3.4527E+0,23000
0.015962594495544,5.5638E-2,-56.460000,3.4581E+0,22990
0.015987675452301,5.5726E-2,-56.460000,3.4636E+0,22980
0.016012795817088,5.5813E-2,-56.460000,3.4690E+0,22970
0.016037955651823,5.5901E-2,-56.460000,3.4745E+0,22960
0.016063155018523,5.5989E-2,-56.460000,3.4799E+0,22950
0.016088393979302,5.6077E-2,-56.460000,3.4854E+0,22940
0.016113672596371,5.6165E-2,-56.460000,3.4909E+0,22930
0.016138990932041,5.6253E-2,-56.460000,3.4964E+0,22920
0.016164349048717,5.6341E-2,-56.460000,3.5018E+0,22910
0.016189747008905,5.6430E-2,-56.460000,3.5073E+0,22900
0.016215184875209,5.6519E-2,-56.460000,3.5129E+0,22890
0.01624066271033,5.6607E-2,-56.460000,3.5184E+0,22880
0.016266180577069,5.6696E-2,-56.460000,3.5239E+0,22870
0.016291738538325,5.6785E-2,-56.460000,3.5294E+0,22860
0.016317336657095,5.6875E-2,-56.460000,3.5350E+0,22850
0.016342974996477,5.6964E-2,-56.460000,3.5405E+0,22840
0.016368653619666,5.7054E-2,-56.460000,3.5461E+0,22830
0.016394372589958,5.7143E-2,-56.460000,3.5517E+0,22820
0.016420131970747,5.7233E-2,-56.460000,3.5573E+0,22810
0.016445931825527,5.7323E-2,-56.460000,3.5628E+0,22800
0.016471772217894,5.7413E-2,-56.460000,3.5684E+0,22790
0.016497653211539,5.7503E-2,-56.460000,3.5741E+0,22780
0.016523574870259,5.7593E-2,-56.460000,3.5797E+0,22770
0.016549537257947,5.7684E-2,-56.460000,3.5853E+0,22760
0.016575540438597,5.7775E-2,-56.460000,3.5909E+0,22750
0.016601584476306,5.7865E-2,-56.460000,3.5966E+0,22740
0.016627669435268,5.7956E-2,-56.460000,3.6022E+0,22730
0.016653795379782,5.8047E-2,-56.460000,3.6079E+0,22720
0.016679962374244,5.8139E-2,-56.460000,3.6135E+0,22710
0.016706170483153,5.8230E-2,-56.460000,3.6192E+0,22700
0.016732419771111,5.8321E-2,-56.460000,3.6249E+0,22690
0.016758710302819,5.8413E-2,-56.460000,3.6306E+0,22680
0.01678504214308,5.8505E-2,-56.460000,3.6363E+0,22670
0.0168114153568,5.8597E-2,-56.460000,3.6420E+0,22660
0.016837830008987,5.8689E-2,-56.460000,3.6477E+0,22650
0.016864286164749,5.8781E-2,-56.460000,3.6535E+0,22640
0.016890783889298,5.8873E-2,-56.460000,3.6592E+0,22630
0.01691732324795,5.8966E-2,-56.460000,3.6650E+0,22620
0.01694390430612,5.9059E-2,-56.460000,3.6707E+0,22610
0.016970527129328,5.9151E-2,-56.460000,3.6765E+0,22600
0.016997191783197,5.9244E-2,-56.460000,3.6823E+0,22590
0.017023898333453,5.9337E-2,-56.460000,3.6881E+0,22580
0.017050646845924,5.9431E-2,-56.460000,3.6939E+0,22570
0.017077437386544,5.9524E-2,-56.460000,3.6997E+0,22560
0.017104270021347,5.9618E-2,-56.460000,3.7055E+0,22550
0.017131144816475,5.9711E-2,-56.460000,3.7113E+0,22540
0.01715806183817,5.9805E-2,-56.460000,3.7171E+0,22530
0.01718502115278,5.9899E-2,-56.460000,3.7230E+0,22520
0.017212022826758,5.9993E-2,-56.460000,3.7288E+0,22510
0.017239066926659,6.0087E-2,-56.460000,3.7347E+0,22500
0.017266153519145,6.0182E-2,-56.460000,3.7405E+0,22490
0.017293282670982,6.0276E-2,-56.460000,3.7464E+0,22480
0.01732045444904,6.0371E-2,-56.460000,3.7523E+0,22470
0.017347668920294,6.0466E-2,-56.460000,3.7582E+0,22460
0.017374926151827,6.0561E-2,-56.460000,3.7641E+0,22450
0.017402226210824,6.0656E-2,-56.460000,3.7700E+0,22440
0.017429569164577,6.0751E-2,-56.460000,3.7759E+0,22430
0.017456955080485,6.0847E-2,-56.460000,3.7819E+0,22420
0.017484384026049,6.0942E-2,-56.460000,3.7878E+0,22410
0.017511856068881,6.1038E-2,-56.460000,3.7938E+0,22400
0.017539371276695,6.1134E-2,-56.460000,3.7997E+0,22390
0.017566929717315,6.1230E-2,-56.460000,3.8057E+0,22380
0.017594531458668,6.1326E-2,-56.460000,3.8117E+0,22370
0.017622176568791,6.1423E-2,-56.460000,3.8177E+0,22360
0.017649865115826,6.1519E-2,-56.460000,3.8237E+0,22350
0.017677597168022,6.1616E-2,-56.460000,3.8297E+0,22340
0.017705372793737,6.1713E-2,-56.460000,3.8357E+0,22330
0.017733192061434,6.1810E-2,-56.460000,3.8417E+0,22320
0.017761055039685,6.1907E-2,-56.460000,3.8478E+0,22310
0.01778896179717,6.2004E-2,-56.460000,3.8538E+0,22300
0.017816912402675,6.2101E-2,-56.460000,3.8599E+0,22290
0.017844906925097,6.2199E-2,-56.460000,3.8659E+0,22280
0.01787294543344,6.2297E-2,-56.460000,3.8720E+0,22270
0.017901027996814,6.2395E-2,-56.460000,3.8781E+0,22260
0.017929154684441,6.2493E-2,-56.460000,3.8842E+0,22250
0.017957325565651,6.2591E-2,-56.460000,3.8903E+0,22240
0.017985540709882,6.2689E-2,-56.460000,3.8964E+0,22230
0.018013800186681,6.2788E-2,-56.460000,3.9025E+0,22220
0.018042104065705,6.2886E-2,-56.460000,3.9086E+0,22210
0.018070452416721,6.2985E-2,-56.460000,3.9148E+0,22200
0.018098845309604,6.3084E-2,-56.460000,3.9209E+0,22190
0.01812728281434,6.3183E-2,-56.460000,3.9271E+0,22180
0.018155765001024,6.3283E-2,-56.460000,3.9333E+0,22170
0.018184291939863,6.3382E-2,-56.460000,3.9394E+0,22160
0.018212863701173,6.3482E-2,-56.460000,3.9456E+0,22150
0.018241480355379,6.3581E-2,-56.460000,3.9518E+0,22140
0.018270141973019,6.3681E-2,-56.460000,3.9580E+0,22130
0.018298848624742,6.3781E-2,-56.460000,3.9643E+0,22120
0.018327600381306,6.3881E-2,-56.460000,3.9705E+0,22110
0.018356397313581,6.3982E-2,-56.460000,3.9767E+0,22100
0.01838523949255,6.4082E-2,-56.460000,3.9830E+0,22090
0.018414126989304,6.4183E-2,-56.460000,3.9892E+0,22080
0.01844305987505,6.4284E-2,-56.460000,3.9955E+0,22070
0.018472038221103,6.4385E-2,-56.460000,4.0018E+0,22060
0.018501062098892,6.4486E-2,-56.460000,4.0081E+0,22050
0.018530131579959,6.4587E-2,-56.460000,4.0144E+0,22040
0.018559246735956,6.4689E-2,-56.460000,4.0207E+0,22030
0.018588407638651,6.4791E-2,-56.460000,4.0270E+0,22020
0.01861761435992,6.4892E-2,-56.460000,4.0333E+0,22010
0.018646866971757,6.4994E-2,-56.460000,4.0397E+0,22000
0.018676165546265,6.5096E-2,-56.460000,4.0460E+0,21990
0.018705510155664,6.5199E-2,-56.460000,4.0524E+0,21980
0.018734900872284,6.5301E-2,-56.460000,4.0587E+0,21970
0.01876433776857,6.5404E-2,-56.460000,4.0651E+0,21960
0.018793820917082,6.5507E-2,-56.460000,4.0715E+0,21950
0.018823350390493,6.5609E-2,-56.460000,4.0779E+0,21940
0.01885292626159,6.5713E-2,-56.460000,4.0843E+0,21930
0.018882548603274,6.5816E-2,-56.460000,4.0907E+0,21920
0.018912217488562,6.5919E-2,-56.460000,4.0971E+0,21910
0.018941932990584,6.6023E-2,-56.460000,4.1036E+0,21900
0.018971695182587,6.6127E-2,-56.460000,4.1100E+0,21890
0.01900150413793,6.6230E-2,-56.460000,4.1165E+0,21880
0.019031359930091,6.6334E-2,-56.460000,4.1230E+0,21870
0.019061262632661,6.6439E-2,-56.460000,4.1294E+0,21860
0.019091212319346,6.6543E-2,-56.460000,4.1359E+0,21850
0.01912120906397,6.6648E-2,-56.460000,4.1424E+0,21840
0.019151252940473,6.6752E-2,-56.460000,4.1489E+0,21830
0.019181344022908,6.6857E-2,-56.460000,4.1554E+0,21820
0.019211482385448,6.6962E-2,-56.460000,4.1620E+0,21810
0.01924166810238,6.7068E-2,-56.460000,4.1685E+0,21800
0.01927190124811,6.7173E-2,-56.460000,4.1751E+0,21790
0.019302181897159,6.7278E-2,-56.460000,4.1816E+0,21780
0.019332510124167,6.7384E-2,-56.460000,4.1882E+0,21770
0.019362886003888,6.7490E-2,-56.460000,4.1948E+0,21760
0.019393309611196,6.7596E-2,-56.460000,4.2014E+0,21750
0.019423781021083,6.7702E-2,-56.460000,4.2080E+0,21740
0.019454300308658,6.7809E-2,-56.460000,4.2146E+0,21730
0.019484867549148,6.7915E-2,-56.460000,4.2212E+0,21720
0.019515482817897,6.8022E-2,-56.460000,4.2278E+0,21710
0.01954614619037,6.8129E-2,-56.460000,4.2345E+0,21700
0.019576857742149,6.8236E-2,-56.460000,4.2411E+0,21690
0.019607617548934,6.8343E-2,-56.460000,4.2478E+0,21680
0.019638425686546,6.8450E-2,-56.460000,4.2545E+0,21670
0.019669282230923,6.8558E-2,-56.460000,4.2612E+0,21660
0.019700187258124,6.8666E-2,-56.460000,4.2678E+0,21650
0.019731140844326,6.8774E-2,-56.460000,4.2746E+0,21640
0.019762143065827,6.8882E-2,-56.460000,4.2813E+0,21630
0.019793193999045,6.8990E-2,-56.460000,4.2880E+0,21620
0.019824293720517,6.9098E-2,-56.460000,4.2947E+0,21610
0.0198554423069,6.9207E-2,-56.460000,4.3015E+0,21600
0.019886639834973,6.9316E-2,-56.460000,4.3082E+0,21590
0.019917886381635,6.9424E-2,-56.460000,4.3150E+0,21580
0.019949182023905,6.9534E-2,-56.460000,4.3218E+0,21570
0.019980526838924,6.9643E-2,-56.460000,4.3286E+0,21560
0.020011920903953,6.9752E-2,-56.460000,4.3354E+0,21550
0.020043364296377,6.9862E-2,-56.460000,4.3422E+0,21540
0.020074857093699,6.9972E-2,-56.460000,4.3490E+0,21530
0.020106399373547,7.0082E-2,-56.460000,4.3559E+0,21520
0.020137991213669,7.0192E-2,-56.460000,4.3627E+0,21510
0.020169632691935,7.0302E-2,-56.460000,4.3695E+0,21500
0.020201323886339,7.0412E-2,-56.460000,4.3764E+0,21490
0.020233064874997,7.0523E-2,-56.460000,4.3833E+0,21480
0.020264855736147,7.0634E-2,-56.460000,4.3902E+0,21470
0.02029669654815,7.0745E-2,-56.460000,4.3971E+0,21460
0.02032858738949,7.0856E-2,-56.460000,4.4040E+0,21450
0.020360528338776,7.0967E-2,-56.460000,4.4109E+0,21440
0.020392519474738,7.1079E-2,-56.460000,4.4178E+0,21430
0.020424560876232,7.1191E-2,-56.460000,4.4248E+0,21420
0.020456652622237,7.1302E-2,-56.460000,4.4317E+0,21410
0.020488794791854,7.1414E-2,-56.460000,4.4387E+0,21400
0.020520987464313,7.1527E-2,-56.460000,4.4457E+0,21390
0.020553230718964,7.1639E-2,-56.460000,4.4527E+0,21380
0.020585524635283,7.1752E-2,-56.460000,4.4596E+0,21370
0.020617869292873,7.1864E-2,-56.460000,4.4667E+0,21360
0.020650264771459,7.1977E-2,-56.460000,4.4737E+0,21350
0.020682711150894,7.2090E-2,-56.460000,4.4807E+0,21340
0.020715208511153,7.2204E-2,-56.460000,4.4877E+0,21330
0.02074775693234,7.2317E-2,-56.460000,4.4948E+0,21320
0.020780356494684,7.2431E-2,-56.460000,4.5019E+0,21310
0.02081300727854,7.2544E-2,-56.460000,4.5089E+0,21300
0.020845709364387,7.2658E-2,-56.460000,4.5160E+0,21290
0.020878462832834,7.2773E-2,-56.460000,4.5231E+0,21280
0.020911267764615,7.2887E-2,-56.460000,4.5302E+0,21270
0.02094412424059,7.3001E-2,-56.460000,4.5373E+0,21260
0.020977032341747,7.3116E-2,-56.460000,4.5445E+0,21250
0.021009992149202,7.3231E-2,-56.460000,4.5516E+0,21240
0.021043003744198,7.3346E-2,-56.460000,4.5588E+0,21230
0.021076067208104,7.3461E-2,-56.460000,4.5659E+0,21220
0.021109182622419,7.3577E-2,-56.460000,4.5731E+0,21210
0.021142350068768,7.3692E-2,-56.460000,4.5803E+0,21200
0.021175569628908,7.3808E-2,-56.460000,4.5875E+0,21190
0.021208841384719,7.3924E-2,-56.460000,4.5947E+0,21180
0.021242165418214,7.4040E-2,-56.460000,4.6019E+0,21170
0.021275541811534,7.4157E-2,-56.460000,4.6091E+0,21160
0.021308970646947,7.4273E-2,-56.460000,4.6164E+0,21150
0.021342452006853,7.4390E-2,-56.460000,4.6236E+0,21140
0.02137598597378,7.4507E-2,-56.460000,4.6309E+0,21130
0.021409572630385,7.4624E-2,-56.460000,4.6382E+0,21120
0.021443212059457,7.4741E-2,-56.460000,4.6455E+0,21110
0.021476904343913,7.4859E-2,-56.460000,4.6528E+0,21100
0.021510649566801,7.4976E-2,-56.460000,4.6601E+0,21090
0.0215444478113,7.5094E-2,-56.460000,4.6674E+0,21080
0.02157829916072,7.5212E-2,-56.460000,4.6747E+0,21070
0.0216122036985,7.5330E-2,-56.460000,4.6821E+0,21060
0.021646161508212,7.5448E-2,-56.460000,4.6894E+0,21050
0.021680172673559,7.5567E-2,-56.460000,4.6968E+0,21040
0.021714237278374,7.5686E-2,-56.460000,4.7042E+0,21030
0.021748355406623,7.5805E-2,-56.460000,4.7116E+0,21020
0.021782527142405,7.5924E-2,-56.460000,4.7190E+0,21010
0.021816752569949,7.6043E-2,-56.460000,4.7264E+0,21000
0.021851031773618,7.6163E-2,-56.460000,4.7338E+0,20990
0.021885364837906,7.6282E-2,-56.460000,4.7412E+0,20980
0.02191975184744,7.6402E-2,-56.460000,4.7487E+0,20970
0.021954192886982,7.6522E-2,-56.460000,4.7562E+0,20960
0.021988688041425,7.6642E-2,-56.460000,4.7636E+0,20950
0.022023237395797,7.6763E-2,-56.460000,4.7711E+0,20940
0.022057841035257,7.6883E-2,-56.460000,4.7786E+0,20930
0.022092499045101,7.7004E-2,-56.460000,4.7861E+0,20920
0.022127211510758,7.7125E-2,-56.460000,4.7936E+0,20910
0.022161978517789,7.7246E-2,-56.460000,4.8012E+0,20900
0.022196800151892,7.7368E-2,-56.460000,4.8087E+0,20890
0.022231676498899,7.7489E-2,-56.460000,4.8163E+0,20880
0.022266607644776,7.7611E-2,-56.460000,4.8238E+0,20870
0.022301593675626,7.7733E-2,-56.460000,4.8314E+0,20860
0.022336634677686,7.7855E-2,-56.460000,4.8390E+0,20850
0.022371730737328,7.7977E-2,-56.460000,4.8466E+0,20840
0.02240688194106,7.8100E-2,-56.460000,4.8542E+0,20830
0.022442088375527,7.8223E-2,-56.460000,4.8619E+0,20820
0.022477350127509,7.8346E-2,-56.460000,4.8695E+0,20810
0.022512667283922,7.8469E-2,-56.460000,4.8771E+0,20800
0.022548039931821,7.8592E-2,-56.460000,4.8848E+0,20790
0.022583468158394,7.8715E-2,-56.460000,4.8925E+0,20780
0.02261895205097,7.8839E-2,-56.460000,4.9002E+0,20770
0.022654491697012,7.8963E-2,-56.460000,4.9079E+0,20760
0.022690087184122,7.9087E-2,-56.460000,4.9156E+0,20750
0.022725738600039,7.9211E-2,-56.460000,4.9233E+0,20740
0.022761446032641,7.9336E-2,-56.460000,4.9310E+0,20730
0.022797209569943,7.9460E-2,-56.460000,4.9388E+0,20720
0.022833029300099,7.9585E-2,-56.460000,4.9465E+0,20710
0.022868905311399,7.9710E-2,-56.460000,4.9543E+0,20700
0.022904837692277,7.9836E-2,-56.460000,4.9621E+0,20690
0.0229408265313,7.9961E-2,-56.460000,4.9699E+0,20680
0.022976871917178,8.0087E-2,-56.460000,4.9777E+0,20670
0.023012973938759,8.0213E-2,-56.460000,4.9855E+0,20660
0.023049132685031,8.0339E-2,-56.460000,4.9934E+0,20650
0.023085348245122,8.0465E-2,-56.460000,5.0012E+0,20640
0.0231216207083,8.0591E-2,-56.460000,5.0091E+0,20630
0.023157950163973,8.0718E-2,-56.460000,5.0169E+0,20620
0.023194336701688,8.0845E-2,-56.460000,5.0248E+0,20610
0.023230780411136,8.0972E-2,-56.460000,5.0327E+0,20600
0.023267281382146,8.1099E-2,-56.460000,5.0406E+0,20590
0.02330383970469,8.1226E-2,-56.460000,5.0485E+0,20580
0.02334045546888,8.1354E-2,-56.460000,5.0565E+0,20570
0.02337712876497,8.1482E-2,-56.460000,5.0644E+0,20560
0.023413859683357,8.1610E-2,-56.460000,5.0724E+0,20550
0.023450648314579,8.1738E-2,-56.460000,5.0803E+0,20540
0.023487494749316,8.1866E-2,-56.460000,5.0883E+0,20530
0.02352439907839,8.1995E-2,-56.460000,5.0963E+0,20520
0.023561361392767,8.2124E-2,-56.460000,5.1043E+0,20510
0.023598381783557,8.2253E-2,-56.460000,5.1124E+0,20500
0.023635460342009,8.2382E-2,-56.460000,5.1204E+0,20490
0.023672597159519,8.2512E-2,-56.460000,5.1284E+0,20480
0.023709792327627,8.2641E-2,-56.460000,5.1365E+0,20470
0.023747045938013,8.2771E-2,-56.460000,5.1446E+0,20460
0.023784358082505,8.2901E-2,-56.460000,5.1526E+0,20450
0.023821728853073,8.3031E-2,-56.460000,5.1607E+0,20440
0.023859158341833,8.3162E-2,-56.460000,5.1688E+0,20430
0.023896646641044,8.3293E-2,-56.460000,5.1770E+0,20420
0.023934193843111,8.3423E-2,-56.460000,5.1851E+0,20410
0.023971800040585,8.3555E-2,-56.460000,5.1933E+0,20400
0.024009465326162,8.3686E-2,-56.460000,5.2014E+0,20390
0.024047189792681,8.3817E-2,-56.460000,5.2096E+0,20380
0.024084973533131,8.3949E-2,-56.460000,5.2178E+0,20370
0.024122816640644,8.4081E-2,-56.460000,5.2260E+0,20360
0.0241607192085,8.4213E-2,-56.460000,5.2342E+0,20350
0.024198681330125,8.4345E-2,-56.460000,5.2424E+0,20340
0.024236703099092,8.4478E-2,-56.460000,5.2506E+0,20330
0.024274784609121,8.4611E-2,-56.460000,5.2589E+0,20320
0.024312925954078,8.4744E-2,-56.460000,5.2672E+0,20310
0.024351127227979,8.4877E-2,-56.460000,5.2754E+0,20300
0.024389388524986,8.5010E-2,-56.460000,5.2837E+0,20290
0.024427709939409,8.5144E-2,-56.460000,5.2920E+0,20280
0.024466091565707,8.5277E-2,-56.460000,5.3003E+0,20270
0.024504533498486,8.5411E-2,-56.460000,5.3087E+0,20260
0.024543035832502,8.5546E-2,-56.460000,5.3170E+0,20250
0.024581598662659,8.5680E-2,-56.460000,5.3254E+0,20240
0.024620222084012,8.5815E-2,-56.460000,5.3337E+0,20230
0.024658906191762,8.5949E-2,-56.460000,5.3421E+0,20220
0.024697651081263,8.6085E-2,-56.460000,5.3505E+0,20210
0.024736456848017,8.6220E-2,-56.460000,5.3589E+0,20200
0.024775323587675,8.6355E-2,-56.460000,5.3673E+0,20190
0.024814251396041,8.6491E-2,-56.460000,5.3758E+0,20180
0.024853240369068,8.6627E-2,-56.460000,5.3842E+0,20170
0.02489229060286,8.6763E-2,-56.460000,5.3927E+0,20160
0.024931402193671,8.6899E-2,-56.460000,5.4011E+0,20150
0.024970575237909,8.7036E-2,-56.460000,5.4096E+0,20140
0.02500980983213,8.7173E-2,-56.460000,5.4181E+0,20130
0.025049106073043,8.7310E-2,-56.460000,5.4266E+0,20120
0.025088464057511,8.7447E-2,-56.460000,5.4352E+0,20110
0.025127883882547,8.7584E-2,-56.460000,5.4437E+0,20100
0.025167365645317,8.7722E-2,-56.460000,5.4523E+0,20090
0.025206909443139,8.7860E-2,-56.460000,5.4608E+0,20080
0.025246515373484,8.7998E-2,-56.460000,5.4694E+0,20070
0.025286183533978,8.8136E-2,-56.460000,5.4780E+0,20060
0.025325914022399,8.8274E-2,-56.460000,5.4866E+0,20050
0.025365706936678,8.8413E-2,-56.460000,5.4952E+0,20040
0.025405562374901,8.8552E-2,-56.460000,5.5039E+0,20030
0.025445480435308,8.8691E-2,-56.460000,5.5125E+0,20020
0.025485461216292,8.8830E-2,-56.460000,5.5212E+0,20010
0.025525504816402,8.8970E-2,-56.460000,5.5298E+0,20000
0.025565611334342,8.9110E-2,-56.460000,5.5385E+0,19990
0.025605780868971,8.9250E-2,-56.460000,5.5472E+0,19980
0.025646013519301,8.9390E-2,-56.460000,5.5560E+0,19970
0.025686309384504,8.9531E-2,-56.460000,5.5647E+0,19960
0.025726668563903,8.9671E-2,-56.460000,5.5734E+0,19950
0.025767091156981,8.9812E-2,-56.460000,5.5822E+0,19940
0.025807577263375,8.9953E-2,-56.460000,5.5910E+0,19930
0.025848126982879,9.0095E-2,-56.460000,5.5997E+0,19920
0.025888740415444,9.0236E-2,-56.460000,5.6085E+0,19910
0.025929417661179,9.0378E-2,-56.460000,5.6173E+0,19900
0.025970158820348,9.0520E-2,-56.460000,5.6262E+0,19890
0.026010963993375,9.0662E-2,-56.460000,5.6350E+0,19880
0.026051833280841,9.0805E-2,-56.460000,5.6439E+0,19870
0.026092766783483,9.0947E-2,-56.460000,5.6527E+0,19860
0.0261337646022,9.1090E-2,-56.460000,5.6616E+0,19850
0.026174826838046,9.1233E-2,-56.460000,5.6705E+0,19840
0.026215953592236,9.1377E-2,-56.460000,5.6794E+0,19830
0.026257144966143,9.1520E-2,-56.460000,5.6883E+0,19820
0.0262984010613,9.1664E-2,-56.460000,5.6973E+0,19810
0.026339721979399,9.1808E-2,-56.460000,5.7062E+0,19800
0.026381107822293,9.1952E-2,-56.460000,5.7152E+0,19790
0.026422558691992,9.2097E-2,-56.460000,5.7242E+0,19780
0.02646407469067,9.2241E-2,-56.460000,5.7332E+0,19770
0.026505655920659,9.2386E-2,-56.460000,5.7422E+0,19760
0.026547302484452,9.2532E-2,-56.460000,5.7512E+0,19750
0.026589014484705,9.2677E-2,-56.460000,5.7602E+0,19740
0.026630792024233,9.2823E-2,-56.460000,5.7693E+0,19730
0.026672635206014,9.2968E-2,-56.460000,5.7784E+0,19720
0.026714544133186,9.3114E-2,-56.460000,5.7874E+0,19710
0.026756518909053,9.3261E-2,-56.460000,5.7965E+0,19700
0.026798559637076,9.3407E-2,-56.460000,5.8056E+0,19690
0.026840666420882,9.3554E-2,-56.460000,5.8148E+0,19680
0.026882839364261,9.3701E-2,-56.460000,5.8239E+0,19670
0.026925078571164,9.3848E-2,-56.460000,5.8330E+0,19660
0.026967384145707,9.3996E-2,-56.460000,5.8422E+0,19650
0.027009756192168,9.4143E-2,-56.460000,5.8514E+0,19640
0.027052194814992,9.4291E-2,-56.460000,5.8606E+0,19630
0.027094700118784,9.4440E-2,-56.460000,5.8698E+0,19620
0.027137272208316,9.4588E-2,-56.460000,5.8790E+0,19610
0.027179911188524,9.4737E-2,-56.460000,5.8883E+0,19600
0.027222617164509,9.4885E-2,-56.460000,5.8975E+0,19590
0.027265390241537,9.5034E-2,-56.460000,5.9068E+0,19580
0.027308230525039,9.5184E-2,-56.460000,5.9161E+0,19570
0.027351138120612,9.5333E-2,-56.460000,5.9254E+0,19560
0.02739411313402,9.5483E-2,-56.460000,5.9347E+0,19550
0.02743715567119,9.5633E-2,-56.460000,5.9440E+0,19540
0.02748026583822,9.5783E-2,-56.460000,5.9533E+0,19530
0.027523443741371,9.5934E-2,-56.460000,5.9627E+0,19520
0.027566689487072,9.6085E-2,-56.460000,5.9720E+0,19510
0.02761000318192,9.6236E-2,-56.460000,5.9814E+0,19500
0.027653384932679,9.6387E-2,-56.460000,5.9908E+0,19490
0.027696834846281,9.6538E-2,-56.460000,6.0002E+0,19480
0.027740353029825,9.6690E-2,-56.460000,6.0097E+0,19470
0.027783939590579,9.6842E-2,-56.460000,6.0191E+0,19460
0.027827594635979,9.6994E-2,-56.460000,6.0286E+0,19450
0.027871318273632,9.7146E-2,-56.460000,6.0380E+0,19440
0.027915110611312,9.7299E-2,-56.460000,6.0475E+0,19430
0.027958971756961,9.7452E-2,-56.460000,6.0570E+0,19420
0.028002901818695,9.7605E-2,-56.460000,6.0665E+0,19410
0.028046900904795,9.7758E-2,-56.460000,6.0761E+0,19400
0.028090969123715,9.7912E-2,-56.460000,6.0856E+0,19390
0.02813510658408,9.8066E-2,-56.460000,6.0952E+0,19380
0.028179313394682,9.8220E-2,-56.460000,6.1048E+0,19370
0.028223589664489,9.8374E-2,-56.460000,6.1144E+0,19360
0.028267935502636,9.8529E-2,-56.460000,6.1240E+0,19350
0.028312351018432,9.8684E-2,-56.460000,6.1336E+0,19340
0.028356836321356,9.8839E-2,-56.460000,6.1432E+0,19330
0.02840139152106,9.8994E-2,-56.460000,6.1529E+0,19320
0.028446016727369,9.9150E-2,-56.460000,6.1625E+0,19310
0.028490712050279,9.9305E-2,-56.460000,6.1722E+0,19300
0.028535477599959,9.9461E-2,-56.460000,6.1819E+0,19290
0.028580313486752,9.9618E-2,-56.460000,6.1916E+0,19280
0.028625219821175,9.9774E-2,-56.460000,6.2014E+0,19270
0.028670196713916,9.9931E-2,-56.460000,6.2111E+0,19260
0.02871524427584,1.0009E-1,-56.460000,6.2209E+0,19250
0.028760362617984,1.0025E-1,-56.460000,6.2306E+0,19240
0.02880555185156,1.0040E-1,-56.460000,6.2404E+0,19230
0.028850812087956,1.0056E-1,-56.460000,6.2502E+0,19220
0.028896143438733,1.0072E-1,-56.460000,6.2601E+0,19210
0.028941546015629,1.0088E-1,-56.460000,6.2699E+0,19200
0.028987019930556,1.0104E-1,-56.460000,6.2797E+0,19190
0.029032565295603,1.0119E-1,-56.460000,6.2896E+0,19180
0.029078182223035,1.0135E-1,-56.460000,6.2995E+0,19170
0.029123870825293,1.0151E-1,-56.460000,6.3094E+0,19160
0.029169631214995,1.0167E-1,-56.460000,6.3193E+0,19150
0.029215463504936,1.0183E-1,-56.460000,6.3292E+0,19140
0.029261367808088,1.0199E-1,-56.460000,6.3392E+0,19130
0.029307344237599,1.0215E-1,-56.460000,6.3491E+0,19120
0.029353392906799,1.0231E-1,-56.460000,6.3591E+0,19110
0.029399513929192,1.0247E-1,-56.460000,6.3691E+0,19100
0.029445707418461,1.0263E-1,-56.460000,6.3791E+0,19090
0.02949197348847,1.0280E-1,-56.460000,6.3891E+0,19080
0.029538312253258,1.0296E-1,-56.460000,6.3992E+0,19070
0.029584723827048,1.0312E-1,-56.460000,6.4092E+0,19060
0.029631208324239,1.0328E-1,-56.460000,6.4193E+0,19050
0.029677765859409,1.0344E-1,-56.460000,6.4294E+0,19040
0.02972439654732,1.0361E-1,-56.460000,6.4395E+0,19030
0.029771100502911,1.0377E-1,-56.460000,6.4496E+0,19020
0.029817877841303,1.0393E-1,-56.460000,6.4597E+0,19010
0.029864728677797,1.0409E-1,-56.460000,6.4699E+0,19000
0.029911653127876,1.0426E-1,-56.460000,6.4801E+0,18990
0.029958651307204,1.0442E-1,-56.460000,6.4902E+0,18980
0.030005723331626,1.0459E-1,-56.460000,6.5004E+0,18970
0.030052869317171,1.0475E-1,-56.460000,6.5107E+0,18960
0.030100089380049,1.0491E-1,-56.460000,6.5209E+0,18950
0.030147383636653,1.0508E-1,-56.460000,6.5311E+0,18940
0.030194752203557,1.0524E-1,-56.460000,6.5414E+0,18930
0.030242195197522,1.0541E-1,-56.460000,6.5517E+0,18920
0.030289712735489,1.0558E-1,-56.460000,6.5620E+0,18910
0.030337304934584,1.0574E-1,-56.460000,6.5723E+0,18900
0.030384971912118,1.0591E-1,-56.460000,6.5826E+0,18890
0.030432713785584,1.0607E-1,-56.460000,6.5929E+0,18880
0.030480530672661,1.0624E-1,-56.460000,6.6033E+0,18870
0.030528422691215,1.0641E-1,-56.460000,6.6137E+0,18860
0.030576389959292,1.0658E-1,-56.460000,6.6241E+0,18850
0.030624432595129,1.0674E-1,-56.460000,6.6345E+0,18840
0.030672550717146,1.0691E-1,-56.460000,6.6449E+0,18830
0.030720744443948,1.0708E-1,-56.460000,6.6553E+0,18820
0.030769013894328,1.0725E-1,-56.460000,6.6658E+0,18810
0.030817359187267,1.0741E-1,-56.460000,6.6763E+0,18800
0.03086578044193,1.0758E-1,-56.460000,6.6868E+0,18790
0.03091427777767,1.0775E-1,-56.460000,6.6973E+0,18780
0.03096285131403,1.0792E-1,-56.460000,6.7078E+0,18770
0.031011501170737,1.0809E-1,-56.460000,6.7183E+0,18760
0.03106022746771,1.0826E-1,-56.460000,6.7289E+0,18750
0.031109030325052,1.0843E-1,-56.460000,6.7395E+0,18740
0.03115790986306,1.0860E-1,-56.460000,6.7500E+0,18730
0.031206866202215,1.0877E-1,-56.460000,6.7607E+0,18720
0.031255899463191,1.0894E-1,-56.460000,6.7713E+0,18710
0.031305009766848,1.0911E-1,-56.460000,6.7819E+0,18700
0.031354197234241,1.0929E-1,-56.460000,6.7926E+0,18690
0.03140346198661,1.0946E-1,-56.460000,6.8032E+0,18680
0.031452804145388,1.0963E-1,-56.460000,6.8139E+0,18670
0.031502223832199,1.0980E-1,-56.460000,6.8246E+0,18660
0.031551721168858,1.0997E-1,-56.460000,6.8354E+0,18650
0.03160129627737,1.1015E-1,-56.460000,6.8461E+0,18640
0.031650949279933,1.1032E-1,-56.460000,6.8569E+0,18630
0.031700680298938,1.1049E-1,-56.460000,6.8676E+0,18620
0.031750489456965,1.1067E-1,-56.460000,6.8784E+0,18610
0.03180037687679,1.1084E-1,-56.460000,6.8892E+0,18600
0.031850342681379,1.1102E-1,-56.460000,6.9001E+0,18590
0.031900386993895,1.1119E-1,-56.460000,6.9109E+0,18580
0.031950509937691,1.1136E-1,-56.460000,6.9218E+0,18570
0.032000711636314,1.1154E-1,-56.460000,6.9326E+0,18560
0.032050992213508,1.1171E-1,-56.460000,6.9435E+0,18550
0.032101351793209,1.1189E-1,-56.460000,6.9544E+0,18540
0.032151790499549,1.1207E-1,-56.460000,6.9654E+0,18530
0.032202308456853,1.1224E-1,-56.460000,6.9763E+0,18520
0.032252905789643,1.1242E-1,-56.460000,6.9873E+0,18510
0.032303582622637,1.1260E-1,-56.460000,6.9982E+0,18500
0.032354339080749,1.1277E-1,-56.460000,7.0092E+0,18490
0.032405175289087,1.1295E-1,-56.460000,7.0203E+0,18480
0.032456091372958,1.1313E-1,-56.460000,7.0313E+0,18470
0.032507087457865,1.1330E-1,-56.460000,7.0423E+0,18460
0.032558163669508,1.1348E-1,-56.460000,7.0534E+0,18450
0.032609320133786,1.1366E-1,-56.460000,7.0645E+0,18440
0.032660556976793,1.1384E-1,-56.460000,7.0756E+0,18430
0.032711874324824,1.1402E-1,-56.460000,7.0867E+0,18420
0.032763272304371,1.1420E-1,-56.460000,7.0978E+0,18410
0.032814751042123,1.1438E-1,-56.460000,7.1090E+0,18400
0.032866310664973,1.1456E-1,-56.460000,7.1202E+0,18390
0.032917951300008,1.1474E-1,-56.460000,7.1313E+0,18380
0.032969673074518,1.1492E-1,-56.460000,7.1425E+0,18370
0.033021476115991,1.1510E-1,-56.460000,7.1538E+0,18360
0.033073360552118,1.1528E-1,-56.460000,7.1650E+0,18350
0.033125326510789,1.1546E-1,-56.460000,7.1763E+0,18340
0.033177374120093,1.1564E-1,-56.460000,7.1875E+0,18330
0.033229503508323,1.1582E-1,-56.460000,7.1988E+0,18320
0.033281714803974,1.1600E-1,-56.460000,7.2102E+0,18310
0.03333400813574,1.1619E-1,-56.460000,7.2215E+0,18300
0.03338638363252,1.1637E-1,-56.460000,7.2328E+0,18290
0.033438841423413,1.1655E-1,-56.460000,7.2442E+0,18280
0.033491381637724,1.1674E-1,-56.460000,7.2556E+0,18270
0.033544004404958,1.1692E-1,-56.460000,7.2670E+0,18260
0.033596709854826,1.1710E-1,-56.460000,7.2784E+0,18250
0.033649498117241,1.1729E-1,-56.460000,7.2898E+0,18240
0.033702369322321,1.1747E-1,-56.460000,7.3013E+0,18230
0.033755323600388,1.1766E-1,-56.460000,7.3128E+0,18220
0.033808361081969,1.1784E-1,-56.460000,7.3242E+0,18210
0.033861481897797,1.1803E-1,-56.460000,7.3358E+0,18200
0.033914686178809,1.1821E-1,-56.460000,7.3473E+0,18190
0.033967974056147,1.1840E-1,-56.460000,7.3588E+0,18180
0.034021345661162,1.1858E-1,-56.460000,7.3704E+0,18170
0.03407480112541,1.1877E-1,-56.460000,7.3820E+0,18160
0.034128340580652,1.1896E-1,-56.460000,7.3936E+0,18150
0.034181964158857,1.1914E-1,-56.460000,7.4052E+0,18140
0.034235671992204,1.1933E-1,-56.460000,7.4168E+0,18130
0.034289464213076,1.1952E-1,-56.460000,7.4285E+0,18120
0.034343340954065,1.1970E-1,-56.460000,7.4401E+0,18110
0.034397302347973,1.1989E-1,-56.460000,7.4518E+0,18100
0.034451348527809,1.2008E-1,-56.460000,7.4635E+0,18090
0.034505479626791,1.2027E-1,-56.460000,7.4753E+0,18080
0.034559695778348,1.2046E-1,-56.460000,7.4870E+0,18070
0.034613997116116,1.2065E-1,-56.460000,7.4988E+0,18060
0.034668383773943,1.2084E-1,-56.460000,7.5106E+0,18050
0.034722855885887,1.2103E-1,-56.460000,7.5224E+0,18040
0.034777413586216,1.2122E-1,-56.460000,7.5342E+0,18030
0.03483205700941,1.2141E-1,-56.460000,7.5460E+0,18020
0.034886786290158,1.2160E-1,-56.460000,7.5579E+0,18010
0.034941601563364,1.2179E-1,-56.460000,7.5697E+0,18000
0.03499650296414,1.2198E-1,-56.460000,7.5816E+0,17990
0.035051490627815,1.2217E-1,-56.460000,7.5936E+0,17980
0.035106564689927,1.2237E-1,-56.460000,7.6055E+0,17970
0.035161725286228,1.2256E-1,-56.460000,7.6174E+0,17960
0.035216972552683,1.2275E-1,-56.460000,7.6294E+0,17950
0.035272306625472,1.2294E-1,-56.460000,7.6414E+0,17940
0.035327727640987,1.2314E-1,-56.460000,7.6534E+0,17930
0.035383235735836,1.2333E-1,-56.460000,7.6654E+0,17920
0.035438831046841,1.2352E-1,-56.460000,7.6775E+0,17910
0.035494513711038,1.2372E-1,-56.460000,7.6895E+0,17900
0.03555028386568,1.2391E-1,-56.460000,7.7016E+0,17890
0.035606141648235,1.2411E-1,-56.460000,7.7137E+0,17880
0.035662087196386,1.2430E-1,-56.460000,7.7258E+0,17870
0.035718120648034,1.2450E-1,-56.460000,7.7380E+0,17860
0.035774242141296,1.2469E-1,-56.460000,7.7501E+0,17850
0.035830451814505,1.2489E-1,-56.460000,7.7623E+0,17840
0.035886749806214,1.2508E-1,-56.460000,7.7745E+0,17830
0.03594313625519,1.2528E-1,-56.460000,7.7867E+0,17820
0.03599961130042,1.2548E-1,-56.460000,7.7990E+0,17810
0.036056175081111,1.2568E-1,-56.460000,7.8112E+0,17800
0.036112827736686,1.2587E-1,-56.460000,7.8235E+0,17790
0.036169569406789,1.2607E-1,-56.460000,7.8358E+0,17780
0.036226400231281,1.2627E-1,-56.460000,7.8481E+0,17770
0.036283320350246,1.2647E-1,-56.460000,7.8604E+0,17760
0.036340329903985,1.2667E-1,-56.460000,7.8728E+0,17750
0.036397429033022,1.2686E-1,-56.460000,7.8851E+0,17740
0.0364546178781,1.2706E-1,-56.460000,7.8975E+0,17730
0.036511896580184,1.2726E-1,-56.460000,7.9099E+0,17720
0.036569265280461,1.2746E-1,-56.460000,7.9224E+0,17710
0.036626724120338,1.2766E-1,-56.460000,7.9348E+0,17700
0.036684273241446,1.2786E-1,-56.460000,7.9473E+0,17690
0.036741912785637,1.2807E-1,-56.460000,7.9598E+0,17680
0.036799642894989,1.2827E-1,-56.460000,7.9723E+0,17670
0.036857463711798,1.2847E-1,-56.460000,7.9848E+0,17660
0.036915375378588,1.2867E-1,-56.460000,7.9973E+0,17650
0.036973378038106,1.2887E-1,-56.460000,8.0099E+0,17640
0.037031471833322,1.2907E-1,-56.460000,8.0225E+0,17630
0.037089656907432,1.2928E-1,-56.460000,8.0351E+0,17620
0.037147933403856,1.2948E-1,-56.460000,8.0477E+0,17610
0.03720630146624,1.2968E-1,-56.460000,8.0604E+0,17600
0.037264761238455,1.2989E-1,-56.460000,8.0730E+0,17590
0.037323312864599,1.3009E-1,-56.460000,8.0857E+0,17580
0.037381956488995,1.3030E-1,-56.460000,8.0984E+0,17570
0.037440692256196,1.3050E-1,-56.460000,8.1112E+0,17560
0.037499520310977,1.3071E-1,-56.460000,8.1239E+0,17550
0.037558440798345,1.3091E-1,-56.460000,8.1367E+0,17540
0.037617453863533,1.3112E-1,-56.460000,8.1494E+0,17530
0.037676559652002,1.3132E-1,-56.460000,8.1622E+0,17520
0.037735758309442,1.3153E-1,-56.460000,8.1751E+0,17510
0.037795049981771,1.3174E-1,-56.460000,8.1879E+0,17500
0.037854434815139,1.3194E-1,-56.460000,8.2008E+0,17490
0.037913912955922,1.3215E-1,-56.460000,8.2137E+0,17480
0.037973484550728,1.3236E-1,-56.460000,8.2266E+0,17470
0.038033149746395,1.3257E-1,-56.460000,8.2395E+0,17460
0.038092908689993,1.3277E-1,-56.460000,8.2524E+0,17450
0.03815276152882,1.3298E-1,-56.460000,8.2654E+0,17440
0.038212708410409,1.3319E-1,-56.460000,8.2784E+0,17430
0.038272749482522,1.3340E-1,-56.460000,8.2914E+0,17420
0.038332884893155,1.3361E-1,-56.460000,8.3044E+0,17410
0.038393114790535,1.3382E-1,-56.460000,8.3175E+0,17400
0.038453439323123,1.3403E-1,-56.460000,8.3306E+0,17390
0.038513858639613,1.3424E-1,-56.460000,8.3436E+0,17380
0.038574372888933,1.3445E-1,-56.460000,8.3568E+0,17370
0.038634982220244,1.3466E-1,-56.460000,8.3699E+0,17360
0.038695686782942,1.3488E-1,-56.460000,8.3830E+0,17350
0.038756486726658,1.3509E-1,-56.460000,8.3962E+0,17340
0.038817382201258,1.3530E-1,-56.460000,8.4094E+0,17330
0.038878373356843,1.3551E-1,-56.460000,8.4226E+0,17320
0.03893946034375,1.3572E-1,-56.460000,8.4358E+0,17310
0.039000643312553,1.3594E-1,-56.460000,8.4491E+0,17300
0.039061922414061,1.3615E-1,-56.460000,8.4624E+0,17290
0.039123297799322,1.3637E-1,-56.460000,8.4757E+0,17280
0.039184769619619,1.3658E-1,-56.460000,8.4890E+0,17270
0.039246338026474,1.3679E-1,-56.460000,8.5023E+0,17260
0.039308003171648,1.3701E-1,-56.460000,8.5157E+0,17250
0.039369765207139,1.3722E-1,-56.460000,8.5291E+0,17240
0.039431624285184,1.3744E-1,-56.460000,8.5425E+0,17230
0.03949358055826,1.3766E-1,-56.460000,8.5559E+0,17220
0.039555634179083,1.3787E-1,-56.460000,8.5693E+0,17210
0.039617785300608,1.3809E-1,-56.460000,8.5828E+0,17200
0.039680034076032,1.3831E-1,-56.460000,8.5963E+0,17190
0.039742380658792,1.3852E-1,-56.460000,8.6098E+0,17180
0.039804825202567,1.3874E-1,-56.460000,8.6233E+0,17170
0.039867367861275,1.3896E-1,-56.460000,8.6369E+0,17160
0.039930008789079,1.3918E-1,-56.460000,8.6504E+0,17150
0.039992748140381,1.3940E-1,-56.460000,8.6640E+0,17140
0.040055586069829,1.3962E-1,-56.460000,8.6776E+0,17130
0.040118522732311,1.3983E-1,-56.460000,8.6913E+0,17120
0.04018155828296,1.4005E-1,-56.460000,8.7049E+0,17110
0.040244692877152,1.4027E-1,-56.460000,8.7186E+0,17100
0.040307926670508,1.4049E-1,-56.460000,8.7323E+0,17090
0.040371259818893,1.4072E-1,-56.460000,8.7460E+0,17080
0.040434692478417,1.4094E-1,-56.460000,8.7598E+0,17070
0.040498224805435,1.4116E-1,-56.460000,8.7735E+0,17060
0.040561856956547,1.4138E-1,-56.460000,8.7873E+0,17050
0.040625589088602,1.4160E-1,-56.460000,8.8011E+0,17040
0.040689421358691,1.4182E-1,-56.460000,8.8150E+0,17030
0.040753353924156,1.4205E-1,-56.460000,8.8288E+0,17020
0.040817386942583,1.4227E-1,-56.460000,8.8427E+0,17010
0.040881520571809,1.4249E-1,-56.460000,8.8566E+0,17000
0.040945754969915,1.4272E-1,-56.460000,8.8705E+0,16990
0.041010090295233,1.4294E-1,-56.460000,8.8844E+0,16980
0.041074526706343,1.4317E-1,-56.460000,8.8984E+0,16970
0.041139064362075,1.4339E-1,-56.460000,8.9124E+0,16960
0.041203703421508,1.4362E-1,-56.460000,8.9264E+0,16950
0.04126844404397,1.4384E-1,-56.460000,8.9404E+0,16940
0.041333286389041,1.4407E-1,-56.460000,8.9544E+0,16930
0.04139823061655,1.4429E-1,-56.460000,8.9685E+0,16920
0.041463276886579,1.4452E-1,-56.460000,8.9826E+0,16910
0.04152842535946,1.4475E-1,-56.460000,8.9967E+0,16900
0.041593676195778,1.4498E-1,-56.460000,9.0109E+0,16890
0.041659029556369,1.4520E-1,-56.460000,9.0250E+0,16880
0.041724485602324,1.4543E-1,-56.460000,9.0392E+0,16870
0.041790044494984,1.4566E-1,-56.460000,9.0534E+0,16860
0.041855706395946,1.4589E-1,-56.460000,9.0676E+0,16850
0.041921471467059,1.4612E-1,-56.460000,9.0819E+0,16840
0.041987339870429,1.4635E-1,-56.460000,9.0961E+0,16830
0.042053311768415,1.4658E-1,-56.460000,9.1104E+0,16820
0.042119387323629,1.4681E-1,-56.460000,9.1247E+0,16810
0.042185566698943,1.4704E-1,-56.460000,9.1391E+0,16800
0.042251850057482,1.4727E-1,-56.460000,9.1534E+0,16790
0.042318237562627,1.4750E-1,-56.460000,9.1678E+0,16780
0.042384729378018,1.4773E-1,-56.460000,9.1822E+0,16770
0.042451325667549,1.4797E-1,-56.460000,9.1967E+0,16760
0.042518026595375,1.4820E-1,-56.460000,9.2111E+0,16750
0.042584832325905,1.4843E-1,-56.460000,9.2256E+0,16740
0.042651743023811,1.4866E-1,-56.460000,9.2401E+0,16730
0.042718758854019,1.4890E-1,-56.460000,9.2546E+0,16720
0.042785879981718,1.4913E-1,-56.460000,9.2691E+0,16710
0.042853106572354,1.4937E-1,-56.460000,9.2837E+0,16700
0.042920438791634,1.4960E-1,-56.460000,9.2983E+0,16690
0.042987876805526,1.4984E-1,-56.460000,9.3129E+0,16680
0.043055420780256,1.5007E-1,-56.460000,9.3275E+0,16670
0.043123070882316,1.5031E-1,-56.460000,9.3422E+0,16660
0.043190827278454,1.5054E-1,-56.460000,9.3569E+0,16650
0.043258690135685,1.5078E-1,-56.460000,9.3716E+0,16640
0.043326659621282,1.5102E-1,-56.460000,9.3863E+0,16630
0.043394735902785,1.5125E-1,-56.460000,9.4010E+0,16620
0.043462919147995,1.5149E-1,-56.460000,9.4158E+0,16610
0.043531209524976,1.5173E-1,-56.460000,9.4306E+0,16600
0.043599607202057,1.5197E-1,-56.460000,9.4454E+0,16590
0.043668112347832,1.5221E-1,-56.460000,9.4603E+0,16580
0.043736725131159,1.5245E-1,-56.460000,9.4751E+0,16570
0.043805445721163,1.5269E-1,-56.460000,9.4900E+0,16560
0.043874274287231,1.5293E-1,-56.460000,9.5049E+0,16550
0.043943210999021,1.5317E-1,-56.460000,9.5199E+0,16540
0.044012256026453,1.5341E-1,-56.460000,9.5348E+0,16530
0.044081409539718,1.5365E-1,-56.460000,9.5498E+0,16520
0.044150671709272,1.5389E-1,-56.460000,9.5648E+0,16510
0.044220042705838,1.5413E-1,-56.460000,9.5798E+0,16500
0.04428952270041,1.5437E-1,-56.460000,9.5949E+0,16490
0.044359111864249,1.5462E-1,-56.460000,9.6100E+0,16480
0.044428810368886,1.5486E-1,-56.460000,9.6251E+0,16470
0.044498618386119,1.5510E-1,-56.460000,9.6402E+0,16460
0.04456853608802,1.5535E-1,-56.460000,9.6553E+0,16450
0.044638563646927,1.5559E-1,-56.460000,9.6705E+0,16440
0.044708701235453,1.5583E-1,-56.460000,9.6857E+0,16430
0.044778949026479,1.5608E-1,-56.460000,9.7009E+0,16420
0.04484930719316,1.5632E-1,-56.460000,9.7162E+0,16410
0.04491977590892,1.5657E-1,-56.460000,9.7314E+0,16400
0.044990355347459,1.5682E-1,-56.460000,9.7467E+0,16390
0.045061045682747,1.5706E-1,-56.460000,9.7620E+0,16380
0.04513184708903,1.5731E-1,-56.460000,9.7774E+0,16370
0.045202759740825,1.5756E-1,-56.460000,9.7927E+0,16360
0.045273783812926,1.5780E-1,-56.460000,9.8081E+0,16350
0.045344919480399,1.5805E-1,-56.460000,9.8235E+0,16340
0.045416166918587,1.5830E-1,-56.460000,9.8390E+0,16330
0.045487526303109,1.5855E-1,-56.460000,9.8544E+0,16320
0.045558997809857,1.5880E-1,-56.460000,9.8699E+0,16310
0.045630581615001,1.5905E-1,-56.460000,9.8854E+0,16300
0.045702277894989,1.5930E-1,-56.460000,9.9009E+0,16290
0.045774086826546,1.5955E-1,-56.460000,9.9165E+0,16280
0.045846008586672,1.5980E-1,-56.460000,9.9321E+0,16270
0.045918043352648,1.6005E-1,-56.460000,9.9477E+0,16260
0.045990191302032,1.6030E-1,-56.460000,9.9633E+0,16250
0.046062452612662,1.6055E-1,-56.460000,9.9790E+0,16240
0.046134827462654,1.6080E-1,-56.460000,9.9946E+0,16230
0.046207316030407,1.6106E-1,-56.460000,1.0010E+1,16220
0.046279918494596,1.6131E-1,-56.460000,1.0026E+1,16210
0.046352635034179,1.6156E-1,-56.460000,1.0042E+1,16200
0.046425465828396,1.6182E-1,-56.460000,1.0058E+1,16190
0.046498411056768,1.6207E-1,-56.460000,1.0073E+1,16180
0.046571470899096,1.6233E-1,-56.460000,1.0089E+1,16170
0.046644645535466,1.6258E-1,-56.460000,1.0105E+1,16160
0.046717935146247,1.6284E-1,-56.460000,1.0121E+1,16150
0.04679133991209,1.6309E-1,-56.460000,1.0137E+1,16140
0.04686486001393,1.6335E-1,-56.460000,1.0153E+1,16130
0.046938495632988,1.6361E-1,-56.460000,1.0169E+1,16120
0.047012246950767,1.6386E-1,-56.460000,1.0185E+1,16110
0.047086114149057,1.6412E-1,-56.460000,1.0201E+1,16100
0.047160097409934,1.6438E-1,-56.460000,1.0217E+1,16090
0.047234196915759,1.6464E-1,-56.460000,1.0233E+1,16080
0.04730841284918,1.6490E-1,-56.460000,1.0249E+1,16070
0.047382745393132,1.6515E-1,-56.460000,1.0265E+1,16060
0.047457194730837,1.6541E-1,-56.460000,1.0281E+1,16050
0.047531761045805,1.6567E-1,-56.460000,1.0297E+1,16040
0.047606444521835,1.6593E-1,-56.460000,1.0313E+1,16030
0.047681245343014,1.6619E-1,-56.460000,1.0330E+1,16020
0.047756163693719,1.6646E-1,-56.460000,1.0346E+1,16010
0.047831199758616,1.6672E-1,-56.460000,1.0362E+1,16000
0.047906353722662,1.6698E-1,-56.460000,1.0378E+1,15990
0.047981625771103,1.6724E-1,-56.460000,1.0395E+1,15980
0.048057016089477,1.6750E-1,-56.460000,1.0411E+1,15970
0.048132524863615,1.6777E-1,-56.460000,1.0427E+1,15960
0.048208152279638,1.6803E-1,-56.460000,1.0444E+1,15950
0.04828389852396,1.6830E-1,-56.460000,1.0460E+1,15940
0.048359763783288,1.6856E-1,-56.460000,1.0477E+1,15930
0.048435748244622,1.6882E-1,-56.460000,1.0493E+1,15920
0.048511852095257,1.6909E-1,-56.460000,1.0510E+1,15910
0.04858807552278,1.6936E-1,-56.460000,1.0526E+1,15900
0.048664418715075,1.6962E-1,-56.460000,1.0543E+1,15890
0.048740881860321,1.6989E-1,-56.460000,1.0559E+1,15880
0.048817465146991,1.7015E-1,-56.460000,1.0576E+1,15870
0.048894168763855,1.7042E-1,-56.460000,1.0592E+1,15860
0.048970992899981,1.7069E-1,-56.460000,1.0609E+1,15850
0.049047937744732,1.7096E-1,-56.460000,1.0626E+1,15840
0.049125003487769,1.7123E-1,-56.460000,1.0642E+1,15830
0.049202190319053,1.7150E-1,-56.460000,1.0659E+1,15820
0.04927949842884,1.7177E-1,-56.460000,1.0676E+1,15810
0.049356928007688,1.7204E-1,-56.460000,1.0693E+1,15800
0.049434479246453,1.7231E-1,-56.460000,1.0709E+1,15790
0.049512152336291,1.7258E-1,-56.460000,1.0726E+1,15780
0.049589947468658,1.7285E-1,-56.460000,1.0743E+1,15770
0.049667864835312,1.7312E-1,-56.460000,1.0760E+1,15760
0.049745904628311,1.7339E-1,-56.460000,1.0777E+1,15750
0.049824067040015,1.7366E-1,-56.460000,1.0794E+1,15740
0.049902352263088,1.7394E-1,-56.460000,1.0811E+1,15730
0.049980760490493,1.7421E-1,-56.460000,1.0828E+1,15720
0.050059291915501,1.7448E-1,-56.460000,1.0845E+1,15710
0.050137946731683,1.7476E-1,-56.460000,1.0862E+1,15700
0.050216725132915,1.7503E-1,-56.460000,1.0879E+1,15690
0.050295627313378,1.7531E-1,-56.460000,1.0896E+1,15680
0.050374653467558,1.7558E-1,-56.460000,1.0913E+1,15670
0.050453803790248,1.7586E-1,-56.460000,1.0930E+1,15660
0.050533078476543,1.7613E-1,-56.460000,1.0947E+1,15650
0.05061247772185,1.7641E-1,-56.460000,1.0965E+1,15640
0.050692001721878,1.7669E-1,-56.460000,1.0982E+1,15630
0.050771650672647,1.7697E-1,-56.460000,1.0999E+1,15620
0.050851424770484,1.7724E-1,-56.460000,1.1016E+1,15610
0.050931324212023,1.7752E-1,-56.460000,1.1034E+1,15600
0.051011349194209,1.7780E-1,-56.460000,1.1051E+1,15590
0.051091499914296,1.7808E-1,-56.460000,1.1068E+1,15580
0.051171776569846,1.7836E-1,-56.460000,1.1086E+1,15570
0.051252179358735,1.7864E-1,-56.460000,1.1103E+1,15560
0.051332708479146,1.7892E-1,-56.460000,1.1121E+1,15550
0.051413364129577,1.7920E-1,-56.460000,1.1138E+1,15540
0.051494146508835,1.7948E-1,-56.460000,1.1156E+1,15530
0.05157505581604,1.7977E-1,-56.460000,1.1173E+1,15520
0.051656092250627,1.8005E-1,-56.460000,1.1191E+1,15510
0.051737256012342,1.8033E-1,-56.460000,1.1208E+1,15500
0.051818547301245,1.8062E-1,-56.460000,1.1226E+1,15490
0.051899966317712,1.8090E-1,-56.460000,1.1244E+1,15480
0.051981513262432,1.8118E-1,-56.460000,1.1261E+1,15470
0.05206318833641,1.8147E-1,-56.460000,1.1279E+1,15460
0.052144991740968,1.8175E-1,-56.460000,1.1297E+1,15450
0.052226923677742,1.8204E-1,-56.460000,1.1314E+1,15440
0.052308984348687,1.8232E-1,-56.460000,1.1332E+1,15430
0.052391173956073,1.8261E-1,-56.460000,1.1350E+1,15420
0.052473492702491,1.8290E-1,-56.460000,1.1368E+1,15410
0.052555940790848,1.8319E-1,-56.460000,1.1386E+1,15400
0.05263851842437,1.8347E-1,-56.460000,1.1404E+1,15390
0.052721225806603,1.8376E-1,-56.460000,1.1422E+1,15380
0.052804063141411,1.8405E-1,-56.460000,1.1439E+1,15370
0.052887030632982,1.8434E-1,-56.460000,1.1457E+1,15360
0.052970128485821,1.8463E-1,-56.460000,1.1475E+1,15350
0.053053356904757,1.8492E-1,-56.460000,1.1493E+1,15340
0.053136716094939,1.8521E-1,-56.460000,1.1512E+1,15330
0.05322020626184,1.8550E-1,-56.460000,1.1530E+1,15320
0.053303827611253,1.8579E-1,-56.460000,1.1548E+1,15310
0.053387580349299,1.8608E-1,-56.460000,1.1566E+1,15300
0.053471464682418,1.8638E-1,-56.460000,1.1584E+1,15290
0.053555480817378,1.8667E-1,-56.460000,1.1602E+1,15280
0.05363962896127,1.8696E-1,-56.460000,1.1620E+1,15270
0.05372390932151,1.8726E-1,-56.460000,1.1639E+1,15260
0.053808322105841,1.8755E-1,-56.460000,1.1657E+1,15250
0.053892867522333,1.8785E-1,-56.460000,1.1675E+1,15240
0.053977545779381,1.8814E-1,-56.460000,1.1694E+1,15230
0.054062357085709,1.8844E-1,-56.460000,1.1712E+1,15220
0.054147301650369,1.8873E-1,-56.460000,1.1730E+1,15210
0.054232379682739,1.8903E-1,-56.460000,1.1749E+1,15200
0.05431759139253,1.8933E-1,-56.460000,1.1767E+1,15190
0.05440293698978,1.8962E-1,-56.460000,1.1786E+1,15180
0.054488416684856,1.8992E-1,-56.460000,1.1804E+1,15170
0.054574030688458,1.9022E-1,-56.460000,1.1823E+1,15160
0.054659779211616,1.9052E-1,-56.460000,1.1841E+1,15150
0.054745662465692,1.9082E-1,-56.460000,1.1860E+1,15140
0.054831680662379,1.9112E-1,-56.460000,1.1879E+1,15130
0.054917834013703,1.9142E-1,-56.460000,1.1897E+1,15120
0.055004122732024,1.9172E-1,-56.460000,1.1916E+1,15110
0.055090547030035,1.9202E-1,-56.460000,1.1935E+1,15100
0.055177107120763,1.9232E-1,-56.460000,1.1954E+1,15090
0.05526380321757,1.9262E-1,-56.460000,1.1972E+1,15080
0.055350635534154,1.9293E-1,-56.460000,1.1991E+1,15070
0.055437604284548,1.9323E-1,-56.460000,1.2010E+1,15060
0.05552470968312,1.9353E-1,-56.460000,1.2029E+1,15050
0.055611951944578,1.9384E-1,-56.460000,1.2048E+1,15040
0.055699331283964,1.9414E-1,-56.460000,1.2067E+1,15030
0.05578684791666,1.9445E-1,-56.460000,1.2086E+1,15020
0.055874502058385,1.9475E-1,-56.460000,1.2105E+1,15010
0.055962293925199,1.9506E-1,-56.460000,1.2124E+1,15000
0.0560502237335,1.9537E-1,-56.460000,1.2143E+1,14990
0.056138291700025,1.9567E-1,-56.460000,1.2162E+1,14980
0.056226498041854,1.9598E-1,-56.460000,1.2181E+1,14970
0.056314842976407,1.9629E-1,-56.460000,1.2200E+1,14960
0.056403326721444,1.9660E-1,-56.460000,1.2219E+1,14950
0.05649194949507,1.9690E-1,-56.460000,1.2238E+1,14940
0.056580711515731,1.9721E-1,-56.460000,1.2258E+1,14930
0.056669613002217,1.9752E-1,-56.460000,1.2277E+1,14920
0.05675865417366,1.9783E-1,-56.460000,1.2296E+1,14910
0.056847835249539,1.9815E-1,-56.460000,1.2316E+1,14900
0.056937156449675,1.9846E-1,-56.460000,1.2335E+1,14890
0.057026617994238,1.9877E-1,-56.460000,1.2354E+1,14880
0.05711622010374,1.9908E-1,-56.460000,1.2374E+1,14870
0.057205962999041,1.9939E-1,-56.460000,1.2393E+1,14860
0.05729584690135,1.9971E-1,-56.460000,1.2413E+1,14850
0.057385872032221,2.0002E-1,-56.460000,1.2432E+1,14840
0.057476038613557,2.0033E-1,-56.460000,1.2452E+1,14830
0.05756634686761,2.0065E-1,-56.460000,1.2471E+1,14820
0.05765679701698,2.0096E-1,-56.460000,1.2491E+1,14810
0.057747389284618,2.0128E-1,-56.460000,1.2510E+1,14800
0.057838123893826,2.0160E-1,-56.460000,1.2530E+1,14790
0.057929001068254,2.0191E-1,-56.460000,1.2550E+1,14780
0.058020021031906,2.0223E-1,-56.460000,1.2569E+1,14770
0.058111184009138,2.0255E-1,-56.460000,1.2589E+1,14760
0.058202490224657,2.0287E-1,-56.460000,1.2609E+1,14750
0.058293939903523,2.0319E-1,-56.460000,1.2629E+1,14740
0.058385533271151,2.0350E-1,-56.460000,1.2649E+1,14730
0.058477270553309,2.0382E-1,-56.460000,1.2669E+1,14720
0.058569151976122,2.0414E-1,-56.460000,1.2688E+1,14710
0.058661177766066,2.0447E-1,-56.460000,1.2708E+1,14700
0.058753348149978,2.0479E-1,-56.460000,1.2728E+1,14690
0.058845663355047,2.0511E-1,-56.460000,1.2748E+1,14680
0.058938123608822,2.0543E-1,-56.460000,1.2768E+1,14670
0.059030729139207,2.0575E-1,-56.460000,1.2788E+1,14660
0.059123480174466,2.0608E-1,-56.460000,1.2809E+1,14650
0.059216376943222,2.0640E-1,-56.460000,1.2829E+1,14640
0.059309419674455,2.0673E-1,-56.460000,1.2849E+1,14630
0.059402608597507,2.0705E-1,-56.460000,1.2869E+1,14620
0.059495943942078,2.0738E-1,-56.460000,1.2889E+1,14610
0.059589425938233,2.0770E-1,-56.460000,1.2909E+1,14600
0.059683054816393,2.0803E-1,-56.460000,1.2930E+1,14590
0.059776830807345,2.0835E-1,-56.460000,1.2950E+1,14580
0.059870754142238,2.0868E-1,-56.460000,1.2970E+1,14570
0.059964825052583,2.0901E-1,-56.460000,1.2991E+1,14560
0.060059043770255,2.0934E-1,-56.460000,1.3011E+1,14550
0.060153410527495,2.0967E-1,-56.460000,1.3032E+1,14540
0.060247925556908,2.1000E-1,-56.460000,1.3052E+1,14530
0.060342589091462,2.1033E-1,-56.460000,1.3073E+1,14520
0.060437401364494,2.1066E-1,-56.460000,1.3093E+1,14510
0.060532362609708,2.1099E-1,-56.460000,1.3114E+1,14500
0.060627473061174,2.1132E-1,-56.460000,1.3134E+1,14490
0.060722732953328,2.1165E-1,-56.460000,1.3155E+1,14480
0.060818142520977,2.1198E-1,-56.460000,1.3176E+1,14470
0.060913701999297,2.1232E-1,-56.460000,1.3196E+1,14460
0.061009411623831,2.1265E-1,-56.460000,1.3217E+1,14450
0.061105271630496,2.1298E-1,-56.460000,1.3238E+1,14440
0.061201282255575,2.1332E-1,-56.460000,1.3259E+1,14430
0.061297443735726,2.1365E-1,-56.460000,1.3279E+1,14420
0.061393756307977,2.1399E-1,-56.460000,1.3300E+1,14410
0.061490220209729,2.1433E-1,-56.460000,1.3321E+1,14400
0.061586835678755,2.1466E-1,-56.460000,1.3342E+1,14390
0.061683602953205,2.1500E-1,-56.460000,1.3363E+1,14380
0.061780522271598,2.1534E-1,-56.460000,1.3384E+1,14370
0.061877593872832,2.1568E-1,-56.460000,1.3405E+1,14360
0.061974817996179,2.1602E-1,-56.460000,1.3426E+1,14350
0.062072194881285,2.1635E-1,-56.460000,1.3447E+1,14340
0.062169724768177,2.1669E-1,-56.460000,1.3468E+1,14330
0.062267407897254,2.1704E-1,-56.460000,1.3490E+1,14320
0.062365244509297,2.1738E-1,-56.460000,1.3511E+1,14310
0.062463234845462,2.1772E-1,-56.460000,1.3532E+1,14300
0.062561379147287,2.1806E-1,-56.460000,1.3553E+1,14290
0.062659677656687,2.1840E-1,-56.460000,1.3575E+1,14280
0.062758130615958,2.1875E-1,-56.460000,1.3596E+1,14270
0.062856738267777,2.1909E-1,-56.460000,1.3617E+1,14260
0.062955500855202,2.1943E-1,-56.460000,1.3639E+1,14250
0.063054418621672,2.1978E-1,-56.460000,1.3660E+1,14240
0.063153491811012,2.2012E-1,-56.460000,1.3682E+1,14230
0.063252720667425,2.2047E-1,-56.460000,1.3703E+1,14220
0.063352105435501,2.2082E-1,-56.460000,1.3725E+1,14210
0.063451646360214,2.2116E-1,-56.460000,1.3746E+1,14200
0.063551343686923,2.2151E-1,-56.460000,1.3768E+1,14190
0.06365119766137,2.2186E-1,-56.460000,1.3789E+1,14180
0.063751208529687,2.2221E-1,-56.460000,1.3811E+1,14170
0.06385137653839,2.2256E-1,-56.460000,1.3833E+1,14160
0.063951701934384,2.2291E-1,-56.460000,1.3854E+1,14150
0.064052184964959,2.2326E-1,-56.460000,1.3876E+1,14140
0.064152825877799,2.2361E-1,-56.460000,1.3898E+1,14130
0.064253624920971,2.2396E-1,-56.460000,1.3920E+1,14120
0.064354582342935,2.2431E-1,-56.460000,1.3942E+1,14110
0.064455698392543,2.2466E-1,-56.460000,1.3964E+1,14100
0.064556973319033,2.2502E-1,-56.460000,1.3986E+1,14090
0.064658407372041,2.2537E-1,-56.460000,1.4008E+1,14080
0.064760000801589,2.2572E-1,-56.460000,1.4030E+1,14070
0.064861753858096,2.2608E-1,-56.460000,1.4052E+1,14060
0.064963666792372,2.2643E-1,-56.460000,1.4074E+1,14050
0.065065739855625,2.2679E-1,-56.460000,1.4096E+1,14040
0.065167973299452,2.2715E-1,-56.460000,1.4118E+1,14030
0.065270367375849,2.2750E-1,-56.460000,1.4140E+1,14020
0.065372922337208,2.2786E-1,-56.460000,1.4162E+1,14010
0.065475638436317,2.2822E-1,-56.460000,1.4185E+1,14000
0.06557851592636,2.2858E-1,-56.460000,1.4207E+1,13990
0.065681555060919,2.2894E-1,-56.460000,1.4229E+1,13980
0.065784756093978,2.2930E-1,-56.460000,1.4252E+1,13970
0.065888119279915,2.2966E-1,-56.460000,1.4274E+1,13960
0.06599164487351,2.3002E-1,-56.460000,1.4296E+1,13950
0.066095333129944,2.3038E-1,-56.460000,1.4319E+1,13940
0.066199184304799,2.3074E-1,-56.460000,1.4341E+1,13930
0.066303198654056,2.3110E-1,-56.460000,1.4364E+1,13920
0.066407376434101,2.3147E-1,-56.460000,1.4386E+1,13910
0.066511717901722,2.3183E-1,-56.460000,1.4409E+1,13900
0.06661622331411,2.3219E-1,-56.460000,1.4432E+1,13890
0.066720892928861,2.3256E-1,-56.460000,1.4454E+1,13880
0.066825727003975,2.3292E-1,-56.460000,1.4477E+1,13870
0.066930725797856,2.3329E-1,-56.460000,1.4500E+1,13860
0.067035889569318,2.3366E-1,-56.460000,1.4523E+1,13850
0.067141218577578,2.3402E-1,-56.460000,1.4545E+1,13840
0.067246713082261,2.3439E-1,-56.460000,1.4568E+1,13830
0.067352373343402,2.3476E-1,-56.460000,1.4591E+1,13820
0.067458199621442,2.3513E-1,-56.460000,1.4614E+1,13810
0.067564192177232,2.3550E-1,-56.460000,1.4637E+1,13800
0.067670351272034,2.3587E-1,-56.460000,1.4660E+1,13790
0.067776677167519,2.3624E-1,-56.460000,1.4683E+1,13780
0.067883170125769,2.3661E-1,-56.460000,1.4706E+1,13770
0.06798983040928,2.3698E-1,-56.460000,1.4729E+1,13760
0.068096658280959,2.3735E-1,-56.460000,1.4752E+1,13750
0.068203654004125,2.3773E-1,-56.460000,1.4776E+1,13740
0.068310817842512,2.3810E-1,-56.460000,1.4799E+1,13730
0.068418150060269,2.3847E-1,-56.460000,1.4822E+1,13720
0.068525650921958,2.3885E-1,-56.460000,1.4845E+1,13710
0.06863332069256,2.3922E-1,-56.460000,1.4869E+1,13700
0.068741159637468,2.3960E-1,-56.460000,1.4892E+1,13690
0.068849168022495,2.3998E-1,-56.460000,1.4915E+1,13680
0.068957346113871,2.4035E-1,-56.460000,1.4939E+1,13670
0.069065694178245,2.4073E-1,-56.460000,1.4962E+1,13660
0.069174212482683,2.4111E-1,-56.460000,1.4986E+1,13650
0.069282901294673,2.4149E-1,-56.460000,1.5009E+1,13640
0.069391760882121,2.4187E-1,-56.460000,1.5033E+1,13630
0.069500791513356,2.4225E-1,-56.460000,1.5057E+1,13620
0.069609993457126,2.4263E-1,-56.460000,1.5080E+1,13610
0.069719366982605,2.4301E-1,-56.460000,1.5104E+1,13600
0.069828912359387,2.4339E-1,-56.460000,1.5128E+1,13590
0.069938629857491,2.4377E-1,-56.460000,1.5152E+1,13580
0.070048519747358,2.4416E-1,-56.460000,1.5175E+1,13570
0.070158582299857,2.4454E-1,-56.460000,1.5199E+1,13560
0.070268817786282,2.4492E-1,-56.460000,1.5223E+1,13550
0.070379226478351,2.4531E-1,-56.460000,1.5247E+1,13540
0.070489808648211,2.4569E-1,-56.460000,1.5271E+1,13530
0.070600564568435,2.4608E-1,-56.460000,1.5295E+1,13520
0.070711494512028,2.4647E-1,-56.460000,1.5319E+1,13510
0.070822598752418,2.4685E-1,-56.460000,1.5343E+1,13500
0.070933877563469,2.4724E-1,-56.460000,1.5367E+1,13490
0.07104533121947,2.4763E-1,-56.460000,1.5391E+1,13480
0.071156959995144,2.4802E-1,-56.460000,1.5415E+1,13470
0.071268764165645,2.4841E-1,-56.460000,1.5440E+1,13460
0.071380744006558,2.4880E-1,-56.460000,1.5464E+1,13450
0.071492899793904,2.4919E-1,-56.460000,1.5488E+1,13440
0.071605231804134,2.4958E-1,-56.460000,1.5513E+1,13430
0.071717740314137,2.4997E-1,-56.460000,1.5537E+1,13420
0.071830425601234,2.5037E-1,-56.460000,1.5561E+1,13410
0.071943287943184,2.5076E-1,-56.460000,1.5586E+1,13400
0.07205632761818,2.5115E-1,-56.460000,1.5610E+1,13390
0.072169544904855,2.5155E-1,-56.460000,1.5635E+1,13380
0.072282940082277,2.5194E-1,-56.460000,1.5659E+1,13370
0.072396513429956,2.5234E-1,-56.460000,1.5684E+1,13360
0.072510265227836,2.5274E-1,-56.460000,1.5709E+1,13350
0.072624195756307,2.5313E-1,-56.460000,1.5733E+1,13340
0.072738305296194,2.5353E-1,-56.460000,1.5758E+1,13330
0.072852594128767,2.5393E-1,-56.460000,1.5783E+1,13320
0.072967062535735,2.5433E-1,-56.460000,1.5808E+1,13310
0.073081710799254,2.5473E-1,-56.460000,1.5832E+1,13300
0.073196539201918,2.5513E-1,-56.460000,1.5857E+1,13290
0.073311548026769,2.5553E-1,-56.460000,1.5882E+1,13280
0.073426737557291,2.5593E-1,-56.460000,1.5907E+1,13270
0.073542108077416,2.5633E-1,-56.460000,1.5932E+1,13260
0.073657659871521,2.5674E-1,-56.460000,1.5957E+1,13250
0.073773393224429,2.5714E-1,-56.460000,1.5982E+1,13240
0.073889308421411,2.5754E-1,-56.460000,1.6007E+1,13230
0.074005405748187,2.5795E-1,-56.460000,1.6033E+1,13220
0.074121685490924,2.5835E-1,-56.460000,1.6058E+1,13210
0.074238147936242,2.5876E-1,-56.460000,1.6083E+1,13200
0.074354793371209,2.5917E-1,-56.460000,1.6108E+1,13190
0.074471622083343,2.5957E-1,-56.460000,1.6134E+1,13180
0.074588634360616,2.5998E-1,-56.460000,1.6159E+1,13170
0.074705830491452,2.6039E-1,-56.460000,1.6184E+1,13160
0.074823210764727,2.6080E-1,-56.460000,1.6210E+1,13150
0.074940775469773,2.6121E-1,-56.460000,1.6235E+1,13140
0.075058524896373,2.6162E-1,-56.460000,1.6261E+1,13130
0.07517645933477,2.6203E-1,-56.460000,1.6286E+1,13120
0.075294579075659,2.6244E-1,-56.460000,1.6312E+1,13110
0.075412884410195,2.6285E-1,-56.460000,1.6337E+1,13100
0.075531375629987,2.6327E-1,-56.460000,1.6363E+1,13090
0.075650053027106,2.6368E-1,-56.460000,1.6389E+1,13080
0.075768916894078,2.6410E-1,-56.460000,1.6415E+1,13070
0.075887967523893,2.6451E-1,-56.460000,1.6440E+1,13060
0.076007205209996,2.6493E-1,-56.460000,1.6466E+1,13050
0.076126630246299,2.6534E-1,-56.460000,1.6492E+1,13040
0.07624624292717,2.6576E-1,-56.460000,1.6518E+1,13030
0.076366043547445,2.6618E-1,-56.460000,1.6544E+1,13020
0.076486032402419,2.6659E-1,-56.460000,1.6570E+1,13010
0.076606209787853,2.6701E-1,-56.460000,1.6596E+1,13000
0.076726575999972,2.6743E-1,-56.460000,1.6622E+1,12990
0.076847131335467,2.6785E-1,-56.460000,1.6648E+1,12980
0.076967876091495,2.6827E-1,-56.460000,1.6674E+1,12970
0.07708881056568,2.6870E-1,-56.460000,1.6701E+1,12960
0.077209935056113,2.6912E-1,-56.460000,1.6727E+1,12950
0.077331249861355,2.6954E-1,-56.460000,1.6753E+1,12940
0.077452755280433,2.6996E-1,-56.460000,1.6779E+1,12930
0.077574451612846,2.7039E-1,-56.460000,1.6806E+1,12920
0.077696339158565,2.7081E-1,-56.460000,1.6832E+1,12910
0.07781841821803,2.7124E-1,-56.460000,1.6859E+1,12900
0.077940689092153,2.7167E-1,-56.460000,1.6885E+1,12890
0.07806315208232,2.7209E-1,-56.460000,1.6912E+1,12880
0.07818580749039,2.7252E-1,-56.460000,1.6938E+1,12870
0.078308655618697,2.7295E-1,-56.460000,1.6965E+1,12860
0.078431696770048,2.7338E-1,-56.460000,1.6991E+1,12850
0.078554931247729,2.7381E-1,-56.460000,1.7018E+1,12840
0.078678359355499,2.7424E-1,-56.460000,1.7045E+1,12830
0.078801981397597,2.7467E-1,-56.460000,1.7072E+1,12820
0.078925797678739,2.7510E-1,-56.460000,1.7098E+1,12810
0.07904980850412,2.7553E-1,-56.460000,1.7125E+1,12800
0.079174014179414,2.7596E-1,-56.460000,1.7152E+1,12790
0.079298415010775,2.7640E-1,-56.460000,1.7179E+1,12780
0.07942301130484,2.7683E-1,-56.460000,1.7206E+1,12770
0.079547803368725,2.7727E-1,-56.460000,1.7233E+1,12760
0.079672791510031,2.7770E-1,-56.460000,1.7260E+1,12750
0.079797976036842,2.7814E-1,-56.460000,1.7287E+1,12740
0.079923357257723,2.7858E-1,-56.460000,1.7315E+1,12730
0.080048935481729,2.7901E-1,-56.460000,1.7342E+1,12720
0.080174711018396,2.7945E-1,-56.460000,1.7369E+1,12710
0.080300684177749,2.7989E-1,-56.460000,1.7396E+1,12700
0.0804268552703,2.8033E-1,-56.460000,1.7424E+1,12690
0.080553224607046,2.8077E-1,-56.460000,1.7451E+1,12680
0.080679792499476,2.8121E-1,-56.460000,1.7478E+1,12670
0.080806559259568,2.8165E-1,-56.460000,1.7506E+1,12660
0.080933525199789,2.8210E-1,-56.460000,1.7533E+1,12650
0.081060690633097,2.8254E-1,-56.460000,1.7561E+1,12640
0.081188055872942,2.8298E-1,-56.460000,1.7589E+1,12630
0.081315621233268,2.8343E-1,-56.460000,1.7616E+1,12620
0.081443387028509,2.8387E-1,-56.460000,1.7644E+1,12610
0.081571353573596,2.8432E-1,-56.460000,1.7672E+1,12600
0.081699521183954,2.8477E-1,-56.460000,1.7699E+1,12590
0.081827890175504,2.8521E-1,-56.460000,1.7727E+1,12580
0.081956460864661,2.8566E-1,-56.460000,1.7755E+1,12570
0.08208523356834,2.8611E-1,-56.460000,1.7783E+1,12560
0.082214208603952,2.8656E-1,-56.460000,1.7811E+1,12550
0.082343386289409,2.8701E-1,-56.460000,1.7839E+1,12540
0.082472766943121,2.8746E-1,-56.460000,1.7867E+1,12530
0.082602350883998,2.8791E-1,-56.460000,1.7895E+1,12520
0.082732138431451,2.8837E-1,-56.460000,1.7923E+1,12510
0.082862129905394,2.8882E-1,-56.460000,1.7951E+1,12500
0.082992325626243,2.8927E-1,-56.460000,1.7979E+1,12490
0.083122725914917,2.8973E-1,-56.460000,1.8008E+1,12480
0.083253331092841,2.9018E-1,-56.460000,1.8036E+1,12470
0.083384141481943,2.9064E-1,-56.460000,1.8064E+1,12460
0.083515157404657,2.9110E-1,-56.460000,1.8093E+1,12450
0.083646379183925,2.9155E-1,-56.460000,1.8121E+1,12440
0.083777807143195,2.9201E-1,-56.460000,1.8150E+1,12430
0.083909441606425,2.9247E-1,-56.460000,1.8178E+1,12420
0.08404128289808,2.9293E-1,-56.460000,1.8207E+1,12410
0.084173331343135,2.9339E-1,-56.460000,1.8235E+1,12400
0.084305587267078,2.9385E-1,-56.460000,1.8264E+1,12390
0.084438050995905,2.9431E-1,-56.460000,1.8293E+1,12380
0.084570722856127,2.9477E-1,-56.460000,1.8321E+1,12370
0.084703603174767,2.9524E-1,-56.460000,1.8350E+1,12360
0.084836692279361,2.9570E-1,-56.460000,1.8379E+1,12350
0.08496999049796,2.9617E-1,-56.460000,1.8408E+1,12340
0.085103498159132,2.9663E-1,-56.460000,1.8437E+1,12330
0.08523721559196,2.9710E-1,-56.460000,1.8466E+1,12320
0.085371143126044,2.9756E-1,-56.460000,1.8495E+1,12310
0.085505281091502,2.9803E-1,-56.460000,1.8524E+1,12300
0.08563962981897,2.9850E-1,-56.460000,1.8553E+1,12290
0.085774189639605,2.9897E-1,-56.460000,1.8582E+1,12280
0.085908960885084,2.9944E-1,-56.460000,1.8611E+1,12270
0.086043943887604,2.9991E-1,-56.460000,1.8641E+1,12260
0.086179138979885,3.0038E-1,-56.460000,1.8670E+1,12250
0.086314546495169,3.0085E-1,-56.460000,1.8699E+1,12240
0.086450166767222,3.0133E-1,-56.460000,1.8729E+1,12230
0.086586000130336,3.0180E-1,-56.460000,1.8758E+1,12220
0.086722046919325,3.0227E-1,-56.460000,1.8787E+1,12210
0.086858307469531,3.0275E-1,-56.460000,1.8817E+1,12200
0.086994782116823,3.0322E-1,-56.460000,1.8847E+1,12190
0.087131471197598,3.0370E-1,-56.460000,1.8876E+1,12180
0.08726837504878,3.0418E-1,-56.460000,1.8906E+1,12170
0.087405494007824,3.0465E-1,-56.460000,1.8936E+1,12160
0.087542828412715,3.0513E-1,-56.460000,1.8965E+1,12150
0.087680378601967,3.0561E-1,-56.460000,1.8995E+1,12140
0.087818144914629,3.0609E-1,-56.460000,1.9025E+1,12130
0.087956127690281,3.0657E-1,-56.460000,1.9055E+1,12120
0.088094327269037,3.0706E-1,-56.460000,1.9085E+1,12110
0.088232743991545,3.0754E-1,-56.460000,1.9115E+1,12100
0.088371378198988,3.0802E-1,-56.460000,1.9145E+1,12090
0.088510230233085,3.0851E-1,-56.460000,1.9175E+1,12080
0.088649300436095,3.0899E-1,-56.460000,1.9205E+1,12070
0.088788589150809,3.0948E-1,-56.460000,1.9235E+1,12060
0.088928096720562,3.0996E-1,-56.460000,1.9265E+1,12050
0.089067823489226,3.1045E-1,-56.460000,1.9296E+1,12040
0.089207769801213,3.1094E-1,-56.460000,1.9326E+1,12030
0.089347936001477,3.1143E-1,-56.460000,1.9356E+1,12020
0.089488322435513,3.1191E-1,-56.460000,1.9387E+1,12010
0.089628929449361,3.1240E-1,-56.460000,1.9417E+1,12000
0.089769757389602,3.1290E-1,-56.460000,1.9448E+1,11990
0.089910806603364,3.1339E-1,-56.460000,1.9478E+1,11980
0.090052077438318,3.1388E-1,-56.460000,1.9509E+1,11970
0.090193570242684,3.1437E-1,-56.460000,1.9540E+1,11960
0.090335285365227,3.1487E-1,-56.460000,1.9570E+1,11950
0.09047722315526,3.1536E-1,-56.460000,1.9601E+1,11940
0.090619383962647,3.1586E-1,-56.460000,1.9632E+1,11930
0.090761768137799,3.1635E-1,-56.460000,1.9663E+1,11920
0.090904376031679,3.1685E-1,-56.460000,1.9694E+1,11910
0.091047207995802,3.1735E-1,-56.460000,1.9724E+1,11900
0.091190264382234,3.1785E-1,-56.460000,1.9755E+1,11890
0.091333545543594,3.1835E-1,-56.460000,1.9786E+1,11880
0.091477051833058,3.1885E-1,-56.460000,1.9818E+1,11870
0.091620783604352,3.1935E-1,-56.460000,1.9849E+1,11860
0.091764741211763,3.1985E-1,-56.460000,1.9880E+1,11850
0.09190892501013,3.2035E-1,-56.460000,1.9911E+1,11840
0.092053335354854,3.2086E-1,-56.460000,1.9942E+1,11830
0.09219797260189,3.2136E-1,-56.460000,1.9974E+1,11820
0.092342837107756,3.2186E-1,-56.460000,2.0005E+1,11810
0.092487929229527,3.2237E-1,-56.460000,2.0037E+1,11800
0.092633249324843,3.2288E-1,-56.460000,2.0068E+1,11790
0.092778797751901,3.2338E-1,-56.460000,2.0100E+1,11780
0.092924574869465,3.2389E-1,-56.460000,2.0131E+1,11770
0.093070581036861,3.2440E-1,-56.460000,2.0163E+1,11760
0.093216816613978,3.2491E-1,-56.460000,2.0194E+1,11750
0.093363281961275,3.2542E-1,-56.460000,2.0226E+1,11740
0.093509977439772,3.2593E-1,-56.460000,2.0258E+1,11730
0.09365690341106,3.2644E-1,-56.460000,2.0290E+1,11720
0.093804060237297,3.2696E-1,-56.460000,2.0322E+1,11710
0.093951448281209,3.2747E-1,-56.460000,2.0354E+1,11700
0.094099067906094,3.2799E-1,-56.460000,2.0386E+1,11690
0.094246919475819,3.2850E-1,-56.460000,2.0418E+1,11680
0.094395003354823,3.2902E-1,-56.460000,2.0450E+1,11670
0.094543319908119,3.2953E-1,-56.460000,2.0482E+1,11660
0.094691869501292,3.3005E-1,-56.460000,2.0514E+1,11650
0.094840652500502,3.3057E-1,-56.460000,2.0546E+1,11640
0.094989669272485,3.3109E-1,-56.460000,2.0579E+1,11630
0.095138920184551,3.3161E-1,-56.460000,2.0611E+1,11620
0.09528840560459,3.3213E-1,-56.460000,2.0643E+1,11610
0.095438125901068,3.3265E-1,-56.460000,2.0676E+1,11600
0.095588081443031,3.3318E-1,-56.460000,2.0708E+1,11590
0.095738272600105,3.3370E-1,-56.460000,2.0741E+1,11580
0.095888699742495,3.3422E-1,-56.460000,2.0773E+1,11570
0.096039363240989,3.3475E-1,-56.460000,2.0806E+1,11560
0.096190263466959,3.3527E-1,-56.460000,2.0839E+1,11550
0.096341400792358,3.3580E-1,-56.460000,2.0871E+1,11540
0.096492775589724,3.3633E-1,-56.460000,2.0904E+1,11530
0.096644388232182,3.3686E-1,-56.460000,2.0937E+1,11520
0.096796239093441,3.3739E-1,-56.460000,2.0970E+1,11510
0.096948328547799,3.3792E-1,-56.460000,2.1003E+1,11500
0.097100656970141,3.3845E-1,-56.460000,2.1036E+1,11490
0.097253224735941,3.3898E-1,-56.460000,2.1069E+1,11480
0.097406032221265,3.3951E-1,-56.460000,2.1102E+1,11470
0.097559079802766,3.4005E-1,-56.460000,2.1135E+1,11460
0.097712367857693,3.4058E-1,-56.460000,2.1168E+1,11450
0.097865896763885,3.4112E-1,-56.460000,2.1202E+1,11440
0.098019666899775,3.4165E-1,-56.460000,2.1235E+1,11430
0.098173678644392,3.4219E-1,-56.460000,2.1268E+1,11420
0.098327932377359,3.4273E-1,-56.460000,2.1302E+1,11410
0.098482428478897,3.4326E-1,-56.460000,2.1335E+1,11400
0.098637167329822,3.4380E-1,-56.460000,2.1369E+1,11390
0.098792149311551,3.4434E-1,-56.460000,2.1402E+1,11380
0.098947374806098,3.4488E-1,-56.460000,2.1436E+1,11370
0.09910284419608,3.4543E-1,-56.460000,2.1470E+1,11360
0.099258557864713,3.4597E-1,-56.460000,2.1503E+1,11350
0.099414516195816,3.4651E-1,-56.460000,2.1537E+1,11340
0.099570719573809,3.4706E-1,-56.460000,2.1571E+1,11330
0.09972716838372,3.4760E-1,-56.460000,2.1605E+1,11320
0.099883863011179,3.4815E-1,-56.460000,2.1639E+1,11310
0.100040803842422,3.4870E-1,-56.460000,2.1673E+1,11300
0.100197991264293,3.4924E-1,-56.460000,2.1707E+1,11290
0.100355425664244,3.4979E-1,-56.460000,2.1741E+1,11280
0.100513107430334,3.5034E-1,-56.460000,2.1775E+1,11270
0.100671036951233,3.5089E-1,-56.460000,2.1809E+1,11260
0.100829214616223,3.5144E-1,-56.460000,2.1844E+1,11250
0.100987640815194,3.5200E-1,-56.460000,2.1878E+1,11240
0.101146315938653,3.5255E-1,-56.460000,2.1912E+1,11230
0.101305240377717,3.5310E-1,-56.460000,2.1947E+1,11220
0.101464414524119,3.5366E-1,-56.460000,2.1981E+1,11210
0.101623838770208,3.5421E-1,-56.460000,2.2016E+1,11200
0.101783513508949,3.5477E-1,-56.460000,2.2050E+1,11190
0.101943439133923,3.5533E-1,-56.460000,2.2085E+1,11180
0.102103616039332,3.5589E-1,-56.460000,2.2120E+1,11170
0.102264044619997,3.5644E-1,-56.460000,2.2154E+1,11160
0.102424725271356,3.5700E-1,-56.460000,2.2189E+1,11150
0.102585658389473,3.5757E-1,-56.460000,2.2224E+1,11140
0.102746844371031,3.5813E-1,-56.460000,2.2259E+1,11130
0.102908283613338,3.5869E-1,-56.460000,2.2294E+1,11120
0.103069976514325,3.5925E-1,-56.460000,2.2329E+1,11110
0.103231923472549,3.5982E-1,-56.460000,2.2364E+1,11100
0.103394124887194,3.6038E-1,-56.460000,2.2399E+1,11090
0.10355658115807,3.6095E-1,-56.460000,2.2434E+1,11080
0.103719292685615,3.6152E-1,-56.460000,2.2470E+1,11070
0.103882259870897,3.6209E-1,-56.460000,2.2505E+1,11060
0.104045483115614,3.6265E-1,-56.460000,2.2540E+1,11050
0.104208962822095,3.6322E-1,-56.460000,2.2576E+1,11040
0.104372699393301,3.6379E-1,-56.460000,2.2611E+1,11030
0.104536693232827,3.6437E-1,-56.460000,2.2647E+1,11020
0.104700944744901,3.6494E-1,-56.460000,2.2682E+1,11010
0.104865454334386,3.6551E-1,-56.460000,2.2718E+1,11000
0.10489649760368,3.6562E-1,-56.285100,2.2743E+1,10990
0.105030197113076,3.6609E-1,-56.220200,2.2779E+1,10980
0.105164026954572,3.6655E-1,-56.155300,2.2815E+1,10970
0.105297987216171,3.6702E-1,-56.090400,2.2851E+1,10960
0.105432077985908,3.6749E-1,-56.025500,2.2887E+1,10950
0.105566299351852,3.6796E-1,-55.960600,2.2923E+1,10940
0.105700651402107,3.6842E-1,-55.895700,2.2959E+1,10930
0.105835134224806,3.6889E-1,-55.830800,2.2995E+1,10920
0.10596974790812,3.6936E-1,-55.765900,2.3031E+1,10910
0.106104492540249,3.6983E-1,-55.701000,2.3067E+1,10900
0.106239368209427,3.7030E-1,-55.636100,2.3103E+1,10890
0.106374375003923,3.7077E-1,-55.571200,2.3139E+1,10880
0.106509513012037,3.7124E-1,-55.506300,2.3176E+1,10870
0.106644782322103,3.7171E-1,-55.441400,2.3212E+1,10860
0.106780183022489,3.7219E-1,-55.376500,2.3249E+1,10850
0.106915715201594,3.7266E-1,-55.311600,2.3285E+1,10840
0.107051378947851,3.7313E-1,-55.246700,2.3321E+1,10830
0.107187174349727,3.7360E-1,-55.181800,2.3358E+1,10820
0.10732310149572,3.7408E-1,-55.116900,2.3395E+1,10810
0.107459160474365,3.7455E-1,-55.052000,2.3431E+1,10800
0.107595351374225,3.7503E-1,-54.987100,2.3468E+1,10790
0.107731674283901,3.7550E-1,-54.922200,2.3505E+1,10780
0.107868129292023,3.7598E-1,-54.857300,2.3541E+1,10770
0.108004716487257,3.7645E-1,-54.792400,2.3578E+1,10760
0.108141435958301,3.7693E-1,-54.727500,2.3615E+1,10750
0.108278287793886,3.7741E-1,-54.662600,2.3652E+1,10740
0.108415272082776,3.7789E-1,-54.597700,2.3689E+1,10730
0.108552388913769,3.7836E-1,-54.532800,2.3726E+1,10720
0.108689638375695,3.7884E-1,-54.467900,2.3763E+1,10710
0.108827020557419,3.7932E-1,-54.403000,2.3800E+1,10700
0.108964535547837,3.7980E-1,-54.338100,2.3837E+1,10690
0.109102183435878,3.8028E-1,-54.273200,2.3874E+1,10680
0.109239964310508,3.8076E-1,-54.208300,2.3912E+1,10670
0.10937787826072,3.8124E-1,-54.143400,2.3949E+1,10660
0.109515925375546,3.8172E-1,-54.078500,2.3986E+1,10650
0.109654105744047,3.8220E-1,-54.013600,2.4024E+1,10640
0.10979241945532,3.8269E-1,-53.948700,2.4061E+1,10630
0.109930866598493,3.8317E-1,-53.883800,2.4099E+1,10620
0.110069447262729,3.8365E-1,-53.818900,2.4136E+1,10610
0.110208161537222,3.8413E-1,-53.754000,2.4174E+1,10600
0.110347009511201,3.8462E-1,-53.689100,2.4211E+1,10590
0.110485991273928,3.8510E-1,-53.624200,2.4249E+1,10580
0.110625106914697,3.8559E-1,-53.559300,2.4287E+1,10570
0.110764356522836,3.8607E-1,-53.494400,2.4324E+1,10560
0.110903740187707,3.8656E-1,-53.429500,2.4362E+1,10550
0.111043257998703,3.8705E-1,-53.364600,2.4400E+1,10540
0.111182910045252,3.8753E-1,-53.299700,2.4438E+1,10530
0.111322696416814,3.8802E-1,-53.234800,2.4476E+1,10520
0.111462617202885,3.8851E-1,-53.169900,2.4514E+1,10510
0.111602672492989,3.8900E-1,-53.105000,2.4552E+1,10500
0.111742862376688,3.8948E-1,-53.040100,2.4590E+1,10490
0.111883186943575,3.8997E-1,-52.975200,2.4628E+1,10480
0.112023646283276,3.9046E-1,-52.910300,2.4666E+1,10470
0.112164240485452,3.9095E-1,-52.845400,2.4705E+1,10460
0.112304969639795,3.9144E-1,-52.780500,2.4743E+1,10450
0.112445833836031,3.9193E-1,-52.715600,2.4781E+1,10440
0.11258683316392,3.9243E-1,-52.650700,2.4820E+1,10430
0.112727967713253,3.9292E-1,-52.585800,2.4858E+1,10420
0.112869237573858,3.9341E-1,-52.520900,2.4897E+1,10410
0.113010642835593,3.9390E-1,-52.456000,2.4935E+1,10400
0.11315218358835,3.9440E-1,-52.391100,2.4974E+1,10390
0.113293859922054,3.9489E-1,-52.326200,2.5012E+1,10380
0.113435671926665,3.9538E-1,-52.261300,2.5051E+1,10370
0.113577619692174,3.9588E-1,-52.196400,2.5090E+1,10360
0.113719703308605,3.9637E-1,-52.131500,2.5128E+1,10350
0.113861922866018,3.9687E-1,-52.066600,2.5167E+1,10340
0.114004278454504,3.9737E-1,-52.001700,2.5206E+1,10330
0.114146770164188,3.9786E-1,-51.936800,2.5245E+1,10320
0.114289398085227,3.9836E-1,-51.871900,2.5284E+1,10310
0.114432162307813,3.9886E-1,-51.807000,2.5323E+1,10300
0.11457506292217,3.9936E-1,-51.742100,2.5362E+1,10290
0.114718100018556,3.9985E-1,-51.677200,2.5401E+1,10280
0.114861273687263,4.0035E-1,-51.612300,2.5440E+1,10270
0.115004584018613,4.0085E-1,-51.547400,2.5480E+1,10260
0.115148031102965,4.0135E-1,-51.482500,2.5519E+1,10250
0.115291615030709,4.0185E-1,-51.417600,2.5558E+1,10240
0.115435335892269,4.0235E-1,-51.352700,2.5597E+1,10230
0.115579193778103,4.0286E-1,-51.287800,2.5637E+1,10220
0.1157231887787,4.0336E-1,-51.222900,2.5676E+1,10210
0.115867320984586,4.0386E-1,-51.158000,2.5716E+1,10200
0.116011590486315,4.0436E-1,-51.093100,2.5755E+1,10190
0.11615599737448,4.0487E-1,-51.028200,2.5795E+1,10180
0.116300541739702,4.0537E-1,-50.963300,2.5835E+1,10170
0.11644522367264,4.0587E-1,-50.898400,2.5874E+1,10160
0.116590043263983,4.0638E-1,-50.833500,2.5914E+1,10150
0.116735000604454,4.0688E-1,-50.768600,2.5954E+1,10140
0.116880095784811,4.0739E-1,-50.703700,2.5994E+1,10130
0.117025328895842,4.0790E-1,-50.638800,2.6034E+1,10120
0.117170700028372,4.0840E-1,-50.573900,2.6074E+1,10110
0.117316209273256,4.0891E-1,-50.509000,2.6114E+1,10100
0.117461856721384,4.0942E-1,-50.444100,2.6154E+1,10090
0.11760764246368,4.0993E-1,-50.379200,2.6194E+1,10080
0.117753566591099,4.1043E-1,-50.314300,2.6234E+1,10070
0.117899629194632,4.1094E-1,-50.249400,2.6274E+1,10060
0.118045830365302,4.1145E-1,-50.184500,2.6314E+1,10050
0.118192170194163,4.1196E-1,-50.119600,2.6355E+1,10040
0.118338648772307,4.1247E-1,-50.054700,2.6395E+1,10030
0.118485266190855,4.1298E-1,-49.989800,2.6435E+1,10020
0.118632022540965,4.1350E-1,-49.924900,2.6476E+1,10010
0.118778917913825,4.1401E-1,-49.860000,2.6516E+1,10000
0.118925952400658,4.1452E-1,-49.795100,2.6557E+1,9990
0.11907312609272,4.1503E-1,-49.730200,2.6597E+1,9980
0.119220439081301,4.1555E-1,-49.665300,2.6638E+1,9970
0.119367891457723,4.1606E-1,-49.600400,2.6679E+1,9960
0.119515483313343,4.1658E-1,-49.535500,2.6719E+1,9950
0.11966321473955,4.1709E-1,-49.470600,2.6760E+1,9940
0.119811085827766,4.1761E-1,-49.405700,2.6801E+1,9930
0.119959096669448,4.1812E-1,-49.340800,2.6842E+1,9920
0.120107247356085,4.1864E-1,-49.275900,2.6883E+1,9910
0.120255537979199,4.1915E-1,-49.211000,2.6924E+1,9900
0.120403968630347,4.1967E-1,-49.146100,2.6965E+1,9890
0.120552539401117,4.2019E-1,-49.081200,2.7006E+1,9880
0.120701250383134,4.2071E-1,-49.016300,2.7047E+1,9870
0.120850101668052,4.2123E-1,-48.951400,2.7088E+1,9860
0.120999093347561,4.2175E-1,-48.886500,2.7130E+1,9850
0.121148225513385,4.2227E-1,-48.821600,2.7171E+1,9840
0.121297498257278,4.2279E-1,-48.756700,2.7212E+1,9830
0.121446911671031,4.2331E-1,-48.691800,2.7254E+1,9820
0.121596465846466,4.2383E-1,-48.626900,2.7295E+1,9810
0.121746160875439,4.2435E-1,-48.562000,2.7337E+1,9800
0.121895996849841,4.2487E-1,-48.497100,2.7378E+1,9790
0.122045973861593,4.2540E-1,-48.432200,2.7420E+1,9780
0.122196092002653,4.2592E-1,-48.367300,2.7461E+1,9770
0.12234635136501,4.2644E-1,-48.302400,2.7503E+1,9760
0.122496752040686,4.2697E-1,-48.237500,2.7545E+1,9750
0.122647294121739,4.2749E-1,-48.172600,2.7587E+1,9740
0.122797977700258,4.2802E-1,-48.107700,2.7629E+1,9730
0.122948802868365,4.2854E-1,-48.042800,2.7671E+1,9720
0.123099769718219,4.2907E-1,-47.977900,2.7712E+1,9710
0.123250878342008,4.2960E-1,-47.913000,2.7754E+1,9700
0.123402128831956,4.3012E-1,-47.848100,2.7797E+1,9690
0.12355352128032,4.3065E-1,-47.783200,2.7839E+1,9680
0.12370505577939,4.3118E-1,-47.718300,2.7881E+1,9670
0.123856732421488,4.3171E-1,-47.653400,2.7923E+1,9660
0.124008551298973,4.3224E-1,-47.588500,2.7965E+1,9650
0.124160512504234,4.3277E-1,-47.523600,2.8008E+1,9640
0.124312616129695,4.3330E-1,-47.458700,2.8050E+1,9630
0.124464862267813,4.3383E-1,-47.393800,2.8092E+1,9620
0.124617251011079,4.3436E-1,-47.328900,2.8135E+1,9610
0.124769782452016,4.3489E-1,-47.264000,2.8178E+1,9600
0.124922456683182,4.3542E-1,-47.199100,2.8220E+1,9590
0.125075273797167,4.3595E-1,-47.134200,2.8263E+1,9580
0.125228233886596,4.3649E-1,-47.069300,2.8305E+1,9570
0.125381337044127,4.3702E-1,-47.004400,2.8348E+1,9560
0.125534583362449,4.3756E-1,-46.939500,2.8391E+1,9550
0.125687972934288,4.3809E-1,-46.874600,2.8434E+1,9540
0.125841505852402,4.3862E-1,-46.809700,2.8477E+1,9530
0.125995182209581,4.3916E-1,-46.744800,2.8520E+1,9520
0.12614900209865,4.3970E-1,-46.679900,2.8563E+1,9510
0.126302965612468,4.4023E-1,-46.615000,2.8606E+1,9500
0.126457072843926,4.4077E-1,-46.550100,2.8649E+1,9490
0.126611323885949,4.4131E-1,-46.485200,2.8692E+1,9480
0.126765718831496,4.4185E-1,-46.420300,2.8735E+1,9470
0.126920257773558,4.4239E-1,-46.355400,2.8778E+1,9460
0.127074940805161,4.4292E-1,-46.290500,2.8822E+1,9450
0.127229768019363,4.4346E-1,-46.225600,2.8865E+1,9440
0.127384739509257,4.4400E-1,-46.160700,2.8909E+1,9430
0.127539855367968,4.4454E-1,-46.095800,2.8952E+1,9420
0.127695115688656,4.4509E-1,-46.030900,2.8996E+1,9410
0.127850520564513,4.4563E-1,-45.966000,2.9039E+1,9400
0.128006070088765,4.4617E-1,-45.901100,2.9083E+1,9390
0.128161764354672,4.4671E-1,-45.836200,2.9127E+1,9380
0.128317603455526,4.4726E-1,-45.771300,2.9170E+1,9370
0.128473587484655,4.4780E-1,-45.706400,2.9214E+1,9360
0.128629716535418,4.4834E-1,-45.641500,2.9258E+1,9350
0.128785990701208,4.4889E-1,-45.576600,2.9302E+1,9340
0.128942410075452,4.4943E-1,-45.511700,2.9346E+1,9330
0.129098974751612,4.4998E-1,-45.446800,2.9390E+1,9320
0.129255684823179,4.5053E-1,-45.381900,2.9434E+1,9310
0.129412540383683,4.5107E-1,-45.317000,2.9478E+1,9300
0.129569541526683,4.5162E-1,-45.252100,2.9522E+1,9290
0.129726688345775,4.5217E-1,-45.187200,2.9566E+1,9280
0.129883980934584,4.5272E-1,-45.122300,2.9611E+1,9270
0.130041419386774,4.5326E-1,-45.057400,2.9655E+1,9260
0.130199003796039,4.5381E-1,-44.992500,2.9699E+1,9250
0.130356734256107,4.5436E-1,-44.927600,2.9744E+1,9240
0.130514610860739,4.5491E-1,-44.862700,2.9788E+1,9230
0.130672633703732,4.5546E-1,-44.797800,2.9833E+1,9220
0.130830802878913,4.5602E-1,-44.732900,2.9877E+1,9210
0.130989118480145,4.5657E-1,-44.668000,2.9922E+1,9200
0.131147580601324,4.5712E-1,-44.603100,2.9967E+1,9190
0.13130618933638,4.5767E-1,-44.538200,3.0012E+1,9180
0.131464944779274,4.5823E-1,-44.473300,3.0056E+1,9170
0.131623847024004,4.5878E-1,-44.408400,3.0101E+1,9160
0.131782896164599,4.5933E-1,-44.343500,3.0146E+1,9150
0.131942092295122,4.5989E-1,-44.278600,3.0191E+1,9140
0.132101435509671,4.6044E-1,-44.213700,3.0236E+1,9130
0.132260925902375,4.6100E-1,-44.148800,3.0281E+1,9120
0.1324205635674,4.6156E-1,-44.083900,3.0326E+1,9110
0.132580348598941,4.6211E-1,-44.019000,3.0372E+1,9100
0.132740281091232,4.6267E-1,-43.954100,3.0417E+1,9090
0.132900361138534,4.6323E-1,-43.889200,3.0462E+1,9080
0.133060588835148,4.6379E-1,-43.824300,3.0508E+1,9070
0.133220964275404,4.6435E-1,-43.759400,3.0553E+1,9060
0.133381487553669,4.6491E-1,-43.694500,3.0598E+1,9050
0.133542158764339,4.6547E-1,-43.629600,3.0644E+1,9040
0.133702978001848,4.6603E-1,-43.564700,3.0690E+1,9030
0.133863945360662,4.6659E-1,-43.499800,3.0735E+1,9020
0.13402506093528,4.6715E-1,-43.434900,3.0781E+1,9010
0.134186324820235,4.6771E-1,-43.370000,3.0827E+1,9000
0.134347737110093,4.6827E-1,-43.305100,3.0872E+1,8990
0.134509297899454,4.6884E-1,-43.240200,3.0918E+1,8980
0.134671007282953,4.6940E-1,-43.175300,3.0964E+1,8970
0.134832865355255,4.6996E-1,-43.110400,3.1010E+1,8960
0.134994872211063,4.7053E-1,-43.045500,3.1056E+1,8950
0.13515702794511,4.7109E-1,-42.980600,3.1102E+1,8940
0.135319332652164,4.7166E-1,-42.915700,3.1148E+1,8930
0.135481786427027,4.7223E-1,-42.850800,3.1195E+1,8920
0.135644389364533,4.7279E-1,-42.785900,3.1241E+1,8910
0.135807141559552,4.7336E-1,-42.721000,3.1287E+1,8900
0.135970043106985,4.7393E-1,-42.656100,3.1333E+1,8890
0.136133094101768,4.7450E-1,-42.591200,3.1380E+1,8880
0.136296294638871,4.7507E-1,-42.526300,3.1426E+1,8870
0.136459644813297,4.7563E-1,-42.461400,3.1473E+1,8860
0.136623144720082,4.7620E-1,-42.396500,3.1519E+1,8850
0.136786794454296,4.7678E-1,-42.331600,3.1566E+1,8840
0.136950594111043,4.7735E-1,-42.266700,3.1613E+1,8830
0.137114543785461,4.7792E-1,-42.201800,3.1660E+1,8820
0.13727864357272,4.7849E-1,-42.136900,3.1706E+1,8810
0.137442893568025,4.7906E-1,-42.072000,3.1753E+1,8800
0.137607293866615,4.7964E-1,-42.007100,3.1800E+1,8790
0.13777184456376,4.8021E-1,-41.942200,3.1847E+1,8780
0.137936545754766,4.8078E-1,-41.877300,3.1894E+1,8770
0.138101397534973,4.8136E-1,-41.812400,3.1941E+1,8760
0.138266399999753,4.8193E-1,-41.747500,3.1988E+1,8750
0.138431553244511,4.8251E-1,-41.682600,3.2035E+1,8740
0.138596857364689,4.8308E-1,-41.617700,3.2083E+1,8730
0.138762312455759,4.8366E-1,-41.552800,3.2130E+1,8720
0.138927918613229,4.8424E-1,-41.487900,3.2177E+1,8710
0.139093675932639,4.8482E-1,-41.423000,3.2225E+1,8700
0.139259584509564,4.8539E-1,-41.358100,3.2272E+1,8690
0.139425644439611,4.8597E-1,-41.293200,3.2320E+1,8680
0.139591855818423,4.8655E-1,-41.228300,3.2367E+1,8670
0.139758218741674,4.8713E-1,-41.163400,3.2415E+1,8660
0.139924733305074,4.8771E-1,-41.098500,3.2463E+1,8650
0.140091399604364,4.8829E-1,-41.033600,3.2511E+1,8640
0.140258217735322,4.8887E-1,-40.968700,3.2558E+1,8630
0.140425187793758,4.8946E-1,-40.903800,3.2606E+1,8620
0.140592309875513,4.9004E-1,-40.838900,3.2654E+1,8610
0.140759584076466,4.9062E-1,-40.774000,3.2702E+1,8600
0.140927010492528,4.9121E-1,-40.709100,3.2750E+1,8590
0.141094589219643,4.9179E-1,-40.644200,3.2798E+1,8580
0.141262320353789,4.9237E-1,-40.579300,3.2846E+1,8570
0.141430203990978,4.9296E-1,-40.514400,3.2895E+1,8560
0.141598240227256,4.9355E-1,-40.449500,3.2943E+1,8550
0.1417664291587,4.9413E-1,-40.384600,3.2991E+1,8540
0.141934770881425,4.9472E-1,-40.319700,3.3040E+1,8530
0.142103265491577,4.9531E-1,-40.254800,3.3088E+1,8520
0.142271913085335,4.9589E-1,-40.189900,3.3137E+1,8510
0.142440713758915,4.9648E-1,-40.125000,3.3185E+1,8500
0.142609667608562,4.9707E-1,-40.060100,3.3234E+1,8490
0.142778774730559,4.9766E-1,-39.995200,3.3282E+1,8480
0.14294803522122,4.9825E-1,-39.930300,3.3331E+1,8470
0.143117449176893,4.9884E-1,-39.865400,3.3380E+1,8460
0.143287016693962,4.9943E-1,-39.800500,3.3429E+1,8450
0.143456737868841,5.0002E-1,-39.735600,3.3478E+1,8440
0.143626612797981,5.0062E-1,-39.670700,3.3527E+1,8430
0.143796641577864,5.0121E-1,-39.605800,3.3576E+1,8420
0.143966824305008,5.0180E-1,-39.540900,3.3625E+1,8410
0.144137161075964,5.0240E-1,-39.476000,3.3674E+1,8400
0.144307651987316,5.0299E-1,-39.411100,3.3723E+1,8390
0.144478297135681,5.0358E-1,-39.346200,3.3772E+1,8380
0.144649096617713,5.0418E-1,-39.281300,3.3822E+1,8370
0.144820050530096,5.0478E-1,-39.216400,3.3871E+1,8360
0.144991158969549,5.0537E-1,-39.151500,3.3920E+1,8350
0.145162422032826,5.0597E-1,-39.086600,3.3970E+1,8340
0.145333839816714,5.0657E-1,-39.021700,3.4019E+1,8330
0.145505412418032,5.0716E-1,-38.956800,3.4069E+1,8320
0.145677139933634,5.0776E-1,-38.891900,3.4119E+1,8310
0.145849022460409,5.0836E-1,-38.827000,3.4168E+1,8300
0.146021060095279,5.0896E-1,-38.762100,3.4218E+1,8290
0.146193252935198,5.0956E-1,-38.697200,3.4268E+1,8280
0.146365601077155,5.1016E-1,-38.632300,3.4318E+1,8270
0.146538104618174,5.1076E-1,-38.567400,3.4368E+1,8260
0.146710763655311,5.1137E-1,-38.502500,3.4418E+1,8250
0.146883578285655,5.1197E-1,-38.437600,3.4468E+1,8240
0.147056548606332,5.1257E-1,-38.372700,3.4518E+1,8230
0.147229674714498,5.1317E-1,-38.307800,3.4568E+1,8220
0.147402956707345,5.1378E-1,-38.242900,3.4619E+1,8210
0.147576394682099,5.1438E-1,-38.178000,3.4669E+1,8200
0.147749988736019,5.1499E-1,-38.113100,3.4719E+1,8190
0.147923738966396,5.1559E-1,-38.048200,3.4770E+1,8180
0.148097645470558,5.1620E-1,-37.983300,3.4820E+1,8170
0.148271708345865,5.1681E-1,-37.918400,3.4871E+1,8160
0.148445927689711,5.1741E-1,-37.853500,3.4921E+1,8150
0.148620303599523,5.1802E-1,-37.788600,3.4972E+1,8140
0.148794836172764,5.1863E-1,-37.723700,3.5023E+1,8130
0.148969525506928,5.1924E-1,-37.658800,3.5074E+1,8120
0.149144371699544,5.1985E-1,-37.593900,3.5124E+1,8110
0.149319374848176,5.2046E-1,-37.529000,3.5175E+1,8100
0.14949453505042,5.2107E-1,-37.464100,3.5226E+1,8090
0.149669852403906,5.2168E-1,-37.399200,3.5277E+1,8080
0.149845327006298,5.2229E-1,-37.334300,3.5328E+1,8070
0.150020958955295,5.2290E-1,-37.269400,3.5380E+1,8060
0.150196748348629,5.2352E-1,-37.204500,3.5431E+1,8050
0.150372695284063,5.2413E-1,-37.139600,3.5482E+1,8040
0.150548799859399,5.2474E-1,-37.074700,3.5533E+1,8030
0.15072506217247,5.2536E-1,-37.009800,3.5585E+1,8020
0.150901482321141,5.2597E-1,-36.944900,3.5636E+1,8010
0.151078060403314,5.2659E-1,-36.880000,3.5688E+1,8000
0.151254796516923,5.2720E-1,-36.815100,3.5739E+1,7990
0.151431690759936,5.2782E-1,-36.750200,3.5791E+1,7980
0.151608743230356,5.2844E-1,-36.685300,3.5843E+1,7970
0.151785954026219,5.2906E-1,-36.620400,3.5894E+1,7960
0.151963323245594,5.2967E-1,-36.555500,3.5946E+1,7950
0.152140850986585,5.3029E-1,-36.490600,3.5998E+1,7940
0.152318537347329,5.3091E-1,-36.425700,3.6050E+1,7930
0.152496382425996,5.3153E-1,-36.360800,3.6102E+1,7920
0.152674386320793,5.3215E-1,-36.295900,3.6154E+1,7910
0.152852549129959,5.3277E-1,-36.231000,3.6206E+1,7900
0.153030870951764,5.3339E-1,-36.166100,3.6258E+1,7890
0.153209351884517,5.3402E-1,-36.101200,3.6310E+1,7880
0.153387992026557,5.3464E-1,-36.036300,3.6363E+1,7870
0.153566791476258,5.3526E-1,-35.971400,3.6415E+1,7860
0.153745750332028,5.3589E-1,-35.906500,3.6467E+1,7850
0.15392486869231,5.3651E-1,-35.841600,3.6520E+1,7840
0.154104146655578,5.3714E-1,-35.776700,3.6573E+1,7830
0.154283584320342,5.3776E-1,-35.711800,3.6625E+1,7820
0.154463181785145,5.3839E-1,-35.646900,3.6678E+1,7810
0.154642939148565,5.3901E-1,-35.582000,3.6730E+1,7800
0.154822856509212,5.3964E-1,-35.517100,3.6783E+1,7790
0.155002933965732,5.4027E-1,-35.452200,3.6836E+1,7780
0.155183171616802,5.4090E-1,-35.387300,3.6889E+1,7770
0.155363569561135,5.4153E-1,-35.322400,3.6942E+1,7760
0.155544127897479,5.4215E-1,-35.257500,3.6995E+1,7750
0.155724846724612,5.4278E-1,-35.192600,3.7048E+1,7740
0.155905726141349,5.4341E-1,-35.127700,3.7101E+1,7730
0.156086766246539,5.4405E-1,-35.062800,3.7154E+1,7720
0.156267967139062,5.4468E-1,-34.997900,3.7208E+1,7710
0.156449328917834,5.4531E-1,-34.933000,3.7261E+1,7700
0.156630851681806,5.4594E-1,-34.868100,3.7314E+1,7690
0.15681253552996,5.4658E-1,-34.803200,3.7368E+1,7680
0.156994380561313,5.4721E-1,-34.738300,3.7421E+1,7670
0.157176386874918,5.4784E-1,-34.673400,3.7475E+1,7660
0.157358554569859,5.4848E-1,-34.608500,3.7529E+1,7650
0.157540883745254,5.4911E-1,-34.543600,3.7582E+1,7640
0.157723374500258,5.4975E-1,-34.478700,3.7636E+1,7630
0.157906026934055,5.5039E-1,-34.413800,3.7690E+1,7620
0.158088841145868,5.5102E-1,-34.348900,3.7744E+1,7610
0.15827181723495,5.5166E-1,-34.284000,3.7798E+1,7600
0.15845495530059,5.5230E-1,-34.219100,3.7852E+1,7590
0.15863825544211,5.5294E-1,-34.154200,3.7906E+1,7580
0.158821717758867,5.5358E-1,-34.089300,3.7960E+1,7570
0.15900534235025,5.5422E-1,-34.024400,3.8014E+1,7560
0.159189129315683,5.5486E-1,-33.959500,3.8069E+1,7550
0.159373078754625,5.5550E-1,-33.894600,3.8123E+1,7540
0.159557190766566,5.5614E-1,-33.829700,3.8177E+1,7530
0.159741465451034,5.5678E-1,-33.764800,3.8232E+1,7520
0.159925902907586,5.5743E-1,-33.699900,3.8286E+1,7510
0.160110503235818,5.5807E-1,-33.635000,3.8341E+1,7500
0.160295266535355,5.5871E-1,-33.570100,3.8396E+1,7490
0.160480192905861,5.5936E-1,-33.505200,3.8450E+1,7480
0.160665282447029,5.6000E-1,-33.440300,3.8505E+1,7470
0.160850535258589,5.6065E-1,-33.375400,3.8560E+1,7460
0.161035951440305,5.6130E-1,-33.310500,3.8615E+1,7450
0.161221531091973,5.6194E-1,-33.245600,3.8670E+1,7440
0.161407274313424,5.6259E-1,-33.180700,3.8725E+1,7430
0.161593181204524,5.6324E-1,-33.115800,3.8780E+1,7420
0.16177925186517,5.6389E-1,-33.050900,3.8835E+1,7410
0.161965486395297,5.6454E-1,-32.986000,3.8890E+1,7400
0.16215188489487,5.6519E-1,-32.921100,3.8945E+1,7390
0.16233844746389,5.6584E-1,-32.856200,3.9001E+1,7380
0.162525174202392,5.6649E-1,-32.791300,3.9056E+1,7370
0.162712065210445,5.6714E-1,-32.726400,3.9112E+1,7360
0.162899120588151,5.6779E-1,-32.661500,3.9167E+1,7350
0.163086340435646,5.6844E-1,-32.596600,3.9223E+1,7340
0.163273724853101,5.6910E-1,-32.531700,3.9278E+1,7330
0.163461273940721,5.6975E-1,-32.466800,3.9334E+1,7320
0.163648987798743,5.7040E-1,-32.401900,3.9390E+1,7310
0.16383686652744,5.7106E-1,-32.337000,3.9446E+1,7300
0.164024910227118,5.7171E-1,-32.272100,3.9502E+1,7290
0.164213118998118,5.7237E-1,-32.207200,3.9558E+1,7280
0.164401492940813,5.7303E-1,-32.142300,3.9614E+1,7270
0.164590032155612,5.7368E-1,-32.077400,3.9670E+1,7260
0.164778736742957,5.7434E-1,-32.012500,3.9726E+1,7250
0.164967606803324,5.7500E-1,-31.947600,3.9782E+1,7240
0.165156642437223,5.7566E-1,-31.882700,3.9839E+1,7230
0.165345843745199,5.7632E-1,-31.817800,3.9895E+1,7220
0.165535210827829,5.7698E-1,-31.752900,3.9951E+1,7210
0.165724743785725,5.7764E-1,-31.688000,4.0008E+1,7200
0.165914442719534,5.7830E-1,-31.623100,4.0065E+1,7190
0.166104307729935,5.7896E-1,-31.558200,4.0121E+1,7180
0.166294338917642,5.7962E-1,-31.493300,4.0178E+1,7170
0.166484536383404,5.8029E-1,-31.428400,4.0235E+1,7160
0.166674900228003,5.8095E-1,-31.363500,4.0291E+1,7150
0.166865430552254,5.8162E-1,-31.298600,4.0348E+1,7140
0.167056127457007,5.8228E-1,-31.233700,4.0405E+1,7130
0.167246991043147,5.8295E-1,-31.168800,4.0462E+1,7120
0.167438021411592,5.8361E-1,-31.103900,4.0519E+1,7110
0.167629218663293,5.8428E-1,-31.039000,4.0576E+1,7100
0.167820582899236,5.8494E-1,-30.974100,4.0634E+1,7090
0.168012114220443,5.8561E-1,-30.909200,4.0691E+1,7080
0.168203812727965,5.8628E-1,-30.844300,4.0748E+1,7070
0.168395678522893,5.8695E-1,-30.779400,4.0806E+1,7060
0.168587711706348,5.8762E-1,-30.714500,4.0863E+1,7050
0.168779912379485,5.8829E-1,-30.649600,4.0921E+1,7040
0.168972280643496,5.8896E-1,-30.584700,4.0978E+1,7030
0.169164816599604,5.8963E-1,-30.519800,4.1036E+1,7020
0.169357520349067,5.9030E-1,-30.454900,4.1094E+1,7010
0.169550391993179,5.9097E-1,-30.390000,4.1152E+1,7000
0.169743431633264,5.9165E-1,-30.325100,4.1209E+1,6990
0.169936639370683,5.9232E-1,-30.260200,4.1267E+1,6980
0.170130015306832,5.9299E-1,-30.195300,4.1325E+1,6970
0.170323559543137,5.9367E-1,-30.130400,4.1383E+1,6960
0.170517272181062,5.9434E-1,-30.065500,4.1442E+1,6950
0.170711153322103,5.9502E-1,-30.000600,4.1500E+1,6940
0.17090520306779,5.9570E-1,-29.935700,4.1558E+1,6930
0.171099421519688,5.9637E-1,-29.870800,4.1616E+1,6920
0.171293808779396,5.9705E-1,-29.805900,4.1675E+1,6910
0.171488364948547,5.9773E-1,-29.741000,4.1733E+1,6900
0.171683090128806,5.9841E-1,-29.676100,4.1792E+1,6890
0.171877984421875,5.9909E-1,-29.611200,4.1850E+1,6880
0.17207304792949,5.9977E-1,-29.546300,4.1909E+1,6870
0.172268280753417,6.0045E-1,-29.481400,4.1968E+1,6860
0.172463682995462,6.0113E-1,-29.416500,4.2027E+1,6850
0.17265925475746,6.0181E-1,-29.351600,4.2085E+1,6840
0.172854996141283,6.0249E-1,-29.286700,4.2144E+1,6830
0.173050907248836,6.0317E-1,-29.221800,4.2203E+1,6820
0.173246988182059,6.0386E-1,-29.156900,4.2262E+1,6810
0.173443239042924,6.0454E-1,-29.092000,4.2322E+1,6800
0.173639659933439,6.0523E-1,-29.027100,4.2381E+1,6790
0.173836250955646,6.0591E-1,-28.962200,4.2440E+1,6780
0.174033012211621,6.0660E-1,-28.897300,4.2499E+1,6770
0.174229943803472,6.0728E-1,-28.832400,4.2559E+1,6760
0.174427045833344,6.0797E-1,-28.767500,4.2618E+1,6750
0.174624318403414,6.0866E-1,-28.702600,4.2678E+1,6740
0.174821761615895,6.0935E-1,-28.637700,4.2737E+1,6730
0.175019375573033,6.1004E-1,-28.572800,4.2797E+1,6720
0.175217160377108,6.1073E-1,-28.507900,4.2857E+1,6710
0.175415116130433,6.1142E-1,-28.443000,4.2917E+1,6700
0.175613242935358,6.1211E-1,-28.378100,4.2976E+1,6690
0.175811540894265,6.1280E-1,-28.313200,4.3036E+1,6680
0.176010010109571,6.1349E-1,-28.248300,4.3096E+1,6670
0.176208650683725,6.1418E-1,-28.183400,4.3156E+1,6660
0.176407462719214,6.1487E-1,-28.118500,4.3217E+1,6650
0.176606446318556,6.1557E-1,-28.053600,4.3277E+1,6640
0.176805601584303,6.1626E-1,-27.988700,4.3337E+1,6630
0.177004928619044,6.1696E-1,-27.923800,4.3397E+1,6620
0.177204427525399,6.1765E-1,-27.858900,4.3458E+1,6610
0.177404098406024,6.1835E-1,-27.794000,4.3518E+1,6600
0.177603941363608,6.1904E-1,-27.729100,4.3579E+1,6590
0.177803956500875,6.1974E-1,-27.664200,4.3639E+1,6580
0.178004143920583,6.2044E-1,-27.599300,4.3700E+1,6570
0.178204503725524,6.2114E-1,-27.534400,4.3761E+1,6560
0.178405036018523,6.2184E-1,-27.469500,4.3822E+1,6550
0.178605740902442,6.2254E-1,-27.404600,4.3883E+1,6540
0.178806618480173,6.2324E-1,-27.339700,4.3944E+1,6530
0.179007668854647,6.2394E-1,-27.274800,4.4005E+1,6520
0.179208892128825,6.2464E-1,-27.209900,4.4066E+1,6510
0.179410288405704,6.2534E-1,-27.145000,4.4127E+1,6500
0.179611857788316,6.2604E-1,-27.080100,4.4188E+1,6490
0.179813600379724,6.2675E-1,-27.015200,4.4249E+1,6480
0.180015516283029,6.2745E-1,-26.950300,4.4311E+1,6470
0.180217605601364,6.2815E-1,-26.885400,4.4372E+1,6460
0.180419868437896,6.2886E-1,-26.820500,4.4434E+1,6450
0.180622304895828,6.2957E-1,-26.755600,4.4495E+1,6440
0.180824915078394,6.3027E-1,-26.690700,4.4557E+1,6430
0.181027699088866,6.3098E-1,-26.625800,4.4619E+1,6420
0.181230657030546,6.3169E-1,-26.560900,4.4680E+1,6410
0.181433789006774,6.3239E-1,-26.496000,4.4742E+1,6400
0.181637095120923,6.3310E-1,-26.431100,4.4804E+1,6390
0.181840575476398,6.3381E-1,-26.366200,4.4866E+1,6380
0.182044230176641,6.3452E-1,-26.301300,4.4928E+1,6370
0.182248059325127,6.3523E-1,-26.236400,4.4990E+1,6360
0.182452063025365,6.3594E-1,-26.171500,4.5053E+1,6350
0.182656241380899,6.3665E-1,-26.106600,4.5115E+1,6340
0.182860594495306,6.3737E-1,-26.041700,4.5177E+1,6330
0.183065122472198,6.3808E-1,-25.976800,4.5240E+1,6320
0.183269825415221,6.3879E-1,-25.911900,4.5302E+1,6310
0.183474703428055,6.3951E-1,-25.847000,4.5365E+1,6300
0.183679756614415,6.4022E-1,-25.782100,4.5427E+1,6290
0.18388498507805,6.4094E-1,-25.717200,4.5490E+1,6280
0.184090388922741,6.4165E-1,-25.652300,4.5553E+1,6270
0.184295968252307,6.4237E-1,-25.587400,4.5616E+1,6260
0.184501723170598,6.4309E-1,-25.522500,4.5678E+1,6250
0.184707653781499,6.4380E-1,-25.457600,4.5741E+1,6240
0.184913760188932,6.4452E-1,-25.392700,4.5804E+1,6230
0.185120042496848,6.4524E-1,-25.327800,4.5868E+1,6220
0.185326500809237,6.4596E-1,-25.262900,4.5931E+1,6210
0.18553313523012,6.4668E-1,-25.198000,4.5994E+1,6200
0.185739945863554,6.4740E-1,-25.133100,4.6057E+1,6190
0.18594693281363,6.4812E-1,-25.068200,4.6121E+1,6180
0.186154096184473,6.4885E-1,-25.003300,4.6184E+1,6170
0.186361436080242,6.4957E-1,-24.938400,4.6248E+1,6160
0.18656895260513,6.5029E-1,-24.873500,4.6311E+1,6150
0.186776645863365,6.5102E-1,-24.808600,4.6375E+1,6140
0.186984515959208,6.5174E-1,-24.743700,4.6439E+1,6130
0.187192562996957,6.5247E-1,-24.678800,4.6503E+1,6120
0.18740078708094,6.5319E-1,-24.613900,4.6566E+1,6110
0.187609188315524,6.5392E-1,-24.549000,4.6630E+1,6100
0.187817766805106,6.5465E-1,-24.484100,4.6694E+1,6090
0.188026522654119,6.5537E-1,-24.419200,4.6759E+1,6080
0.188235455967032,6.5610E-1,-24.354300,4.6823E+1,6070
0.188444566848345,6.5683E-1,-24.289400,4.6887E+1,6060
0.188653855402594,6.5756E-1,-24.224500,4.6951E+1,6050
0.188863321734349,6.5829E-1,-24.159600,4.7016E+1,6040
0.189072965948215,6.5902E-1,-24.094700,4.7080E+1,6030
0.18928278814883,6.5975E-1,-24.029800,4.7145E+1,6020
0.189492788440868,6.6048E-1,-23.964900,4.7209E+1,6010
0.189702966929034,6.6122E-1,-23.900000,4.7274E+1,6000
0.18991332371807,6.6195E-1,-23.835100,4.7339E+1,5990
0.190123858912753,6.6268E-1,-23.770200,4.7404E+1,5980
0.190334572617892,6.6342E-1,-23.705300,4.7468E+1,5970
0.190545464938331,6.6415E-1,-23.640400,4.7533E+1,5960
0.190756535978948,6.6489E-1,-23.575500,4.7598E+1,5950
0.190967785844657,6.6562E-1,-23.510600,4.7664E+1,5940
0.191179214640404,6.6636E-1,-23.445700,4.7729E+1,5930
0.19139082247117,6.6710E-1,-23.380800,4.7794E+1,5920
0.191602609441971,6.6784E-1,-23.315900,4.7859E+1,5910
0.191814575657858,6.6858E-1,-23.251000,4.7925E+1,5900
0.192026721223913,6.6932E-1,-23.186100,4.7990E+1,5890
0.192239046245256,6.7006E-1,-23.121200,4.8056E+1,5880
0.192451550827039,6.7080E-1,-23.056300,4.8121E+1,5870
0.192664235074449,6.7154E-1,-22.991400,4.8187E+1,5860
0.192877099092707,6.7228E-1,-22.926500,4.8253E+1,5850
0.19309014298707,6.7302E-1,-22.861600,4.8319E+1,5840
0.193303366862826,6.7377E-1,-22.796700,4.8384E+1,5830
0.193516770825301,6.7451E-1,-22.731800,4.8450E+1,5820
0.193730354979852,6.7525E-1,-22.666900,4.8516E+1,5810
0.193944119431872,6.7600E-1,-22.602000,4.8583E+1,5800
0.19415806428679,6.7674E-1,-22.537100,4.8649E+1,5790
0.194372189650065,6.7749E-1,-22.472200,4.8715E+1,5780
0.194586495627194,6.7824E-1,-22.407300,4.8781E+1,5770
0.194800982323707,6.7899E-1,-22.342400,4.8848E+1,5760
0.195015649845168,6.7973E-1,-22.277500,4.8914E+1,5750
0.195230498297176,6.8048E-1,-22.212600,4.8981E+1,5740
0.195445527785364,6.8123E-1,-22.147700,4.9048E+1,5730
0.195660738415399,6.8198E-1,-22.082800,4.9114E+1,5720
0.195876130292984,6.8273E-1,-22.017900,4.9181E+1,5710
0.196091703523853,6.8348E-1,-21.953000,4.9248E+1,5700
0.196307458213778,6.8424E-1,-21.888100,4.9315E+1,5690
0.196523394468563,6.8499E-1,-21.823200,4.9382E+1,5680
0.196739512394047,6.8574E-1,-21.758300,4.9449E+1,5670
0.196955812096103,6.8650E-1,-21.693400,4.9516E+1,5660
0.19717229368064,6.8725E-1,-21.628500,4.9583E+1,5650
0.197388957253599,6.8801E-1,-21.563600,4.9651E+1,5640
0.197605802920957,6.8876E-1,-21.498700,4.9718E+1,5630
0.197822830788723,6.8952E-1,-21.433800,4.9785E+1,5620
0.198040040962945,6.9028E-1,-21.368900,4.9853E+1,5610
0.1982574335497,6.9103E-1,-21.304000,4.9920E+1,5600
0.198475008655103,6.9179E-1,-21.239100,4.9988E+1,5590
0.198692766385302,6.9255E-1,-21.174200,5.0056E+1,5580
0.19891070684648,6.9331E-1,-21.109300,5.0124E+1,5570
0.199128830144853,6.9407E-1,-21.044400,5.0192E+1,5560
0.199347136386672,6.9483E-1,-20.979500,5.0259E+1,5550
0.199565625678223,6.9559E-1,-20.914600,5.0328E+1,5540
0.199784298125827,6.9636E-1,-20.849700,5.0396E+1,5530
0.200003153835837,6.9712E-1,-20.784800,5.0464E+1,5520
0.200222192914643,6.9788E-1,-20.719900,5.0532E+1,5510
0.200441415468667,6.9865E-1,-20.655000,5.0600E+1,5500
0.200660821604367,6.9941E-1,-20.590100,5.0669E+1,5490
0.200880411428234,7.0018E-1,-20.525200,5.0737E+1,5480
0.201100185046796,7.0094E-1,-20.460300,5.0806E+1,5470
0.201320142566612,7.0171E-1,-20.395400,5.0875E+1,5460
0.201540284094278,7.0248E-1,-20.330500,5.0943E+1,5450
0.201760609736423,7.0324E-1,-20.265600,5.1012E+1,5440
0.201981119599711,7.0401E-1,-20.200700,5.1081E+1,5430
0.20220181379084,7.0478E-1,-20.135800,5.1150E+1,5420
0.202422692416543,7.0555E-1,-20.070900,5.1219E+1,5410
0.202643755583586,7.0632E-1,-20.006000,5.1288E+1,5400
0.202865003398772,7.0709E-1,-19.941100,5.1357E+1,5390
0.203086435968935,7.0786E-1,-19.876200,5.1426E+1,5380
0.203308053400947,7.0864E-1,-19.811300,5.1496E+1,5370
0.203529855801711,7.0941E-1,-19.746400,5.1565E+1,5360
0.203751843278167,7.1018E-1,-19.681500,5.1634E+1,5350
0.203974015937288,7.1096E-1,-19.616600,5.1704E+1,5340
0.204196373886082,7.1173E-1,-19.551700,5.1774E+1,5330
0.204418917231592,7.1251E-1,-19.486800,5.1843E+1,5320
0.204641646080893,7.1329E-1,-19.421900,5.1913E+1,5310
0.204864560541098,7.1406E-1,-19.357000,5.1983E+1,5300
0.205087660719351,7.1484E-1,-19.292100,5.2053E+1,5290
0.205310946722833,7.1562E-1,-19.227200,5.2123E+1,5280
0.205534418658757,7.1640E-1,-19.162300,5.2193E+1,5270
0.205758076634374,7.1718E-1,-19.097400,5.2263E+1,5260
0.205981920756965,7.1796E-1,-19.032500,5.2333E+1,5250
0.20620595113385,7.1874E-1,-18.967600,5.2404E+1,5240
0.206430167872379,7.1952E-1,-18.902700,5.2474E+1,5230
0.206654571079939,7.2030E-1,-18.837800,5.2544E+1,5220
0.206879160863952,7.2108E-1,-18.772900,5.2615E+1,5210
0.207103937331873,7.2187E-1,-18.708000,5.2686E+1,5200
0.207328900591191,7.2265E-1,-18.643100,5.2756E+1,5190
0.207554050749432,7.2344E-1,-18.578200,5.2827E+1,5180
0.207779387914153,7.2422E-1,-18.513300,5.2898E+1,5170
0.208004912192949,7.2501E-1,-18.448400,5.2969E+1,5160
0.208230623693446,7.2580E-1,-18.383500,5.3040E+1,5150
0.208456522523307,7.2658E-1,-18.318600,5.3111E+1,5140
0.208682608790229,7.2737E-1,-18.253700,5.3182E+1,5130
0.208908882601943,7.2816E-1,-18.188800,5.3253E+1,5120
0.209135344066214,7.2895E-1,-18.123900,5.3325E+1,5110
0.209361993290842,7.2974E-1,-18.059000,5.3396E+1,5100
0.209588830383661,7.3053E-1,-17.994100,5.3467E+1,5090
0.209815855452541,7.3132E-1,-17.929200,5.3539E+1,5080
0.210043068605386,7.3211E-1,-17.864300,5.3610E+1,5070
0.210270469950132,7.3291E-1,-17.799400,5.3682E+1,5060
0.210498059594752,7.3370E-1,-17.734500,5.3754E+1,5050
0.210725837647254,7.3449E-1,-17.669600,5.3826E+1,5040
0.210953804215678,7.3529E-1,-17.604700,5.3898E+1,5030
0.211181959408101,7.3608E-1,-17.539800,5.3970E+1,5020
0.211410303332632,7.3688E-1,-17.474900,5.4042E+1,5010
0.211638836097417,7.3767E-1,-17.410000,5.4114E+1,5000
0.211867557810634,7.3847E-1,-17.345100,5.4186E+1,4990
0.212096468580497,7.3927E-1,-17.280200,5.4258E+1,4980
0.212325568515256,7.4007E-1,-17.215300,5.4331E+1,4970
0.212554857723192,7.4087E-1,-17.150400,5.4403E+1,4960
0.212784336312623,7.4167E-1,-17.085500,5.4476E+1,4950
0.2130140043919,7.4247E-1,-17.020600,5.4548E+1,4940
0.21324386206941,7.4327E-1,-16.955700,5.4621E+1,4930
0.213473909453574,7.4407E-1,-16.890800,5.4694E+1,4920
0.213704146652847,7.4487E-1,-16.825900,5.4767E+1,4910
0.213934573775718,7.4568E-1,-16.761000,5.4840E+1,4900
0.214165190930713,7.4648E-1,-16.696100,5.4913E+1,4890
0.21439599822639,7.4728E-1,-16.631200,5.4986E+1,4880
0.214626995771341,7.4809E-1,-16.566300,5.5059E+1,4870
0.214858183674196,7.4890E-1,-16.501400,5.5132E+1,4860
0.215089562043616,7.4970E-1,-16.436500,5.5206E+1,4850
0.215321130988299,7.5051E-1,-16.371600,5.5279E+1,4840
0.215552890616976,7.5132E-1,-16.306700,5.5353E+1,4830
0.215784841038412,7.5213E-1,-16.241800,5.5426E+1,4820
0.216016982361409,7.5293E-1,-16.176900,5.5500E+1,4810
0.216249314694801,7.5374E-1,-16.112000,5.5573E+1,4800
0.216481838147458,7.5456E-1,-16.047100,5.5647E+1,4790
0.216714552828284,7.5537E-1,-15.982200,5.5721E+1,4780
0.216947458846218,7.5618E-1,-15.917300,5.5795E+1,4770
0.217180556310233,7.5699E-1,-15.852400,5.5869E+1,4760
0.217413845329336,7.5780E-1,-15.787500,5.5943E+1,4750
0.217647326012571,7.5862E-1,-15.722600,5.6018E+1,4740
0.217880998469013,7.5943E-1,-15.657700,5.6092E+1,4730
0.218114862807774,7.6025E-1,-15.592800,5.6166E+1,4720
0.218348919138,7.6106E-1,-15.527900,5.6241E+1,4710
0.218583167568872,7.6188E-1,-15.463000,5.6315E+1,4700
0.218817608209605,7.6270E-1,-15.398100,5.6390E+1,4690
0.219052241169448,7.6351E-1,-15.333200,5.6464E+1,4680
0.219287066557686,7.6433E-1,-15.268300,5.6539E+1,4670
0.219522084483636,7.6515E-1,-15.203400,5.6614E+1,4660
0.219757295056653,7.6597E-1,-15.138500,5.6689E+1,4650
0.219992698386125,7.6679E-1,-15.073600,5.6764E+1,4640
0.220228294581473,7.6761E-1,-15.008700,5.6839E+1,4630
0.220464083752155,7.6844E-1,-14.943800,5.6914E+1,4620
0.220700066007663,7.6926E-1,-14.878900,5.6989E+1,4610
0.220936241457522,7.7008E-1,-14.814000,5.7065E+1,4600
0.221172610211294,7.7090E-1,-14.749100,5.7140E+1,4590
0.221409172378574,7.7173E-1,-14.684200,5.7216E+1,4580
0.221645928068991,7.7255E-1,-14.619300,5.7291E+1,4570
0.22188287739221,7.7338E-1,-14.554400,5.7367E+1,4560
0.222120020457931,7.7421E-1,-14.489500,5.7443E+1,4550
0.222357357375886,7.7503E-1,-14.424600,5.7518E+1,4540
0.222594888255845,7.7586E-1,-14.359700,5.7594E+1,4530
0.22283261320761,7.7669E-1,-14.294800,5.7670E+1,4520
0.223070532341019,7.7752E-1,-14.229900,5.7746E+1,4510
0.223308645765943,7.7835E-1,-14.165000,5.7822E+1,4500
0.223546953592289,7.7918E-1,-14.100100,5.7899E+1,4490
0.22378545593,7.8001E-1,-14.035200,5.7975E+1,4480
0.22402415288905,7.8084E-1,-13.970300,5.8051E+1,4470
0.22426304457945,7.8168E-1,-13.905400,5.8128E+1,4460
0.224502131111245,7.8251E-1,-13.840500,5.8204E+1,4450
0.224741412594515,7.8334E-1,-13.775600,5.8281E+1,4440
0.224980889139374,7.8418E-1,-13.710700,5.8358E+1,4430
0.225220560855972,7.8501E-1,-13.645800,5.8434E+1,4420
0.225460427854491,7.8585E-1,-13.580900,5.8511E+1,4410
0.22570049024515,7.8669E-1,-13.516000,5.8588E+1,4400
0.225940748138203,7.8752E-1,-13.451100,5.8665E+1,4390
0.226181201643935,7.8836E-1,-13.386200,5.8742E+1,4380
0.22642185087267,7.8920E-1,-13.321300,5.8820E+1,4370
0.226662695934764,7.9004E-1,-13.256400,5.8897E+1,4360
0.226903736940608,7.9088E-1,-13.191500,5.8974E+1,4350
0.227144974000629,7.9172E-1,-13.126600,5.9052E+1,4340
0.227386407225288,7.9256E-1,-13.061700,5.9129E+1,4330
0.227628036725078,7.9341E-1,-12.996800,5.9207E+1,4320
0.227869862610531,7.9425E-1,-12.931900,5.9284E+1,4310
0.22811188499221,7.9509E-1,-12.867000,5.9362E+1,4300
0.228354103980716,7.9594E-1,-12.802100,5.9440E+1,4290
0.228596519686681,7.9678E-1,-12.737200,5.9518E+1,4280
0.228839132220775,7.9763E-1,-12.672300,5.9596E+1,4270
0.2290819416937,7.9847E-1,-12.607400,5.9674E+1,4260
0.229324948216194,7.9932E-1,-12.542500,5.9752E+1,4250
0.229568151899031,8.0017E-1,-12.477600,5.9831E+1,4240
0.229811552853016,8.0102E-1,-12.412700,5.9909E+1,4230
0.230055151188992,8.0187E-1,-12.347800,5.9987E+1,4220
0.230298947017835,8.0272E-1,-12.282900,6.0066E+1,4210
0.230542940450457,8.0357E-1,-12.218000,6.0145E+1,4200
0.230787131597802,8.0442E-1,-12.153100,6.0223E+1,4190
0.231031520570852,8.0527E-1,-12.088200,6.0302E+1,4180
0.231276107480622,8.0612E-1,-12.023300,6.0381E+1,4170
0.231520892438161,8.0697E-1,-11.958400,6.0460E+1,4160
0.231765875554554,8.0783E-1,-11.893500,6.0539E+1,4150
0.232011056940921,8.0868E-1,-11.828600,6.0618E+1,4140
0.232256436708414,8.0954E-1,-11.763700,6.0697E+1,4130
0.232502014968223,8.1039E-1,-11.698800,6.0776E+1,4120
0.232747791831571,8.1125E-1,-11.633900,6.0856E+1,4110
0.232993767409715,8.1211E-1,-11.569000,6.0935E+1,4100
0.233239941813949,8.1297E-1,-11.504100,6.1015E+1,4090
0.233486315155599,8.1382E-1,-11.439200,6.1094E+1,4080
0.233732887546028,8.1468E-1,-11.374300,6.1174E+1,4070
0.233979659096632,8.1554E-1,-11.309400,6.1254E+1,4060
0.234226629918842,8.1641E-1,-11.244500,6.1334E+1,4050
0.234473800124126,8.1727E-1,-11.179600,6.1413E+1,4040
0.234721169823983,8.1813E-1,-11.114700,6.1493E+1,4030
0.234968739129949,8.1899E-1,-11.049800,6.1574E+1,4020
0.235216508153594,8.1986E-1,-10.984900,6.1654E+1,4010
0.235464477006523,8.2072E-1,-10.920000,6.1734E+1,4000
0.235712645800376,8.2158E-1,-10.855100,6.1814E+1,3990
0.235961014646827,8.2245E-1,-10.790200,6.1895E+1,3980
0.236209583657586,8.2332E-1,-10.725300,6.1975E+1,3970
0.236458352944396,8.2418E-1,-10.660400,6.2056E+1,3960
0.236707322619034,8.2505E-1,-10.595500,6.2137E+1,3950
0.236956492793316,8.2592E-1,-10.530600,6.2218E+1,3940
0.237205863579088,8.2679E-1,-10.465700,6.2298E+1,3930
0.237455435088234,8.2766E-1,-10.400800,6.2379E+1,3920
0.237705207432671,8.2853E-1,-10.335900,6.2460E+1,3910
0.23795518072435,8.2940E-1,-10.271000,6.2542E+1,3900
0.23820535507526,8.3027E-1,-10.206100,6.2623E+1,3890
0.23845573059742,8.3115E-1,-10.141200,6.2704E+1,3880
0.238706307402889,8.3202E-1,-10.076300,6.2785E+1,3870
0.238957085603757,8.3289E-1,-10.011400,6.2867E+1,3860
0.239208065312149,8.3377E-1,-9.946500,6.2948E+1,3850
0.239459246640227,8.3464E-1,-9.881600,6.3030E+1,3840
0.239710629700185,8.3552E-1,-9.816700,6.3112E+1,3830
0.239962214604254,8.3640E-1,-9.751800,6.3194E+1,3820
0.240214001464699,8.3727E-1,-9.686900,6.3276E+1,3810
0.240465990393819,8.3815E-1,-9.622000,6.3357E+1,3800
0.240718181503949,8.3903E-1,-9.557100,6.3440E+1,3790
0.240970574907457,8.3991E-1,-9.492200,6.3522E+1,3780
0.241223170716749,8.4079E-1,-9.427300,6.3604E+1,3770
0.241475969044261,8.4167E-1,-9.362400,6.3686E+1,3760
0.241728970002468,8.4255E-1,-9.297500,6.3769E+1,3750
0.241982173703878,8.4344E-1,-9.232600,6.3851E+1,3740
0.242235580261033,8.4432E-1,-9.167700,6.3934E+1,3730
0.242489189786512,8.4520E-1,-9.102800,6.4016E+1,3720
0.242743002392927,8.4609E-1,-9.037900,6.4099E+1,3710
0.242997018192925,8.4697E-1,-8.973000,6.4182E+1,3700
0.243251237299189,8.4786E-1,-8.908100,6.4265E+1,3690
0.243505659824435,8.4875E-1,-8.843200,6.4348E+1,3680
0.243760285881414,8.4964E-1,-8.778300,6.4431E+1,3670
0.244015115582914,8.5052E-1,-8.713400,6.4514E+1,3660
0.244270149041755,8.5141E-1,-8.648500,6.4598E+1,3650
0.244525386370793,8.5230E-1,-8.583600,6.4681E+1,3640
0.244780827682919,8.5319E-1,-8.518700,6.4764E+1,3630
0.245036473091059,8.5408E-1,-8.453800,6.4848E+1,3620
0.245292322708173,8.5497E-1,-8.388900,6.4932E+1,3610
0.245548376647256,8.5587E-1,-8.324000,6.5015E+1,3600
0.245804635021338,8.5676E-1,-8.259100,6.5099E+1,3590
0.246061097943484,8.5765E-1,-8.194200,6.5183E+1,3580
0.246317765526793,8.5855E-1,-8.129300,6.5267E+1,3570
0.2465746378844,8.5944E-1,-8.064400,6.5351E+1,3560
0.246831715129474,8.6034E-1,-7.999500,6.5435E+1,3550
0.24708899737522,8.6124E-1,-7.934600,6.5519E+1,3540
0.247346484734874,8.6213E-1,-7.869700,6.5604E+1,3530
0.247604177321713,8.6303E-1,-7.804800,6.5688E+1,3520
0.247862075249043,8.6393E-1,-7.739900,6.5773E+1,3510
0.248120178630208,8.6483E-1,-7.675000,6.5857E+1,3500
0.248378487578587,8.6573E-1,-7.610100,6.5942E+1,3490
0.248637002207591,8.6663E-1,-7.545200,6.6027E+1,3480
0.24889572263067,8.6753E-1,-7.480300,6.6112E+1,3470
0.249154648961305,8.6844E-1,-7.415400,6.6197E+1,3460
0.249413781313013,8.6934E-1,-7.350500,6.6282E+1,3450
0.249673119799348,8.7024E-1,-7.285600,6.6367E+1,3440
0.249932664533895,8.7115E-1,-7.220700,6.6452E+1,3430
0.250192415630278,8.7205E-1,-7.155800,6.6537E+1,3420
0.250452373202153,8.7296E-1,-7.090900,6.6623E+1,3410
0.25071253736321,8.7387E-1,-7.026000,6.6708E+1,3400
0.250972908227178,8.7477E-1,-6.961100,6.6794E+1,3390
0.251233485907817,8.7568E-1,-6.896200,6.6879E+1,3380
0.251494270518922,8.7659E-1,-6.831300,6.6965E+1,3370
0.251755262174326,8.7750E-1,-6.766400,6.7051E+1,3360
0.252016460987894,8.7841E-1,-6.701500,6.7137E+1,3350
0.252277867073527,8.7932E-1,-6.636600,6.7223E+1,3340
0.25253948054516,8.8024E-1,-6.571700,6.7309E+1,3330
0.252801301516763,8.8115E-1,-6.506800,6.7395E+1,3320
0.253063330102342,8.8206E-1,-6.441900,6.7481E+1,3310
0.253325566415937,8.8298E-1,-6.377000,6.7568E+1,3300
0.253588010571624,8.8389E-1,-6.312100,6.7654E+1,3290
0.253850662683511,8.8481E-1,-6.247200,6.7741E+1,3280
0.254113522865744,8.8572E-1,-6.182300,6.7827E+1,3270
0.254376591232501,8.8664E-1,-6.117400,6.7914E+1,3260
0.254639867897999,8.8756E-1,-6.052500,6.8001E+1,3250
0.254903352976486,8.8847E-1,-5.987600,6.8088E+1,3240
0.255167046582245,8.8939E-1,-5.922700,6.8175E+1,3230
0.255430948829598,8.9031E-1,-5.857800,6.8262E+1,3220
0.255695059832896,8.9123E-1,-5.792900,6.8349E+1,3210
0.25595937970653,8.9216E-1,-5.728000,6.8436E+1,3200
0.256223908564923,8.9308E-1,-5.663100,6.8524E+1,3190
0.256488646522534,8.9400E-1,-5.598200,6.8611E+1,3180
0.256753593693856,8.9492E-1,-5.533300,6.8699E+1,3170
0.257018750193417,8.9585E-1,-5.468400,6.8786E+1,3160
0.257284116135782,8.9677E-1,-5.403500,6.8874E+1,3150
0.257549691635548,8.9770E-1,-5.338600,6.8962E+1,3140
0.257815476807349,8.9862E-1,-5.273700,6.9050E+1,3130
0.258081471765852,8.9955E-1,-5.208800,6.9138E+1,3120
0.25834767662576,9.0048E-1,-5.143900,6.9226E+1,3110
0.258614091501812,9.0141E-1,-5.079000,6.9314E+1,3100
0.25888071650878,9.0234E-1,-5.014100,6.9402E+1,3090
0.259147551761471,9.0327E-1,-4.949200,6.9491E+1,3080
0.25941459737473,9.0420E-1,-4.884300,6.9579E+1,3070
0.259681853463432,9.0513E-1,-4.819400,6.9668E+1,3060
0.25994932014249,9.0606E-1,-4.754500,6.9756E+1,3050
0.260216997526852,9.0700E-1,-4.689600,6.9845E+1,3040
0.2604848857315,9.0793E-1,-4.624700,6.9934E+1,3030
0.260752984871451,9.0886E-1,-4.559800,7.0023E+1,3020
0.261021295061757,9.0980E-1,-4.494900,7.0112E+1,3010
0.261289816417506,9.1073E-1,-4.430000,7.0201E+1,3000
0.261558549053819,9.1167E-1,-4.365100,7.0290E+1,2990
0.261827493085854,9.1261E-1,-4.300200,7.0379E+1,2980
0.262096648628801,9.1355E-1,-4.235300,7.0469E+1,2970
0.262366015797889,9.1449E-1,-4.170400,7.0558E+1,2960
0.262635594708377,9.1543E-1,-4.105500,7.0648E+1,2950
0.262905385475565,9.1637E-1,-4.040600,7.0737E+1,2940
0.263175388214782,9.1731E-1,-3.975700,7.0827E+1,2930
0.263445603041395,9.1825E-1,-3.910800,7.0917E+1,2920
0.263716030070807,9.1919E-1,-3.845900,7.1007E+1,2910
0.263986669418453,9.2013E-1,-3.781000,7.1097E+1,2900
0.264257521199805,9.2108E-1,-3.716100,7.1187E+1,2890
0.264528585530369,9.2202E-1,-3.651200,7.1277E+1,2880
0.264799862525687,9.2297E-1,-3.586300,7.1367E+1,2870
0.265071352301335,9.2392E-1,-3.521400,7.1458E+1,2860
0.265343054972923,9.2486E-1,-3.456500,7.1548E+1,2850
0.265614970656099,9.2581E-1,-3.391600,7.1639E+1,2840
0.265887099466544,9.2676E-1,-3.326700,7.1729E+1,2830
0.266159441519973,9.2771E-1,-3.261800,7.1820E+1,2820
0.266431996932138,9.2866E-1,-3.196900,7.1911E+1,2810
0.266704765818825,9.2961E-1,-3.132000,7.2002E+1,2800
0.266977748295855,9.3056E-1,-3.067100,7.2093E+1,2790
0.267250944479083,9.3151E-1,-3.002200,7.2184E+1,2780
0.267524354484402,9.3247E-1,-2.937300,7.2275E+1,2770
0.267797978427736,9.3342E-1,-2.872400,7.2366E+1,2760
0.268071816425048,9.3437E-1,-2.807500,7.2458E+1,2750
0.268345868592332,9.3533E-1,-2.742600,7.2549E+1,2740
0.26862013504562,9.3628E-1,-2.677700,7.2641E+1,2730
0.268894615900978,9.3724E-1,-2.612800,7.2733E+1,2720
0.269169311274507,9.3820E-1,-2.547900,7.2824E+1,2710
0.269444221282343,9.3916E-1,-2.483000,7.2916E+1,2700
0.269719346040656,9.4012E-1,-2.418100,7.3008E+1,2690
0.269994685665652,9.4108E-1,-2.353200,7.3100E+1,2680
0.270270240273573,9.4204E-1,-2.288300,7.3192E+1,2670
0.270546009980694,9.4300E-1,-2.223400,7.3285E+1,2660
0.270821994903327,9.4396E-1,-2.158500,7.3377E+1,2650
0.271098195157817,9.4492E-1,-2.093600,7.3469E+1,2640
0.271374610860544,9.4589E-1,-2.028700,7.3562E+1,2630
0.271651242127926,9.4685E-1,-1.963800,7.3654E+1,2620
0.271928089076413,9.4781E-1,-1.898900,7.3747E+1,2610
0.272205151822492,9.4878E-1,-1.834000,7.3840E+1,2600
0.272482430482682,9.4975E-1,-1.769100,7.3933E+1,2590
0.27275992517354,9.5071E-1,-1.704200,7.4026E+1,2580
0.273037636011657,9.5168E-1,-1.639300,7.4119E+1,2570
0.27331556311366,9.5265E-1,-1.574400,7.4212E+1,2560
0.273593706596208,9.5362E-1,-1.509500,7.4305E+1,2550
0.273872066576,9.5459E-1,-1.444600,7.4399E+1,2540
0.274150643169764,9.5556E-1,-1.379700,7.4492E+1,2530
0.274429436494269,9.5653E-1,-1.314800,7.4586E+1,2520
0.274708446666314,9.5751E-1,-1.249900,7.4680E+1,2510
0.274987673802736,9.5848E-1,-1.185000,7.4773E+1,2500
0.275267118020407,9.5945E-1,-1.120100,7.4867E+1,2490
0.275546779436232,9.6043E-1,-1.055200,7.4961E+1,2480
0.275826658167154,9.6140E-1,-0.990300,7.5055E+1,2470
0.276106754330148,9.6238E-1,-0.925400,7.5149E+1,2460
0.276387068042227,9.6336E-1,-0.860500,7.5243E+1,2450
0.276667599420436,9.6433E-1,-0.795600,7.5338E+1,2440
0.276948348581857,9.6531E-1,-0.730700,7.5432E+1,2430
0.277229315643606,9.6629E-1,-0.665800,7.5527E+1,2420
0.277510500722836,9.6727E-1,-0.600900,7.5621E+1,2410
0.277791903936734,9.6825E-1,-0.536000,7.5716E+1,2400
0.27807352540252,9.6924E-1,-0.471100,7.5811E+1,2390
0.278355365237452,9.7022E-1,-0.406200,7.5906E+1,2380
0.278637423558821,9.7120E-1,-0.341300,7.6001E+1,2370
0.278919700483956,9.7218E-1,-0.276400,7.6096E+1,2360
0.279202196130217,9.7317E-1,-0.211500,7.6191E+1,2350
0.279484910615002,9.7415E-1,-0.146600,7.6286E+1,2340
0.279767844055743,9.7514E-1,-0.081700,7.6382E+1,2330
0.280050996569907,9.7613E-1,-0.016800,7.6477E+1,2320
0.280334368274997,9.7712E-1,0.048100,7.6573E+1,2310
0.28061795928855,9.7810E-1,0.113000,7.6668E+1,2300
0.280901769728139,9.7909E-1,0.177900,7.6764E+1,2290
0.281185799711371,9.8008E-1,0.242800,7.6860E+1,2280
0.281470049355889,9.8107E-1,0.307700,7.6956E+1,2270
0.28175451877937,9.8207E-1,0.372600,7.7052E+1,2260
0.282039208099529,9.8306E-1,0.437500,7.7148E+1,2250
0.282324117434111,9.8405E-1,0.502400,7.7245E+1,2240
0.282609246900901,9.8504E-1,0.567300,7.7341E+1,2230
0.282894596617717,9.8604E-1,0.632200,7.7437E+1,2220
0.283180166702412,9.8703E-1,0.697100,7.7534E+1,2210
0.283465957272874,9.8803E-1,0.762000,7.7631E+1,2200
0.283751968447026,9.8903E-1,0.826900,7.7727E+1,2190
0.284038200342828,9.9003E-1,0.891800,7.7824E+1,2180
0.284324653078273,9.9102E-1,0.956700,7.7921E+1,2170
0.284611326771389,9.9202E-1,1.021600,7.8018E+1,2160
0.284898221540241,9.9302E-1,1.086500,7.8115E+1,2150
0.285185337502928,9.9402E-1,1.151400,7.8212E+1,2140
0.285472674777582,9.9503E-1,1.216300,7.8310E+1,2130
0.285760233482375,9.9603E-1,1.281200,7.8407E+1,2120
0.28604801373551,9.9703E-1,1.346100,7.8505E+1,2110
0.286336015655227,9.9803E-1,1.411000,7.8602E+1,2100
0.2866242393598,9.9904E-1,1.475900,7.8700E+1,2090
0.286912684967539,1.0000E+0,1.540800,7.8798E+1,2080
0.287201352596789,1.0011E+0,1.605700,7.8896E+1,2070
0.287490242365929,1.0021E+0,1.670600,7.8994E+1,2060
0.287779354393375,1.0031E+0,1.735500,7.9092E+1,2050
0.288068688797578,1.0041E+0,1.800400,7.9190E+1,2040
0.288358245697021,1.0051E+0,1.865300,7.9289E+1,2030
0.288648025210227,1.0061E+0,1.930200,7.9387E+1,2020
0.288938027455751,1.0071E+0,1.995100,7.9485E+1,2010
0.289228252552183,1.0081E+0,2.060000,7.9584E+1,2000
0.289518700618149,1.0091E+0,2.124900,7.9683E+1,1990
0.289809371772311,1.0101E+0,2.189800,7.9782E+1,1980
0.290100266133364,1.0112E+0,2.254700,7.9880E+1,1970
0.290391383820041,1.0122E+0,2.319600,7.9979E+1,1960
0.290682724951107,1.0132E+0,2.384500,8.0079E+1,1950
0.290974289645365,1.0142E+0,2.449400,8.0178E+1,1940
0.29126607802165,1.0152E+0,2.514300,8.0277E+1,1930
0.291558090198836,1.0162E+0,2.579200,8.0377E+1,1920
0.29185032629583,1.0173E+0,2.644100,8.0476E+1,1910
0.292142786431573,1.0183E+0,2.709000,8.0576E+1,1900
0.292435470725044,1.0193E+0,2.773900,8.0675E+1,1890
0.292728379295254,1.0203E+0,2.838800,8.0775E+1,1880
0.293021512261253,1.0213E+0,2.903700,8.0875E+1,1870
0.293314869742121,1.0224E+0,2.968600,8.0975E+1,1860
0.29360845185698,1.0234E+0,3.033500,8.1075E+1,1850
0.293902258724981,1.0244E+0,3.098400,8.1175E+1,1840
0.294196290465312,1.0254E+0,3.163300,8.1276E+1,1830
0.294490547197198,1.0265E+0,3.228200,8.1376E+1,1820
0.294785029039898,1.0275E+0,3.293100,8.1477E+1,1810
0.295079736112706,1.0285E+0,3.358000,8.1577E+1,1800
0.295374668534951,1.0295E+0,3.422900,8.1678E+1,1790
0.295669826425997,1.0306E+0,3.487800,8.1779E+1,1780
0.295965209905244,1.0316E+0,3.552700,8.1880E+1,1770
0.296260819092128,1.0326E+0,3.617600,8.1981E+1,1760
0.296556654106118,1.0337E+0,3.682500,8.2082E+1,1750
0.296852715066718,1.0347E+0,3.747400,8.2183E+1,1740
0.297149002093471,1.0357E+0,3.812300,8.2284E+1,1730
0.297445515305952,1.0368E+0,3.877200,8.2386E+1,1720
0.297742254823771,1.0378E+0,3.942100,8.2487E+1,1710
0.298039220766574,1.0388E+0,4.007000,8.2589E+1,1700
0.298336413254043,1.0399E+0,4.071900,8.2690E+1,1690
0.298633832405894,1.0409E+0,4.136800,8.2792E+1,1680
0.298931478341879,1.0419E+0,4.201700,8.2894E+1,1670
0.299229351181786,1.0430E+0,4.266600,8.2996E+1,1660
0.299527451045435,1.0440E+0,4.331500,8.3098E+1,1650
0.299825778052684,1.0451E+0,4.396400,8.3201E+1,1640
0.300124332323427,1.0461E+0,4.461300,8.3303E+1,1630
0.300423113977591,1.0471E+0,4.526200,8.3405E+1,1620
0.300722123135138,1.0482E+0,4.591100,8.3508E+1,1610
0.301021359916067,1.0492E+0,4.656000,8.3610E+1,1600
0.301320824440412,1.0503E+0,4.720900,8.3713E+1,1590
0.301620516828241,1.0513E+0,4.785800,8.3816E+1,1580
0.301920437199659,1.0524E+0,4.850700,8.3919E+1,1570
0.302220585674804,1.0534E+0,4.915600,8.4022E+1,1560
0.302520962373851,1.0544E+0,4.980500,8.4125E+1,1550
0.302821567417009,1.0555E+0,5.045400,8.4228E+1,1540
0.303122400924524,1.0565E+0,5.110300,8.4332E+1,1530
0.303423463016676,1.0576E+0,5.175200,8.4435E+1,1520
0.303724753813779,1.0586E+0,5.240100,8.4539E+1,1510
0.304026273436186,1.0597E+0,5.305000,8.4642E+1,1500
0.30432802200428,1.0607E+0,5.369900,8.4746E+1,1490
0.304629999638485,1.0618E+0,5.434800,8.4850E+1,1480
0.304932206459256,1.0629E+0,5.499700,8.4954E+1,1470
0.305234642587085,1.0639E+0,5.564600,8.5058E+1,1460
0.305537308142498,1.0650E+0,5.629500,8.5162E+1,1450
0.305840203246058,1.0660E+0,5.694400,8.5267E+1,1440
0.306143328018363,1.0671E+0,5.759300,8.5371E+1,1430
0.306446682580045,1.0681E+0,5.824200,8.5475E+1,1420
0.306750267051772,1.0692E+0,5.889100,8.5580E+1,1410
0.307054081554248,1.0702E+0,5.954000,8.5685E+1,1400
0.30735812620821,1.0713E+0,6.018900,8.5789E+1,1390
0.307662401134433,1.0724E+0,6.083800,8.5894E+1,1380
0.307966906453726,1.0734E+0,6.148700,8.5999E+1,1370
0.308271642286933,1.0745E+0,6.213600,8.6104E+1,1360
0.308576608754934,1.0756E+0,6.278500,8.6210E+1,1350
0.308881805978644,1.0766E+0,6.343400,8.6315E+1,1340
0.309187234079012,1.0777E+0,6.408300,8.6420E+1,1330
0.309492893177025,1.0787E+0,6.473200,8.6526E+1,1320
0.309798783393703,1.0798E+0,6.538100,8.6632E+1,1310
0.310104904850103,1.0809E+0,6.603000,8.6737E+1,1300
0.310411257667315,1.0819E+0,6.667900,8.6843E+1,1290
0.310717841966466,1.0830E+0,6.732800,8.6949E+1,1280
0.311024657868719,1.0841E+0,6.797700,8.7055E+1,1270
0.31133170549527,1.0852E+0,6.862600,8.7161E+1,1260
0.311638984967353,1.0862E+0,6.927500,8.7267E+1,1250
0.311946496406234,1.0873E+0,6.992400,8.7374E+1,1240
0.312254239933217,1.0884E+0,7.057300,8.7480E+1,1230
0.312562215669641,1.0894E+0,7.122200,8.7587E+1,1220
0.312870423736879,1.0905E+0,7.187100,8.7694E+1,1210
0.313178864256341,1.0916E+0,7.252000,8.7800E+1,1200
0.31348753734947,1.0927E+0,7.316900,8.7907E+1,1190
0.313796443137748,1.0937E+0,7.381800,8.8014E+1,1180
0.314105581742688,1.0948E+0,7.446700,8.8121E+1,1170
0.31441495328584,1.0959E+0,7.511600,8.8228E+1,1160
0.314724557888792,1.0970E+0,7.576500,8.8336E+1,1150
0.315034395673163,1.0981E+0,7.641400,8.8443E+1,1140
0.315344466760611,1.0991E+0,7.706300,8.8551E+1,1130
0.315654771272826,1.1002E+0,7.771200,8.8658E+1,1120
0.315965309331535,1.1013E+0,7.836100,8.8766E+1,1110
0.316276081058502,1.1024E+0,7.901000,8.8874E+1,1100
0.316587086575523,1.1035E+0,7.965900,8.8982E+1,1090
0.316898326004433,1.1046E+0,8.030800,8.9090E+1,1080
0.317209799467098,1.1056E+0,8.095700,8.9198E+1,1070
0.317521507085423,1.1067E+0,8.160600,8.9306E+1,1060
0.317833448981346,1.1078E+0,8.225500,8.9415E+1,1050
0.318145625276843,1.1089E+0,8.290400,8.9523E+1,1040
0.318458036093923,1.1100E+0,8.355300,8.9632E+1,1030
0.31877068155463,1.1111E+0,8.420200,8.9740E+1,1020
0.319083561781046,1.1122E+0,8.485100,8.9849E+1,1010
0.319396676895286,1.1133E+0,8.550000,8.9958E+1,1000
0.319710027019501,1.1144E+0,8.614900,9.0067E+1,990
0.320023612275878,1.1155E+0,8.679800,9.0176E+1,980
0.320337432786639,1.1165E+0,8.744700,9.0285E+1,970
0.32065148867404,1.1176E+0,8.809600,9.0395E+1,960
0.320965780060374,1.1187E+0,8.874500,9.0504E+1,950
0.32128030706797,1.1198E+0,8.939400,9.0614E+1,940
0.32159506981919,1.1209E+0,9.004300,9.0723E+1,930
0.321910068436434,1.1220E+0,9.069200,9.0833E+1,920
0.322225303042134,1.1231E+0,9.134100,9.0943E+1,910
0.322540773758762,1.1242E+0,9.199000,9.1053E+1,900
0.322856480708821,1.1253E+0,9.263900,9.1163E+1,890
0.323172424014852,1.1264E+0,9.328800,9.1273E+1,880
0.32348860379943,1.1275E+0,9.393700,9.1383E+1,870
0.323805020185166,1.1286E+0,9.458600,9.1494E+1,860
0.324121673294706,1.1297E+0,9.523500,9.1604E+1,850
0.324438563250733,1.1308E+0,9.588400,9.1715E+1,840
0.324755690175964,1.1319E+0,9.653300,9.1826E+1,830
0.32507305419315,1.1331E+0,9.718200,9.1937E+1,820
0.325390655425079,1.1342E+0,9.783100,9.2048E+1,810
0.325708493994576,1.1353E+0,9.848000,9.2159E+1,800
0.326026570024498,1.1364E+0,9.912900,9.2270E+1,790
0.326344883637741,1.1375E+0,9.977800,9.2381E+1,780
0.326663434957232,1.1386E+0,10.042700,9.2492E+1,770
0.326982224105937,1.1397E+0,10.107600,9.2604E+1,760
0.327301251206857,1.1408E+0,10.172500,9.2715E+1,750
0.327620516383027,1.1419E+0,10.237400,9.2827E+1,740
0.327940019757518,1.1430E+0,10.302300,9.2939E+1,730
0.328259761453437,1.1442E+0,10.367200,9.3051E+1,720
0.328579741593926,1.1453E+0,10.432100,9.3163E+1,710
0.328899960302161,1.1464E+0,10.497000,9.3275E+1,700
0.329220417701356,1.1475E+0,10.561900,9.3387E+1,690
0.32954111391476,1.1486E+0,10.626800,9.3500E+1,680
0.329862049065654,1.1497E+0,10.691700,9.3612E+1,670
0.33018322327736,1.1509E+0,10.756600,9.3725E+1,660
0.33050463667323,1.1520E+0,10.821500,9.3837E+1,650
0.330826289376655,1.1531E+0,10.886400,9.3950E+1,640
0.331148181511061,1.1542E+0,10.951300,9.4063E+1,630
0.331470313199908,1.1554E+0,11.016200,9.4176E+1,620
0.331792684566691,1.1565E+0,11.081100,9.4289E+1,610
0.332115295734944,1.1576E+0,11.146000,9.4402E+1,600
0.332438146828232,1.1587E+0,11.210900,9.4516E+1,590
0.332761237970159,1.1599E+0,11.275800,9.4629E+1,580
0.333084569284362,1.1610E+0,11.340700,9.4743E+1,570
0.333408140894515,1.1621E+0,11.405600,9.4856E+1,560
0.333731952924327,1.1632E+0,11.470500,9.4970E+1,550
0.334056005497541,1.1644E+0,11.535400,9.5084E+1,540
0.334380298737938,1.1655E+0,11.600300,9.5198E+1,530
0.334704832769332,1.1666E+0,11.665200,9.5312E+1,520
0.335029607715575,1.1678E+0,11.730100,9.5427E+1,510
0.335354623700553,1.1689E+0,11.795000,9.5541E+1,500
0.335679880848186,1.1700E+0,11.859900,9.5655E+1,490
0.336005379282433,1.1712E+0,11.924800,9.5770E+1,480
0.336331119127285,1.1723E+0,11.989700,9.5885E+1,470
0.336657100506771,1.1734E+0,12.054600,9.5999E+1,460
0.336983323544954,1.1746E+0,12.119500,9.6114E+1,450
0.337309788365933,1.1757E+0,12.184400,9.6229E+1,440
0.337636495093842,1.1768E+0,12.249300,9.6344E+1,430
0.337963443852851,1.1780E+0,12.314200,9.6460E+1,420
0.338290634767165,1.1791E+0,12.379100,9.6575E+1,410
0.338618067961025,1.1803E+0,12.444000,9.6690E+1,400
0.338945743558708,1.1814E+0,12.508900,9.6806E+1,390
0.339273661684526,1.1826E+0,12.573800,9.6922E+1,380
0.339601822462824,1.1837E+0,12.638700,9.7037E+1,370
0.339930226017987,1.1848E+0,12.703600,9.7153E+1,360
0.340258872474432,1.1860E+0,12.768500,9.7269E+1,350
0.340587761956613,1.1871E+0,12.833400,9.7385E+1,340
0.34091689458902,1.1883E+0,12.898300,9.7502E+1,330
0.341246270496176,1.1894E+0,12.963200,9.7618E+1,320
0.341575889802643,1.1906E+0,13.028100,9.7734E+1,310
0.341905752633016,1.1917E+0,13.093000,9.7851E+1,300
0.342235859111925,1.1929E+0,13.157900,9.7968E+1,290
0.342566209364039,1.1940E+0,13.222800,9.8085E+1,280
0.342896803514058,1.1952E+0,13.287700,9.8201E+1,270
0.34322764168672,1.1963E+0,13.352600,9.8318E+1,260
0.3435587240068,1.1975E+0,13.417500,9.8436E+1,250
0.343890050599106,1.1986E+0,13.482400,9.8553E+1,240
0.344221621588481,1.1998E+0,13.547300,9.8670E+1,230
0.344553437099805,1.2010E+0,13.612200,9.8788E+1,220
0.344885497257995,1.2021E+0,13.677100,9.8905E+1,210
0.345217802188,1.2033E+0,13.742000,9.9023E+1,200
0.345550352014807,1.2044E+0,13.806900,9.9141E+1,190
0.345883146863438,1.2056E+0,13.871800,9.9259E+1,180
0.346216186858949,1.2067E+0,13.936700,9.9377E+1,170
0.346549472126435,1.2079E+0,14.001600,9.9495E+1,160
0.346883002791024,1.2091E+0,14.066500,9.9613E+1,150
0.347216778977878,1.2102E+0,14.131400,9.9732E+1,140
0.347550800812199,1.2114E+0,14.196300,9.9850E+1,130
0.34788506841922,1.2126E+0,14.261200,9.9969E+1,120
0.348219581924213,1.2137E+0,14.326100,1.0009E+2,110
0.348554341452484,1.2149E+0,14.391000,1.0021E+2,100
0.348889347129373,1.2161E+0,14.455900,1.0033E+2,90
0.349224599080259,1.2172E+0,14.520800,1.0044E+2,80
0.349560097430554,1.2184E+0,14.585700,1.0056E+2,70
0.349895842305706,1.2196E+0,14.650600,1.0068E+2,60
0.3502318338312,1.2207E+0,14.715500,1.0080E+2,50
0.350568072132554,1.2219E+0,14.780400,1.0092E+2,40
0.350904557335323,1.2231E+0,14.845300,1.0104E+2,30
0.351241289565099,1.2243E+0,14.910200,1.0116E+2,20
0.351578268947506,1.2254E+0,14.975100,1.0128E+2,10
0.351915495608207,1.2266E+0,15.040000,1.0140E+2,0
