Time	TX	txGrid	RX	rxGrid	MHz	Watts	SNR	drift	k	az	mode	k/W	spotQ	version
2025-11-04 12:06	KF8EEZ	EM79vr	K3GMQ-B	FN20lh	14.09707	0.01	-16	0	783	82	WSPR2	78300	42506	WD_3.3.2-2
2025-11-04 12:06	KF8EEZ	EM79vr	UACNJ	FN20mv	14.097064	0.01	-16	0	795	78	WSPR2	79500	43157	WD_3.3.2-2
2025-11-04 12:06	KF8EEZ	EM79vr	W2NAF-2	FN21ei	14.097064	0.01	-21	0	747	73	WSPR2	74700	29880	WD_3.3.2-2
2025-11-04 12:06	KF8EEZ	EM79vr	W2NAF-3	FN21ei	14.097064	0.01	-18	0	747	73	WSPR2	74700	36283	WD_3.3.2-2
2025-11-04 12:06	KF8EEZ	EM79vr	KA3LNA	FM29dc	14.097079	0.01	-19	0	733	93	WSPR2	73300	33509	2.3.1
2025-11-04 12:56	KF8EEZ	EM79vr	WA2TP	FN30lu	14.097063	0.01	-20	0	955	79	WSPR2	95500	40929	WD_3.2.1
2025-11-04 12:56	KF8EEZ	EM79vr	VE3EID	FN05gk	14.097089	0.01	-19	0	744	30	WSPR2	74400	34011	CWSL_DIGI
2025-11-04 12:56	KF8EEZ	EM79vr	UACNJ	FN20mv	14.097063	0.01	-17	0	795	78	WSPR2	79500	40886	WD_3.3.2-2
2025-11-04 13:06	KF8EEZ	EM79vr	VE3EID	FN05gk	14.097089	0.01	-19	0	744	30	WSPR2	74400	34011	CWSL_DIGI
2025-11-04 13:06	KF8EEZ	EM79vr	KA3LNA	FM29dc	14.097078	0.01	-19	0	733	93	WSPR2	73300	33509	2.3.1
2025-11-05 10:16	KF8EEZ	EM79vr	WA2TP	FN30lu	14.097064	0.01	-25	0	955	79	WSPR2	95500	27286	WD_3.2.1
2025-11-05 10:16	KF8EEZ	EM79vr	VE3EID	FN05gk	14.097088	0.01	-23	0	744	30	WSPR2	74400	25509	CWSL_DIGI
2025-11-05 10:16	KF8EEZ	EM79vr	KD2OM	FN12gx	14.097064	0.01	-10	0	669	55	WSPR2	66900	47786	WD_3.3.2-2
2025-11-05 10:16	KF8EEZ	EM79vr	UACNJ	FN20mv	14.097064	0.01	-25	0	795	78	WSPR2	79500	22714	WD_3.3.2-2
2025-11-05 10:16	KF8EEZ	EM79vr	N2YCH-1	FN31jg	14.097064	0.01	-19	0	945	76	WSPR2	94500	43200	WD_3.3.2-2
2025-11-05 10:16	KF8EEZ	EM79vr	W2NAF-2	FN21ei	14.097064	0.01	-25	0	747	73	WSPR2	74700	21343	WD_3.3.2-2
2025-11-05 10:16	KF8EEZ	EM79vr	W2NAF-3	FN21ei	14.097064	0.01	-21	0	747	73	WSPR2	74700	29880	WD_3.3.2-2
2025-11-05 10:16	KF8EEZ	EM79vr	N8VIM	FN42fq	14.097064	0.01	-29	0	1108	69	WSPR2	110800	18994	2.7.0
2025-11-05 10:16	KF8EEZ	EM79vr	KA3LNA	FM29dc	14.097079	0.01	-26	0	733	93	WSPR2	73300	18849	2.3.1
2025-11-05 10:26	KF8EEZ	EM79vr	WA2TP	FN30lu	14.097063	0.01	-17	0	955	79	WSPR2	95500	49114	WD_3.2.1
2025-11-05 10:26	KF8EEZ	EM79vr	KD2OM	FN12gx	14.097063	0.01	-9	0	669	55	WSPR2	66900	49697	WD_3.3.2-2
2025-11-05 10:26	KF8EEZ	EM79vr	N2YCH-1	FN31jg	14.097063	0.01	-18	0	945	76	WSPR2	94500	45900	WD_3.3.2-2
2025-11-05 10:26	KF8EEZ	EM79vr	UACNJ	FN20mv	14.097063	0.01	-21	0	795	78	WSPR2	79500	31800	WD_3.3.2-2
2025-11-05 10:26	KF8EEZ	EM79vr	W2NAF-3	FN21ei	14.097063	0.01	-21	0	747	73	WSPR2	74700	29880	WD_3.3.2-2
2025-11-05 10:26	KF8EEZ	EM79vr	W2NAF-2	FN21ei	14.097064	0.01	-24	0	747	73	WSPR2	74700	23477	WD_3.3.2-2
2025-11-05 10:36	KF8EEZ	EM79vr	SWLFNS	FN20hu	14.097064	0.01	-25	0	759	78	WSPR2	75900	21686	1.4A Kiwi
2025-11-05 10:36	KF8EEZ	EM79vr	WA2TP	FN30lu	14.097063	0.01	-23	0	955	79	WSPR2	95500	32743	WD_3.2.1
2025-11-05 10:36	KF8EEZ	EM79vr	K5MO	FM05	14.097065	0.01	-26	0	656	134	WSPR2	65600	16869	WD_3.2.3
2025-11-05 10:36	KF8EEZ	EM79vr	N2YCH-1	FN31jg	14.097063	0.01	-22	0	945	76	WSPR2	94500	35100	WD_3.3.2-2
2025-11-05 10:36	KF8EEZ	EM79vr	W3PM	EM64or	14.097063	0.01	-23	0	601	203	WSPR2	60100	20606	WD_3.3.2-2
2025-11-05 10:36	KF8EEZ	EM79vr	UACNJ	FN20mv	14.097064	0.01	-24	0	795	78	WSPR2	79500	24986	WD_3.3.2-2
2025-11-05 10:36	KF8EEZ	EM79vr	W2NAF-3	FN21ei	14.097063	0.01	-27	0	747	73	WSPR2	74700	17074	WD_3.3.2-2
2025-11-05 10:36	KF8EEZ	EM79vr	W2NAF-2	FN21ei	14.097063	0.01	-29	0	747	73	WSPR2	74700	12806	WD_3.3.2-2
2025-11-05 10:36	KF8EEZ	EM79vr	N8VIM	FN42fq	14.097064	0.01	-24	0	1108	69	WSPR2	110800	34823	2.7.0
2025-11-05 10:36	KF8EEZ	EM79vr	WA3NAN	FM19na	14.097104	0.01	-8	0	635	95	WSPR2	63500	48986	2.7.0-rc3
2025-11-05 10:36	KF8EEZ	EM79vr	WA3VPZ	FM19kn	14.09705	0.01	-15	0	607	89	WSPR2	60700	34686	2.5.4
2025-11-05 10:36	KF8EEZ	EM79vr	KA3LNA	FM29dc	14.097079	0.01	-26	0	733	93	WSPR2	73300	18849	2.3.1
2025-11-05 10:46	KF8EEZ	EM79vr	WA2TP	FN30lu	14.097064	0.01	-19	0	955	79	WSPR2	95500	43657	WD_3.2.1
2025-11-05 10:46	KF8EEZ	EM79vr	KD2OM	FN12gx	14.097063	0.01	-18	-1	669	55	WSPR2	66900	32494	WD_3.3.2-2
2025-11-05 10:46	KF8EEZ	EM79vr	N2YCH-1	FN31jg	14.097063	0.01	-20	-1	945	76	WSPR2	94500	40500	WD_3.3.2-2
2025-11-05 10:46	KF8EEZ	EM79vr	UACNJ	FN20mv	14.097063	0.01	-21	-1	795	78	WSPR2	79500	31800	WD_3.3.2-2
2025-11-05 10:46	KF8EEZ	EM79vr	W2NAF-3	FN21ei	14.097063	0.01	-20	0	747	73	WSPR2	74700	32014	WD_3.3.2-2
2025-11-05 10:46	KF8EEZ	EM79vr	W2NAF-2	FN21ei	14.097063	0.01	-22	0	747	73	WSPR2	74700	27746	WD_3.3.2-2
2025-11-05 10:46	KF8EEZ	EM79vr	N8VIM	FN42fq	14.097064	0.01	-19	0	1108	69	WSPR2	110800	50651	2.7.0
2025-11-05 10:46	KF8EEZ	EM79vr	K5XL	EM12kp	14.097063	0.01	-28	0	1399	240	WSPR2	139900	27980	3.0.0-rc1
2025-11-05 10:46	KF8EEZ	EM79vr	KA3LNA	FM29dc	14.097079	0.01	-28	0	733	93	WSPR2	73300	14660	2.3.1
2025-11-05 10:46	KF8EEZ	EM79vr	KC9VNU	EM80ug	14.097073	0.01	-33	-1	1066	170	WSPR2	106600	6091	2.7.0
2025-11-05 10:56	KF8EEZ	EM79vr	VE3EID	FN05gk	14.097087	0.01	-15	1	744	30	WSPR2	74400	42514	CWSL_DIGI
2025-11-05 10:56	KF8EEZ	EM79vr	KD2OM	FN12gx	14.097064	0.01	-14	0	669	55	WSPR2	66900	40140	WD_3.3.2-2
2025-11-05 10:56	KF8EEZ	EM79vr	W2NAF-3	FN21ei	14.097063	0.01	-23	0	747	73	WSPR2	74700	25611	WD_3.3.2-2
2025-11-05 10:56	KF8EEZ	EM79vr	UACNJ	FN20mv	14.097063	0.01	-19	0	795	78	WSPR2	79500	36343	WD_3.3.2-2
2025-11-05 10:56	KF8EEZ	EM79vr	W2NAF-2	FN21ei	14.097063	0.01	-25	0	747	73	WSPR2	74700	21343	WD_3.3.2-2
2025-11-05 10:56	KF8EEZ	EM79vr	KA3LNA	FM29dc	14.097078	0.01	-23	0	733	93	WSPR2	73300	25131	2.3.1
2025-11-05 11:06	KF8EEZ	EM79vr	K6RFT	EM47bg	14.097064	0.01	-20	0	721	250	WSPR2	72100	30900	WD_3.2.3
2025-11-05 11:06	KF8EEZ	EM79vr	WA2TP	FN30lu	14.097063	0.01	-22	0	955	79	WSPR2	95500	35471	WD_3.2.1
2025-11-05 11:06	KF8EEZ	EM79vr	VE3EID	FN05gk	14.097088	0.01	-17	0	744	30	WSPR2	74400	38263	CWSL_DIGI
2025-11-05 11:06	KF8EEZ	EM79vr	KD2OM	FN12gx	14.097063	0.01	-18	0	669	55	WSPR2	66900	32494	WD_3.3.2-2
2025-11-05 11:06	KF8EEZ	EM79vr	WW4ET	FM14bb	14.097071	0.01	-26	0	845	136	WSPR2	84500	21729	2.7.0
2025-11-05 11:06	KF8EEZ	EM79vr	N2YCH-1	FN31jg	14.097063	0.01	-22	0	945	76	WSPR2	94500	35100	WD_3.3.2-2
2025-11-05 11:06	KF8EEZ	EM79vr	UACNJ	FN20mv	14.097064	0.01	-23	0	795	78	WSPR2	79500	27257	WD_3.3.2-2
2025-11-05 11:06	KF8EEZ	EM79vr	W2NAF-3	FN21ei	14.097064	0.01	-24	0	747	73	WSPR2	74700	23477	WD_3.3.2-2
2025-11-05 11:06	KF8EEZ	EM79vr	W2NAF-2	FN21ei	14.097064	0.01	-26	0	747	73	WSPR2	74700	19209	WD_3.3.2-2
2025-11-05 11:06	KF8EEZ	EM79vr	N8VIM	FN42fq	14.097065	0.01	-30	0	1108	69	WSPR2	110800	15829	2.7.0
2025-11-05 11:06	KF8EEZ	EM79vr	WA3VPZ	FM19kn	14.09705	0.01	-10	0	607	89	WSPR2	60700	43357	2.5.4
2025-11-05 11:06	KF8EEZ	EM79vr	KA3LNA	FM29dc	14.097079	0.01	-26	0	733	93	WSPR2	73300	18849	2.3.1
2025-11-05 11:16	KF8EEZ	EM79vr	K6RFT	EM47bg	14.097064	0.01	-18	0	721	250	WSPR2	72100	35020	WD_3.2.3
2025-11-05 11:16	KF8EEZ	EM79vr	WA2TP	FN30lu	14.097064	0.01	-21	0	955	79	WSPR2	95500	38200	WD_3.2.1
2025-11-05 11:16	KF8EEZ	EM79vr	KD2OM	FN12gx	14.097064	0.01	-9	0	669	55	WSPR2	66900	49697	WD_3.3.2-2
2025-11-05 11:16	KF8EEZ	EM79vr	UACNJ	FN20mv	14.097063	0.01	-23	0	795	78	WSPR2	79500	27257	WD_3.3.2-2
2025-11-05 11:16	KF8EEZ	EM79vr	N2YCH-1	FN31jg	14.097063	0.01	-23	0	945	76	WSPR2	94500	32400	WD_3.3.2-2
2025-11-05 11:16	KF8EEZ	EM79vr	W2NAF-3	FN21ei	14.097063	0.01	-24	0	747	73	WSPR2	74700	23477	WD_3.3.2-2
2025-11-05 11:16	KF8EEZ	EM79vr	W2NAF-2	FN21ei	14.097063	0.01	-26	0	747	73	WSPR2	74700	19209	WD_3.3.2-2
2025-11-05 11:16	KF8EEZ	EM79vr	WA3VPZ	FM19kn	14.09705	0.01	-17	0	607	89	WSPR2	60700	31217	2.5.4
2025-11-05 11:16	KF8EEZ	EM79vr	WA9FIO	EN43jt	14.097069	0.01	-25	0	737	310	WSPR2	73700	21057	2.6.1
2025-11-05 11:26	KF8EEZ	EM79vr	VE3EID	FN05gk	14.097088	0.01	-23	0	744	30	WSPR2	74400	25509	CWSL_DIGI
2025-11-05 11:26	KF8EEZ	EM79vr	KD2OM	FN12gx	14.097064	0.01	-11	0	669	55	WSPR2	66900	45874	WD_3.3.2-2
2025-11-05 11:26	KF8EEZ	EM79vr	WA9FIO	EN43jt	14.09707	0.01	-18	0	737	310	WSPR2	73700	35797	2.6.1
2025-11-05 11:36	KF8EEZ	EM79vr	K6RFT	EM47bg	14.097064	0.01	-12	0	721	250	WSPR2	72100	47380	WD_3.2.3
2025-11-05 11:36	KF8EEZ	EM79vr	KD7EFG-1	DN31uo	14.097064	0.01	-28	0	2367	284	WSPR2	236700	47340	WD_3.1.7
2025-11-05 11:36	KF8EEZ	EM79vr	WA2TP	FN30lu	14.097063	0.01	-17	0	955	79	WSPR2	95500	49114	WD_3.2.1
2025-11-05 11:36	KF8EEZ	EM79vr	VE3EID	FN05gk	14.097088	0.01	-17	0	744	30	WSPR2	74400	38263	CWSL_DIGI
2025-11-05 11:36	KF8EEZ	EM79vr	K5MO	FM05	14.097065	0.01	-17	0	656	134	WSPR2	65600	33737	WD_3.2.3
2025-11-05 11:36	KF8EEZ	EM79vr	KD2OM	FN12gx	14.097064	0.01	-2	0	669	55	WSPR2	66900	63077	WD_3.3.2-2
2025-11-05 11:36	KF8EEZ	EM79vr	N2YCH-1	FN31jg	14.097064	0.01	-9	0	945	76	WSPR2	94500	70200	WD_3.3.2-2
2025-11-05 11:36	KF8EEZ	EM79vr	WW4ET	FM14bb	14.097071	0.01	-22	0	845	136	WSPR2	84500	31386	2.7.0
2025-11-05 11:36	KF8EEZ	EM79vr	UACNJ	FN20mv	14.097064	0.01	-9	0	795	78	WSPR2	79500	59057	WD_3.3.2-2
2025-11-05 11:36	KF8EEZ	EM79vr	W2NAF-2	FN21ei	14.097064	0.01	-18	-1	747	73	WSPR2	74700	36283	WD_3.3.2-2
2025-11-05 11:36	KF8EEZ	EM79vr	W2NAF-3	FN21ei	14.097064	0.01	-16	-1	747	73	WSPR2	74700	40551	WD_3.3.2-2
2025-11-05 11:36	KF8EEZ	EM79vr	KD3ALD	FN21ni	14.097064	0.01	-26	-1	809	74	WSPR2	80900	20803	WD_3.3.2-1
2025-11-05 11:36	KF8EEZ	EM79vr	WA3VPZ	FM19kn	14.09705	0.01	-7	0	607	89	WSPR2	60700	48560	2.5.4
2025-11-05 11:36	KF8EEZ	EM79vr	VE6JY	DO33or	14.097079	0.01	-22	0	2648	315	WSPR2	264800	98354	2.7.1-deve
2025-11-05 11:36	KF8EEZ	EM79vr	N8VIM	FN42fq	14.097065	0.01	-20	0	1108	69	WSPR2	110800	47486	2.7.0
2025-11-05 11:36	KF8EEZ	EM79vr	WA9FIO	EN43jt	14.097069	0.01	-13	0	737	310	WSPR2	73700	46326	2.6.1
2025-11-05 11:36	KF8EEZ	EM79vr	KA3LNA	FM29dc	14.097079	0.01	-22	0	733	93	WSPR2	73300	27226	2.3.1
2025-11-05 11:46	KF8EEZ	EM79vr	K6RFT	EM47bg	14.097064	0.01	-20	0	721	250	WSPR2	72100	30900	WD_3.2.3
2025-11-05 11:46	KF8EEZ	EM79vr	WA2TP	FN30lu	14.097064	0.01	-24	0	955	79	WSPR2	95500	30014	WD_3.2.1
2025-11-05 11:46	KF8EEZ	EM79vr	K1RA	FM18cr	14.097099	0.01	-28	0	564	99	WSPR2	56400	11280	CWSL_DIGI
2025-11-05 11:46	KF8EEZ	EM79vr	K5MO	FM05	14.097063	0.01	-21	-1	656	134	WSPR2	65600	26240	WD_3.2.3
2025-11-05 11:46	KF8EEZ	EM79vr	K5KHK	FN13dc	14.097132	0.01	-19	-1	659	53	WSPR2	65900	30126	1.4A Kiwi
2025-11-05 11:46	KF8EEZ	EM79vr	KD2OM	FN12gx	14.097063	0.01	-10	0	669	55	WSPR2	66900	47786	WD_3.3.2-2
2025-11-05 11:46	KF8EEZ	EM79vr	VE3EID	FN05gk	14.097088	0.01	-17	0	744	30	WSPR2	74400	38263	CWSL_DIGI
2025-11-05 11:46	KF8EEZ	EM79vr	K4JK	FM07vs	14.097065	0.01	-9	-1	564	111	WSPR2	56400	41897	WD_3.3.2-2
2025-11-05 11:46	KF8EEZ	EM79vr	UACNJ	FN20mv	14.097064	0.01	-21	0	795	78	WSPR2	79500	31800	WD_3.3.2-2
2025-11-05 11:46	KF8EEZ	EM79vr	K3GMQ	FN20lh	14.097064	0.01	-28	-1	783	82	WSPR2	78300	15660	QMTECH
2025-11-05 11:46	KF8EEZ	EM79vr	N2YCH-1	FN31jg	14.097063	0.01	-23	0	945	76	WSPR2	94500	32400	WD_3.3.2-2
2025-11-05 11:46	KF8EEZ	EM79vr	WW4ET	FM14bb	14.097071	0.01	-25	0	845	136	WSPR2	84500	24143	2.7.0
2025-11-05 11:46	KF8EEZ	EM79vr	W2NAF-2	FN21ei	14.097063	0.01	-29	-1	747	73	WSPR2	74700	12806	WD_3.3.2-2
2025-11-05 11:46	KF8EEZ	EM79vr	W3PM	EM64or	14.097064	0.01	-29	0	601	203	WSPR2	60100	10303	WD_3.3.2-2
2025-11-05 11:46	KF8EEZ	EM79vr	W2NAF-3	FN21ei	14.097063	0.01	-25	0	747	73	WSPR2	74700	21343	WD_3.3.2-2
2025-11-05 11:46	KF8EEZ	EM79vr	WA3VPZ	FM19kn	14.097049	0.01	-14	-1	607	89	WSPR2	60700	36420	2.5.4
2025-11-05 11:46	KF8EEZ	EM79vr	W4BDE	EL89pr	14.097074	0.01	-26	-1	1120	173	WSPR2	112000	28800	2.6.1
2025-11-05 11:46	KF8EEZ	EM79vr	N8VIM	FN42fq	14.097065	0.01	-24	-1	1108	69	WSPR2	110800	34823	2.7.0
2025-11-05 11:46	KF8EEZ	EM79vr	K5XL	EM12kp	14.097063	0.01	-30	0	1399	240	WSPR2	139900	19986	3.0.0-rc1
2025-11-05 11:46	KF8EEZ	EM79vr	VE6JY	DO33or	14.097078	0.01	-31	-1	2648	315	WSPR2	264800	30263	2.7.1-deve
2025-11-05 11:46	KF8EEZ	EM79vr	KA3LNA	FM29dc	14.097079	0.01	-24	0	733	93	WSPR2	73300	23037	2.3.1
2025-11-05 11:56	KF8EEZ	EM79vr	WD4ELG	FM06be	14.097065	0.01	-18	0	547	135	WSPR2	54700	26569	WD_3.3.2-1
2025-11-05 11:56	KF8EEZ	EM79vr	K1RA	FM18cr	14.097098	0.01	-19	0	564	99	WSPR2	56400	25783	CWSL_DIGI
2025-11-05 11:56	KF8EEZ	EM79vr	WA2TP	FN30lu	14.097063	0.01	-15	0	955	79	WSPR2	95500	54571	WD_3.2.1
2025-11-05 11:56	KF8EEZ	EM79vr	K5MO	FM05	14.097064	0.01	-20	0	656	134	WSPR2	65600	28114	WD_3.2.3
2025-11-05 11:56	KF8EEZ	EM79vr	VE3EID	FN05gk	14.097088	0.01	-16	-1	744	30	WSPR2	74400	40389	CWSL_DIGI
2025-11-05 11:56	KF8EEZ	EM79vr	KD2OM	FN12gx	14.097063	0.01	-2	-1	669	55	WSPR2	66900	63077	WD_3.3.2-2
2025-11-05 11:56	KF8EEZ	EM79vr	K1RA-PI	FM18cr	14.097064	0.01	-19	-1	564	99	WSPR2	56400	25783	DS_0.35.1
2025-11-05 11:56	KF8EEZ	EM79vr	W3OA	EM95mn	14.096998	0.01	-15	0	544	147	WSPR2	54400	31086	CWSL_DIGI
2025-11-05 11:56	KF8EEZ	EM79vr	N2YCH-1	FN31jg	14.097064	0.01	-16	0	945	76	WSPR2	94500	51300	WD_3.3.2-2
2025-11-05 11:56	KF8EEZ	EM79vr	UACNJ	FN20mv	14.097063	0.01	-18	-1	795	78	WSPR2	79500	38614	WD_3.3.2-2
2025-11-05 11:56	KF8EEZ	EM79vr	K4JK	FM07vs	14.097061	0.01	-1	-1	564	111	WSPR2	56400	54789	WD_3.3.2-2
2025-11-05 11:56	KF8EEZ	EM79vr	W2NAF-3	FN21ei	14.097063	0.01	-19	-1	747	73	WSPR2	74700	34149	WD_3.3.2-2
2025-11-05 11:56	KF8EEZ	EM79vr	W3PM	EM64or	14.097064	0.01	-17	0	601	203	WSPR2	60100	30909	WD_3.3.2-2
2025-11-05 11:56	KF8EEZ	EM79vr	WA3VPZ	FM19kn	14.097049	0.01	-13	0	607	89	WSPR2	60700	38154	2.5.4
2025-11-05 11:56	KF8EEZ	EM79vr	W2NAF-2	FN21ei	14.097063	0.01	-22	-1	747	73	WSPR2	74700	27746	WD_3.3.2-2
2025-11-05 11:56	KF8EEZ	EM79vr	VE6JY	DO33or	14.09708	0.01	-20	0	2648	315	WSPR2	264800	113486	2.7.1-deve
2025-11-05 11:56	KF8EEZ	EM79vr	K4KR	EM74	14.097095	0.01	-19	-1	588	187	WSPR2	58800	26880	2.7.0
2025-11-05 11:56	KF8EEZ	EM79vr	KA3LNA	FM29dc	14.097078	0.01	-22	-1	733	93	WSPR2	73300	27226	2.3.1
2025-11-05 12:06	KF8EEZ	EM79vr	WD4ELG	FM06be	14.097065	0.01	-24	0	547	135	WSPR2	54700	17191	WD_3.3.2-1
2025-11-05 12:06	KF8EEZ	EM79vr	K5KHK	FN13dc	14.097132	0.01	-25	0	659	53	WSPR2	65900	18829	1.4A Kiwi
2025-11-05 12:06	KF8EEZ	EM79vr	WA2TP	FN30lu	14.097064	0.01	-28	0	955	79	WSPR2	95500	19100	WD_3.2.1
2025-11-05 12:06	KF8EEZ	EM79vr	VE3EID	FN05gk	14.097088	0.01	-26	0	744	30	WSPR2	74400	19131	CWSL_DIGI
2025-11-05 12:06	KF8EEZ	EM79vr	K5MO	FM05	14.097064	0.01	-26	0	656	134	WSPR2	65600	16869	WD_3.2.3
2025-11-05 12:06	KF8EEZ	EM79vr	KD2OM	FN12gx	14.097063	0.01	-31	0	669	55	WSPR2	66900	7646	WD_3.3.2-2
2025-11-05 12:06	KF8EEZ	EM79vr	W3PM	EM64or	14.097063	0.01	-30	-1	601	203	WSPR2	60100	8586	WD_3.3.2-2
2025-11-05 12:06	KF8EEZ	EM79vr	W3OA	EM95mn	14.096998	0.01	-21	0	544	147	WSPR2	54400	21760	CWSL_DIGI
2025-11-05 12:06	KF8EEZ	EM79vr	WW4ET	FM14bb	14.097071	0.01	-29	0	845	136	WSPR2	84500	14486	2.7.0
2025-11-05 12:06	KF8EEZ	EM79vr	N2YCH-1	FN31jg	14.097063	0.01	-25	0	945	76	WSPR2	94500	27000	WD_3.3.2-2
2025-11-05 12:06	KF8EEZ	EM79vr	K4JK	FM07vs	14.09706	0.01	-12	0	564	111	WSPR2	56400	37063	WD_3.3.2-2
2025-11-05 12:06	KF8EEZ	EM79vr	UACNJ	FN20mv	14.097063	0.01	-24	0	795	78	WSPR2	79500	24986	WD_3.3.2-2
2025-11-05 12:06	KF8EEZ	EM79vr	W2NAF-3	FN21ei	14.097063	0.01	-23	0	747	73	WSPR2	74700	25611	WD_3.3.2-2
2025-11-05 12:06	KF8EEZ	EM79vr	W2NAF-2	FN21ei	14.097063	0.01	-27	0	747	73	WSPR2	74700	17074	WD_3.3.2-2
2025-11-05 12:06	KF8EEZ	EM79vr	WA3VPZ	FM19kn	14.097049	0.01	-23	0	607	89	WSPR2	60700	20811	2.5.4
2025-11-05 12:06	KF8EEZ	EM79vr	N8VIM	FN42fq	14.097064	0.01	-27	0	1108	69	WSPR2	110800	25326	2.7.0
2025-11-05 12:06	KF8EEZ	EM79vr	KA3LNA	FM29dc	14.097079	0.01	-29	0	733	93	WSPR2	73300	12566	2.3.1
2025-11-05 12:16	KF8EEZ	EM79vr	K5KHK	FN13dc	14.097132	0.01	-23	0	659	53	WSPR2	65900	22594	1.4A Kiwi
2025-11-05 12:16	KF8EEZ	EM79vr	WA2TP	FN30lu	14.097063	0.01	-14	0	955	79	WSPR2	95500	57300	WD_3.2.1
2025-11-05 12:16	KF8EEZ	EM79vr	K5MO	FM05	14.097064	0.01	-19	0	656	134	WSPR2	65600	29989	WD_3.2.3
2025-11-05 12:16	KF8EEZ	EM79vr	KD2OM	FN12gx	14.097064	0.01	-8	0	669	55	WSPR2	66900	51609	WD_3.3.2-2
2025-11-05 12:16	KF8EEZ	EM79vr	N2YCH-1	FN31jg	14.097064	0.01	-14	0	945	76	WSPR2	94500	56700	WD_3.3.2-2
2025-11-05 12:16	KF8EEZ	EM79vr	UACNJ	FN20mv	14.097064	0.01	-16	0	795	78	WSPR2	79500	43157	WD_3.3.2-2
2025-11-05 12:16	KF8EEZ	EM79vr	W2NAF-3	FN21ei	14.097063	0.01	-18	0	747	73	WSPR2	74700	36283	WD_3.3.2-2
2025-11-05 12:16	KF8EEZ	EM79vr	W2NAF-2	FN21ei	14.097064	0.01	-21	0	747	73	WSPR2	74700	29880	WD_3.3.2-2
2025-11-05 12:16	KF8EEZ	EM79vr	WA3VPZ	FM19kn	14.097049	0.01	-16	0	607	89	WSPR2	60700	32951	2.5.4
2025-11-05 12:16	KF8EEZ	EM79vr	KA3LNA	FM29dc	14.097079	0.01	-22	0	733	93	WSPR2	73300	27226	2.3.1
2025-11-05 12:26	KF8EEZ	EM79vr	VE3EID	FN05gk	14.097088	0.01	-21	0	744	30	WSPR2	74400	29760	CWSL_DIGI
2025-11-05 12:26	KF8EEZ	EM79vr	K5MO	FM05	14.097063	0.01	-23	0	656	134	WSPR2	65600	22491	WD_3.2.3
2025-11-05 12:26	KF8EEZ	EM79vr	KD2OM	FN12gx	14.097063	0.01	-12	0	669	55	WSPR2	66900	43963	WD_3.3.2-2
2025-11-05 12:26	KF8EEZ	EM79vr	WW4ET	FM14bb	14.097071	0.01	-29	0	845	136	WSPR2	84500	14486	2.7.0
2025-11-05 12:26	KF8EEZ	EM79vr	N2YCH-1	FN31jg	14.097063	0.01	-19	0	945	76	WSPR2	94500	43200	WD_3.3.2-2
2025-11-05 12:26	KF8EEZ	EM79vr	UACNJ	FN20mv	14.097063	0.01	-22	0	795	78	WSPR2	79500	29529	WD_3.3.2-2
2025-11-05 12:26	KF8EEZ	EM79vr	W2NAF-3	FN21ei	14.097063	0.01	-21	0	747	73	WSPR2	74700	29880	WD_3.3.2-2
2025-11-05 12:26	KF8EEZ	EM79vr	W2NAF-2	FN21ei	14.097064	0.01	-24	0	747	73	WSPR2	74700	23477	WD_3.3.2-2
2025-11-05 12:26	KF8EEZ	EM79vr	N8VIM	FN42fq	14.097064	0.01	-25	0	1108	69	WSPR2	110800	31657	2.7.0
2025-11-05 12:26	KF8EEZ	EM79vr	NA1S	FN31jp	14.097073	0.01	-25	0	951	74	WSPR2	95100	27171	2.6.1
2025-11-05 12:26	KF8EEZ	EM79vr	KA3LNA	FM29dc	14.097078	0.01	-25	0	733	93	WSPR2	73300	20943	2.3.1
2025-11-05 12:36	KF8EEZ	EM79vr	WA2TP	FN30lu	14.097064	0.01	-13	0	955	79	WSPR2	95500	60029	WD_3.2.1
2025-11-05 12:36	KF8EEZ	EM79vr	VE3EID	FN05gk	14.097088	0.01	-21	-1	744	30	WSPR2	74400	29760	CWSL_DIGI
2025-11-05 12:36	KF8EEZ	EM79vr	AA4PG	EM63pm	14.097063	0.01	-24	0	725	199	WSPR2	72500	22786	1.4A Kiwi
2025-11-05 12:36	KF8EEZ	EM79vr	K5MO	FM05	14.097063	0.01	-16	0	656	134	WSPR2	65600	35611	WD_3.2.3
2025-11-05 12:36	KF8EEZ	EM79vr	UACNJ	FN20mv	14.097064	0.01	-18	0	795	78	WSPR2	79500	38614	WD_3.3.2-2
2025-11-05 12:36	KF8EEZ	EM79vr	W2NAF-2	FN21ei	14.097063	0.01	-22	-1	747	73	WSPR2	74700	27746	WD_3.3.2-2
2025-11-05 12:36	KF8EEZ	EM79vr	W2NAF-3	FN21ei	14.097064	0.01	-17	0	747	73	WSPR2	74700	38417	WD_3.3.2-2
2025-11-05 12:36	KF8EEZ	EM79vr	N8VIM	FN42fq	14.097064	0.01	-17	0	1108	69	WSPR2	110800	56983	2.7.0
2025-11-05 12:36	KF8EEZ	EM79vr	WA3VPZ	FM19kn	14.09705	0.01	-29	0	607	89	WSPR2	60700	10406	2.5.4
2025-11-05 12:36	KF8EEZ	EM79vr	WA3NAN	FM19na	14.097105	0.01	-8	0	635	95	WSPR2	63500	48986	2.7.0-rc3
2025-11-05 12:36	KF8EEZ	EM79vr	KA3LNA	FM29dc	14.097078	0.01	-17	0	733	93	WSPR2	73300	37697	2.3.1
2025-11-06 08:56	KF8EEZ	EM79vr	WA3NAN	FM19na	14.097107	0.01	-23	0	635	95	WSPR2	63500	21771	2.7.0-rc3
2025-11-06 09:06	KF8EEZ	EM79vr	KD2OM	FN12gx	14.097065	0.01	-31	0	669	55	WSPR2	66900	7646	WD_3.3.2-2
2025-11-06 10:26	KF8EEZ	EM79vr	WD4ELG	FM06be	14.097065	0.01	-19	-1	547	135	WSPR2	54700	25006	WD_3.3.2-1
2025-11-06 10:26	KF8EEZ	EM79vr	WA2TP	FN30lu	14.097065	0.01	-13	0	955	79	WSPR2	95500	60029	WD_3.2.1
2025-11-06 10:26	KF8EEZ	EM79vr	KD2OM	FN12gx	14.097063	0.01	-8	0	669	55	WSPR2	66900	51609	WD_3.3.2-2
2025-11-06 10:26	KF8EEZ	EM79vr	W4BDE	EL89pr	14.097075	0.01	-18	0	1120	173	WSPR2	112000	54400	2.6.1
2025-11-06 10:26	KF8EEZ	EM79vr	N2YCH-1	FN31jg	14.097064	0.01	-9	-1	945	76	WSPR2	94500	70200	WD_3.3.2-2
2025-11-06 10:26	KF8EEZ	EM79vr	UACNJ	FN20mv	14.097065	0.01	-17	1	795	78	WSPR2	79500	40886	WD_3.3.2-2
2025-11-06 10:26	KF8EEZ	EM79vr	W3PM	EM64or	14.097065	0.01	-23	3	601	203	WSPR2	60100	20606	WD_3.3.2-2
2025-11-06 10:26	KF8EEZ	EM79vr	WA3VPZ	FM19kn	14.097049	0.01	-18	-1	607	89	WSPR2	60700	29483	2.5.4
2025-11-06 10:26	KF8EEZ	EM79vr	WA9FIO	EN43jt	14.09707	0.01	-16	1	737	310	WSPR2	73700	40009	2.6.1
2025-11-06 10:26	KF8EEZ	EM79vr	N8VIM	FN42fq	14.097065	0.01	-12	0	1108	69	WSPR2	110800	72811	2.7.0
2025-11-06 10:26	KF8EEZ	EM79vr	W3HH	EL89vb	14.09708	0.01	-19	1	1200	171	WSPR2	120000	54857	2.6.1
2025-11-06 10:26	KF8EEZ	EM79vr	KC9VNU	EM80ug	14.097075	0.01	-27	0	1066	170	WSPR2	106600	24366	2.7.0
2025-11-06 10:26	KF8EEZ	EM79vr	KA3LNA	FM29dc	14.09708	0.01	-21	0	733	93	WSPR2	73300	29320	2.3.1
2025-11-06 10:26	KF8EEZ	EM79vr	K5XL	EM12kp	14.097064	0.01	-15	1	1399	240	WSPR2	139900	79943	3.0.0-rc1
2025-11-06 10:36	KF8EEZ	EM89	N2YCH	FN31jg	14.097064	0.01	-15	1	856	73	WSPR2	85600	48914	WD_3.3.2-2
2025-11-06 10:36	KF8EEZ	EM89	WA2TP	FN30lu	14.097065	0.01	-16	0	863	77	WSPR2	86300	46849	WD_3.2.1
2025-11-06 10:36	KF8EEZ	EM89	VE3EID	FN05gk	14.097084	0.01	-16	0	725	23	WSPR2	72500	39357	CWSL_DIGI
2025-11-06 10:36	KF8EEZ	EM89	N8GA	EN80ee	14.097064	0.01	-5	1	93	328	WSPR2	9300	7971	WD_3.3.2-1
2025-11-06 10:36	KF8EEZ	EM89	KD2OM	FN12gx	14.097063	0.01	-4	-2	608	48	WSPR2	60800	53851	WD_3.3.2-2
2025-11-06 10:36	KF8EEZ	EM89	N2YCH-1	FN31jg	14.097063	0.01	-16	-3	856	73	WSPR2	85600	46469	WD_3.3.2-2
2025-11-06 10:36	KF8EEZ	EM89	K3GMQ-B	FN20lh	14.097064	0.01	-17	1	688	80	WSPR2	68800	35383	WD_3.3.2-2
2025-11-06 10:36	KF8EEZ	EM89	N8VIM	FN42fq	14.097065	0.01	-16	0	1027	66	WSPR2	102700	55751	2.7.0
2025-11-06 10:36	KF8EEZ	EM89	WA3NAN	FM19na	14.097105	0.01	-19	0	533	94	WSPR2	53300	24366	2.7.0-rc3
2025-11-06 10:36	KF8EEZ	EM89	K5XL	EM12kp	14.097063	0.01	-11	-1	1474	243	WSPR2	147400	101074	3.0.0-rc1
2025-11-06 10:46	KF8EEZ	EM89	K6RFT	EM47bg	14.097064	0.01	-11	0	808	255	WSPR2	80800	55406	WD_3.2.3
2025-11-06 10:46	KF8EEZ	EM89	N2YCH	FN31jg	14.097065	0.01	-9	0	856	73	WSPR2	85600	63589	WD_3.3.2-2
2025-11-06 10:46	KF8EEZ	EM89	KD7EFG-1	DN31uo	14.097064	0.01	-18	0	2471	285	WSPR2	247100	120020	WD_3.1.7
2025-11-06 10:46	KF8EEZ	EM89	K5TR	EM00uf	14.097143	0.01	-13	0	1726	238	WSPR2	172600	108491	CWSL_DIGI
2025-11-06 10:46	KF8EEZ	EM89	WA2TP	FN30lu	14.097065	0.01	-7	0	863	77	WSPR2	86300	69040	WD_3.2.1
2025-11-06 10:46	KF8EEZ	EM89	K9IMM	EN52cv	14.097047	0.01	-26	0	680	306	WSPR2	68000	17486	CWSL_DIGI
2025-11-06 10:46	KF8EEZ	EM89	WW4ET	FM14bb	14.097072	0.01	-17	0	758	141	WSPR2	75800	38983	2.7.0
2025-11-06 10:46	KF8EEZ	EM89	VE3EID	FN05gk	14.097084	0.01	-15	0	725	23	WSPR2	72500	41429	CWSL_DIGI
2025-11-06 10:46	KF8EEZ	EM89	N8GA	EN80ee	14.097064	0.01	0	0	93	328	WSPR2	9300	9300	WD_3.3.2-1
2025-11-06 10:46	KF8EEZ	EM89	KD2OM	FN12gx	14.097064	0.01	-3	0	608	48	WSPR2	60800	55589	WD_3.3.2-2
2025-11-06 10:46	KF8EEZ	EM89	K5KHK	FN13dc	14.097133	0.01	-10	0	601	46	WSPR2	60100	42929	1.4A Kiwi
2025-11-06 10:46	KF8EEZ	EM89	W2KGY	FN31aj	14.097065	0.01	-22	0	797	72	WSPR2	79700	29603	WD_3.3.2-2
2025-11-06 10:46	KF8EEZ	EM89	N2YCH-1	FN31jg	14.097065	0.01	-9	0	856	73	WSPR2	85600	63589	WD_3.3.2-2
2025-11-06 10:46	KF8EEZ	EM89	K3GMQ-B	FN20lh	14.097064	0.01	-11	0	688	80	WSPR2	68800	47177	WD_3.3.2-2
2025-11-06 10:46	KF8EEZ	EM89	N6GN5	DN70jo	14.097052	0.01	-13	0	1886	281	WSPR2	188600	118549	WD_3.3.2-2
2025-11-06 10:46	KF8EEZ	EM89	K3GMQ	FN20lh	14.097065	0.01	-25	0	688	80	WSPR2	68800	19657	QMTECH
2025-11-06 10:46	KF8EEZ	EM89	UACNJ	FN20mv	14.097065	0.01	-10	0	704	74	WSPR2	70400	50286	WD_3.3.2-2
2025-11-06 10:46	KF8EEZ	EM89	AC0G/B2	EM38ww	14.097064	0.01	-10	0	785	268	WSPR2	78500	56071	WD_3.3.2-2
2025-11-06 10:46	KF8EEZ	EM89	W4BDE	EL89pr	14.097075	0.01	-10	0	1085	178	WSPR2	108500	77500	2.6.1
2025-11-06 10:46	KF8EEZ	EM89	KC2G	FN21wa	14.097065	0.01	-14	0	776	74	WSPR2	77600	46560	WD_3.3.2-2
2025-11-06 10:46	KF8EEZ	EM89	W2NAF-3	FN21ei	14.097065	0.01	-16	0	661	69	WSPR2	66100	35883	WD_3.3.2-2
2025-11-06 10:46	KF8EEZ	EM89	AC0G/ND	EN16ov	14.097063	0.01	-19	0	1383	311	WSPR2	138300	63223	WD_3.3.2-2
2025-11-06 10:46	KF8EEZ	EM89	W2NAF-2	FN21ei	14.097065	0.01	-21	0	661	69	WSPR2	66100	26440	WD_3.3.2-2
2025-11-06 10:46	KF8EEZ	EM89	KD3ALD	FN21ni	14.097065	0.01	-23	0	722	71	WSPR2	72200	24754	WD_3.3.2-1
2025-11-06 10:46	KF8EEZ	EM89	N3AGE-2	FN30hw	14.097065	0.01	-19	0	836	76	WSPR2	83600	38217	WD_3.3.2-2
2025-11-06 10:46	KF8EEZ	EM89	KE4IP	EM73sx	14.097062	0.01	-21	0	624	192	WSPR2	62400	24960	v1.2.28
2025-11-06 10:46	KF8EEZ	EM89	KG6NFJ	EM79wp	14.097065	0.01	-23	0	95	282	WSPR2	9500	3257	v1.2.72
2025-11-06 10:46	KF8EEZ	EM89	KC9GHZ	EN62bk	14.097067	0.01	-15	0	522	311	WSPR2	52200	29829	v1.2.93
2025-11-06 10:46	KF8EEZ	EM89	N8VIM	FN42fq	14.097066	0.01	-12	0	1027	66	WSPR2	102700	67489	2.7.0
2025-11-06 10:46	KF8EEZ	EM89	W3SP	EM73	14.097063	0.01	-19	0	691	196	WSPR2	69100	31589	2.7.0
2025-11-06 10:46	KF8EEZ	EM89	KX4AZ/T	EN74gc	14.097064	0.01	-22	0	552	340	WSPR2	55200	20503	2.6.1
2025-11-06 10:46	KF8EEZ	EM89	WA9FIO	EN43jt	14.09707	0.01	-13	0	832	308	WSPR2	83200	52297	2.6.1
2025-11-06 10:46	KF8EEZ	EM89	VE6JY	DO33or	14.097079	0.01	-23	0	2738	315	WSPR2	273800	93874	2.7.1-deve
2025-11-06 10:46	KF8EEZ	EM89	KE7A	EM12kx	14.097071	0.01	-24	0	1453	245	WSPR2	145300	45666	2.7.0
2025-11-06 10:46	KF8EEZ	EM89	KQ2Y	FN31gn	14.097067	0.01	-17	0	842	71	WSPR2	84200	43303	v1.2.94
2025-11-06 10:46	KF8EEZ	EM89	VE3IIM	EN94ld	14.097082	0.01	-22	-1	545	17	WSPR2	54500	20243	2.7.0
2025-11-06 10:46	KF8EEZ	EM89	VA3HKW	EN94	14.097088	0.01	-21	-1	580	16	WSPR2	58000	23200	2.7.0
2025-11-06 10:46	KF8EEZ	EM89	KA3LNA	FM29dc	14.09708	0.01	-15	0	632	91	WSPR2	63200	36114	2.3.1
2025-11-06 10:46	KF8EEZ	EM89	N9AGL	EN62ad	14.09709	0.01	-17	0	509	307	WSPR2	50900	26177	2.6.1
2025-11-06 10:46	KF8EEZ	EM89	K9REO	EN53gb	14.097063	0.01	-27	0	668	309	WSPR2	66800	15269	2.6.1
2025-11-06 10:46	KF8EEZ	EM89	AJ8S	EM89bt	14.097065	0.01	-3	0	80	298	WSPR2	8000	7314	2.7.0
2025-11-06 10:46	KF8EEZ	EM89	VE3NM	FN14	14.09707	0.01	-24	0	745	40	WSPR2	74500	23414	2.2.159
2025-11-06 10:56	KF8EEZ	EM89	KD7EFG-1	DN31uo	14.097064	0.01	-10	0	2471	285	WSPR2	247100	176500	WD_3.1.7
2025-11-06 10:56	KF8EEZ	EM89	K6RFT	EM47bg	14.097064	0.01	-8	0	808	255	WSPR2	80800	62331	WD_3.2.3
2025-11-06 10:56	KF8EEZ	EM89	K5KHK	FN13dc	14.097134	0.01	-11	0	601	46	WSPR2	60100	41211	1.4A Kiwi
2025-11-06 10:56	KF8EEZ	EM89	N2YCH	FN31jg	14.097065	0.01	-5	0	856	73	WSPR2	85600	73371	WD_3.3.2-2
2025-11-06 10:56	KF8EEZ	EM89	AF7KR	DM45dg	14.097065	0.01	-23	0	2565	269	WSPR2	256500	87943	WD_3.3.2-1
2025-11-06 10:56	KF8EEZ	EM89	WZ7I	FN20kk	14.097069	0.01	-25	0	683	78	WSPR2	68300	19514	CWSL_DIGI
2025-11-06 10:56	KF8EEZ	EM89	VE3EID	FN05gk	14.097085	0.01	-13	0	725	23	WSPR2	72500	45571	CWSL_DIGI
2025-11-06 10:56	KF8EEZ	EM89	WA2TP	FN30lu	14.097066	0.01	-6	0	863	77	WSPR2	86300	71506	WD_3.2.1
2025-11-06 10:56	KF8EEZ	EM89	K5MO	FM05	14.097064	0.01	-24	0	568	140	WSPR2	56800	17851	WD_3.2.3
2025-11-06 10:56	KF8EEZ	EM89	W2KGY	FN31aj	14.097065	0.01	-18	0	797	72	WSPR2	79700	38711	WD_3.3.2-2
2025-11-06 10:56	KF8EEZ	EM89	N8GA	EN80ee	14.097064	0.01	2	0	93	328	WSPR2	9300	9831	WD_3.3.2-1
2025-11-06 10:56	KF8EEZ	EM89	WW4ET	FM14bb	14.097073	0.01	-23	0	758	141	WSPR2	75800	25989	2.7.0
2025-11-06 10:56	KF8EEZ	EM89	KD2OM	FN12gx	14.097065	0.01	-1	0	608	48	WSPR2	60800	59063	WD_3.3.2-2
2025-11-06 10:56	KF8EEZ	EM89	N2YCH-1	FN31jg	14.097065	0.01	-5	0	856	73	WSPR2	85600	73371	WD_3.3.2-2
2025-11-06 10:56	KF8EEZ	EM89	AC0G/B2	EM38ww	14.097064	0.01	-7	0	785	268	WSPR2	78500	62800	WD_3.3.2-2
2025-11-06 10:56	KF8EEZ	EM89	W4BDE	EL89pr	14.097076	0.01	-15	0	1085	178	WSPR2	108500	62000	2.6.1
2025-11-06 10:56	KF8EEZ	EM89	W3PM	EM64or	14.097064	0.01	-22	0	624	213	WSPR2	62400	23177	WD_3.3.2-2
2025-11-06 10:56	KF8EEZ	EM89	AC0G/ND	EN16ov	14.097064	0.01	-17	0	1383	311	WSPR2	138300	71126	WD_3.3.2-2
2025-11-06 10:56	KF8EEZ	EM89	K3GMQ-B	FN20lh	14.097065	0.01	-13	0	688	80	WSPR2	68800	43246	WD_3.3.2-2
2025-11-06 10:56	KF8EEZ	EM89	UACNJ	FN20mv	14.097065	0.01	-8	0	704	74	WSPR2	70400	54309	WD_3.3.2-2
2025-11-06 10:56	KF8EEZ	EM89	K3GMQ	FN20lh	14.097065	0.01	-23	0	688	80	WSPR2	68800	23589	QMTECH
2025-11-06 10:56	KF8EEZ	EM89	K5TR	EM00uf	14.097147	0.01	-16	-2	1726	238	WSPR2	172600	93697	CWSL_DIGI
2025-11-06 10:56	KF8EEZ	EM89	KC2G	FN21wa	14.097065	0.01	-15	0	776	74	WSPR2	77600	44343	WD_3.3.2-2
2025-11-06 10:56	KF8EEZ	EM89	N3AGE-2	FN30hw	14.097065	0.01	-20	0	836	76	WSPR2	83600	35829	WD_3.3.2-2
2025-11-06 10:56	KF8EEZ	EM89	KD3ALD	FN21ni	14.097065	0.01	-23	0	722	71	WSPR2	72200	24754	WD_3.3.2-1
2025-11-06 10:56	KF8EEZ	EM89	W2NAF-2	FN21ei	14.097065	0.01	-16	0	661	69	WSPR2	66100	35883	WD_3.3.2-2
2025-11-06 10:56	KF8EEZ	EM89	W2NAF-3	FN21ei	14.097065	0.01	-13	0	661	69	WSPR2	66100	41549	WD_3.3.2-2
2025-11-06 10:56	KF8EEZ	EM89	W1XP	FN42fo	14.097065	0.01	-23	0	1024	66	WSPR2	102400	35109	WD_3.3.2-2
2025-11-06 10:56	KF8EEZ	EM89	KE4IP	EM73sx	14.097062	0.01	-19	0	624	192	WSPR2	62400	28526	v1.2.28
2025-11-06 10:56	KF8EEZ	EM89	FN41RY	FN41ks	14.097075	0.01	-23	0	1037	72	WSPR2	103700	35554	v1.2.97
2025-11-06 10:56	KF8EEZ	EM89	W3HH	EL89vb	14.097079	0.01	-18	0	1161	176	WSPR2	116100	56391	2.6.1
2025-11-06 10:56	KF8EEZ	EM89	N8VIM	FN42fq	14.097066	0.01	-11	0	1027	66	WSPR2	102700	70423	2.7.0
2025-11-06 10:56	KF8EEZ	EM89	KC9GHZ	EN62bk	14.097067	0.01	-14	0	522	311	WSPR2	52200	31320	v1.2.93
2025-11-06 10:56	KF8EEZ	EM89	VA3HKW	EN94	14.097088	0.01	-24	0	580	16	WSPR2	58000	18229	2.7.0
2025-11-06 10:56	KF8EEZ	EM89	KG6NFJ	EM79wp	14.097066	0.01	-20	0	95	282	WSPR2	9500	4071	v1.2.72
2025-11-06 10:56	KF8EEZ	EM89	AE5AU	EM34rq	14.097066	0.01	-15	0	996	241	WSPR2	99600	56914	SparkSDR
2025-11-06 10:56	KF8EEZ	EM89	K4COD	EM73sc	14.097064	0.01	-19	0	720	191	WSPR2	72000	32914	2.6.0
2025-11-06 10:56	KF8EEZ	EM89	WA9FIO	EN43jt	14.097069	0.01	-14	0	832	308	WSPR2	83200	49920	2.6.1
2025-11-06 10:56	KF8EEZ	EM89	KQ2Y	FN31gn	14.097068	0.01	-11	0	842	71	WSPR2	84200	57737	v1.2.94
2025-11-06 10:56	KF8EEZ	EM89	KC9VNU	EM80ug	14.097076	0.01	-24	0	1026	176	WSPR2	102600	32246	2.7.0
2025-11-06 10:56	KF8EEZ	EM89	VE3NM	FN14	14.097071	0.01	-25	0	745	40	WSPR2	74500	21286	2.2.159
2025-11-06 10:56	KF8EEZ	EM89	KX4AZ/T	EN74gc	14.097065	0.01	-12	0	552	340	WSPR2	55200	36274	2.6.1
2025-11-06 10:56	KF8EEZ	EM89	KE8MYP	EM79ti	14.097061	0.01	0	0	115	264	WSPR2	11500	11500	2.7.0
2025-11-06 10:56	KF8EEZ	EM89	SWLKCL	FN04	14.097064	0.01	-27	0	647	29	WSPR2	64700	14789	2.3.0
2025-11-06 10:56	KF8EEZ	EM89	KM4RK	EM93td	14.09708	0.01	-13	0	744	160	WSPR2	74400	46766	2.6.1
2025-11-06 10:56	KF8EEZ	EM89	KA3LNA	FM29dc	14.097081	0.01	-14	0	632	91	WSPR2	63200	37920	2.3.1
2025-11-06 10:56	KF8EEZ	EM89	AJ8S	EM89bt	14.097066	0.01	-1	0	80	298	WSPR2	8000	7771	2.7.0
2025-11-06 10:56	KF8EEZ	EM89	N9AGL	EN62ad	14.09709	0.01	-21	0	509	307	WSPR2	50900	20360	2.6.1
2025-11-06 10:56	KF8EEZ	EM89	KC0KVR	EM48rp	14.097065	0.01	-21	0	654	264	WSPR2	65400	26160	2.6.1
2025-11-06 10:56	KF8EEZ	EM89	K5XL	EM12kp	14.097064	0.01	-14	0	1474	243	WSPR2	147400	88440	3.0.0-rc1
2025-11-06 11:06	KF8EEZ	EM89	W3PM	EM64or	14.097065	0.01	-20	0	624	213	WSPR2	62400	26743	WD_3.3.2-2
2025-11-06 11:06	KF8EEZ	EM89	N6GN5	DN70jo	14.097061	0.01	-14	1	1886	281	WSPR2	188600	113160	WD_3.3.2-2
2025-11-06 11:06	KF8EEZ	EM89	AC0G/ND	EN16ov	14.097064	0.01	-23	0	1383	311	WSPR2	138300	47417	WD_3.3.2-2
2025-11-06 11:06	KF8EEZ	EM89	KD3ALD	FN21ni	14.097065	0.01	-23	0	722	71	WSPR2	72200	24754	WD_3.3.2-1
2025-11-06 11:06	KF8EEZ	EM89	K3GMQ-B	FN20lh	14.097065	0.01	-11	0	688	80	WSPR2	68800	47177	WD_3.3.2-2
2025-11-06 11:06	KF8EEZ	EM89	UACNJ	FN20mv	14.097065	0.01	-11	0	704	74	WSPR2	70400	48274	WD_3.3.2-2
2025-11-06 11:06	KF8EEZ	EM89	N2YCH-1	FN31jg	14.097065	0.01	-11	0	856	73	WSPR2	85600	58697	WD_3.3.2-2
2025-11-06 11:06	KF8EEZ	EM89	KC2G	FN21wa	14.097065	0.01	-16	0	776	74	WSPR2	77600	42126	WD_3.3.2-2
2025-11-06 11:06	KF8EEZ	EM89	N3AGE-2	FN30hw	14.097065	0.01	-16	0	836	76	WSPR2	83600	45383	WD_3.3.2-2
2025-11-06 11:06	KF8EEZ	EM89	W2NAF-2	FN21ei	14.097065	0.01	-16	0	661	69	WSPR2	66100	35883	WD_3.3.2-2
2025-11-06 11:06	KF8EEZ	EM89	WW4ET	FM14bb	14.097073	0.01	-19	0	758	141	WSPR2	75800	34651	2.7.0
2025-11-06 11:06	KF8EEZ	EM89	FN41RY	FN41ks	14.097075	0.01	-22	0	1037	72	WSPR2	103700	38517	v1.2.97
2025-11-06 11:06	KF8EEZ	EM89	W2NAF-3	FN21ei	14.097065	0.01	-14	0	661	69	WSPR2	66100	39660	WD_3.3.2-2
2025-11-06 11:06	KF8EEZ	EM89	SWLFNS	FN20hu	14.097066	0.01	-19	0	669	74	WSPR2	66900	30583	1.4A Kiwi
2025-11-06 11:06	KF8EEZ	EM89	W4BDE	EL89pr	14.097076	0.01	-14	0	1085	178	WSPR2	108500	65100	2.6.1
2025-11-06 11:06	KF8EEZ	EM89	W1XP	FN42fo	14.097065	0.01	-25	0	1024	66	WSPR2	102400	29257	WD_3.3.2-2
2025-11-06 11:06	KF8EEZ	EM89	WA3VPZ	FM19kn	14.09705	0.01	-12	0	507	87	WSPR2	50700	33317	2.5.4
2025-11-06 11:06	KF8EEZ	EM89	KG6NFJ	EM79wp	14.097066	0.01	-20	0	95	282	WSPR2	9500	4071	v1.2.72
2025-11-06 11:06	KF8EEZ	EM89	W3HH	EL89vb	14.09708	0.01	-18	0	1161	176	WSPR2	116100	56391	2.6.1
2025-11-06 11:06	KF8EEZ	EM89	WA9FIO	EN43jt	14.097069	0.01	-9	0	832	308	WSPR2	83200	61806	2.6.1
2025-11-06 11:06	KF8EEZ	EM89	KD4ADC	EM74dk	14.097077	0.01	-22	0	609	204	WSPR2	60900	22620	2.7.1-deve
2025-11-06 11:06	KF8EEZ	EM89	K4KR	EM74	14.097097	0.01	-21	0	584	198	WSPR2	58400	23360	2.7.0
2025-11-06 11:06	KF8EEZ	EM89	KC9GHZ	EN62bk	14.097067	0.01	-16	0	522	311	WSPR2	52200	28337	v1.2.93
2025-11-06 11:06	KF8EEZ	EM89	VA3HKW	EN94	14.097088	0.01	-24	0	580	16	WSPR2	58000	18229	2.7.0
2025-11-06 11:06	KF8EEZ	EM89	W3SP	EM73	14.097064	0.01	-27	0	691	196	WSPR2	69100	15794	2.7.0
2025-11-06 11:06	KF8EEZ	EM89	N3RUM	FN21el	14.09706	0.01	-28	0	665	68	WSPR2	66500	13300	2.6.1
2025-11-06 11:06	KF8EEZ	EM89	N8VIM	FN42fq	14.097066	0.01	-12	0	1027	66	WSPR2	102700	67489	2.7.0
2025-11-06 11:06	KF8EEZ	EM89	AE4DW	EL98dq	14.097081	0.01	-26	0	1206	174	WSPR2	120600	31011	2.7.0
2025-11-06 11:06	KF8EEZ	EM89	KC0KVR	EM48rp	14.097081	0.01	-25	0	654	264	WSPR2	65400	18686	SparkSDR
2025-11-06 11:06	KF8EEZ	EM89	SWLKCL	FN04	14.097064	0.01	-27	0	647	29	WSPR2	64700	14789	2.3.0
2025-11-06 11:06	KF8EEZ	EM89	AE5AU	EM34rq	14.097066	0.01	-14	0	996	241	WSPR2	99600	59760	SparkSDR
2025-11-06 11:06	KF8EEZ	EM89	KA3LNA	FM29dc	14.097081	0.01	-15	0	632	91	WSPR2	63200	36114	2.3.1
2025-11-06 11:06	KF8EEZ	EM89	VE6JY	DO33or	14.09708	0.01	-21	-1	2738	315	WSPR2	273800	109520	2.7.1-deve
2025-11-06 11:06	KF8EEZ	EM89	K4COD	EM73sc	14.097064	0.01	-25	0	720	191	WSPR2	72000	20571	2.6.0
2025-11-06 11:06	KF8EEZ	EM89	K5XL	EM12kp	14.097064	0.01	-11	0	1474	243	WSPR2	147400	101074	3.0.0-rc1
2025-11-06 11:06	KF8EEZ	EM89	KQ2Y	FN31gn	14.097068	0.01	-13	0	842	71	WSPR2	84200	52926	v1.2.94
2025-11-06 11:06	KF8EEZ	EM89	KI5MQY	EM13qa	14.097097	0.01	-27	-2	1412	244	WSPR2	141200	32274	3.0.0-rc1
2025-11-06 11:06	KF8EEZ	EM89	KC9VNU	EM80ug	14.097076	0.01	-26	0	1026	176	WSPR2	102600	26383	2.7.0
2025-11-06 11:06	KF8EEZ	EM89	VE3NM	FN14	14.097071	0.01	-21	0	745	40	WSPR2	74500	29800	2.2.159
2025-11-06 11:06	KF8EEZ	EM89	KX4AZ/T	EN74gc	14.097065	0.01	-14	0	552	340	WSPR2	55200	33120	2.6.1
2025-11-06 11:06	KF8EEZ	EM89	KM4RK	EM93td	14.09708	0.01	-20	0	744	160	WSPR2	74400	31886	2.6.1
2025-11-06 11:06	KF8EEZ	EM89	KE7A	EM12kx	14.097072	0.01	-21	0	1453	245	WSPR2	145300	58120	2.7.0
2025-11-06 11:06	KF8EEZ	EM89	N9AGL	EN62ad	14.09709	0.01	-24	0	509	307	WSPR2	50900	15997	2.6.1
2025-11-06 11:06	KF8EEZ	EM89	KM3T-3	FN42et	14.097034	0.01	-21	0	1024	65	WSPR2	102400	40960	CWSL_DIGI
2025-11-06 11:06	KF8EEZ	EM89	KV0S	EM38tv	14.097064	0.01	-22	0	807	268	WSPR2	80700	29974	WD_3.3.2-1
2025-11-06 11:06	KF8EEZ	EM89	WZ7I	FN20kk	14.097069	0.01	-26	0	683	78	WSPR2	68300	17563	CWSL_DIGI
2025-11-06 11:06	KF8EEZ	EM89	N5MCB	EM13pe	14.097065	0.01	-14	0	1408	244	WSPR2	140800	84480	web-888
2025-11-06 11:06	KF8EEZ	EM89	KD9KHZ	EN53wa	14.097149	0.01	-16	0	579	314	WSPR2	57900	31431	1.4A Kiwi
2025-11-06 11:06	KF8EEZ	EM89	K9IMM	EN52cv	14.097046	0.01	-23	-1	680	306	WSPR2	68000	23314	CWSL_DIGI
2025-11-06 11:06	KF8EEZ	EM89	N2YCH	FN31jg	14.097065	0.01	-11	0	856	73	WSPR2	85600	58697	WD_3.3.2-2
2025-11-06 11:06	KF8EEZ	EM89	KD7EFG-1	DN31uo	14.097064	0.01	-17	0	2471	285	WSPR2	247100	127080	WD_3.1.7
2025-11-06 11:06	KF8EEZ	EM89	K6RFT	EM47bg	14.097064	0.01	-10	0	808	255	WSPR2	80800	57714	WD_3.2.3
2025-11-06 11:06	KF8EEZ	EM89	WA2TP	FN30lu	14.097065	0.01	-10	0	863	77	WSPR2	86300	61643	WD_3.2.1
2025-11-06 11:06	KF8EEZ	EM89	K5KHK	FN13dc	14.097135	0.01	-23	0	601	46	WSPR2	60100	20606	1.4A Kiwi
2025-11-06 11:06	KF8EEZ	EM89	N6GN4	DN70ll	14.097064	0.01	-24	0	1873	280	WSPR2	187300	58866	WD_3.3.2-2
2025-11-06 11:06	KF8EEZ	EM89	K5MO	FM05	14.097064	0.01	-21	0	568	140	WSPR2	56800	22720	WD_3.2.3
2025-11-06 11:06	KF8EEZ	EM89	N8GA	EN80ee	14.097064	0.01	-1	0	93	328	WSPR2	9300	9034	WD_3.3.2-1
2025-11-06 11:06	KF8EEZ	EM89	AB1KW	FN43fe	14.097065	0.01	-26	0	1044	63	WSPR2	104400	26846	DS_0.35.1
2025-11-06 11:06	KF8EEZ	EM89	W2KGY	FN31aj	14.097065	0.01	-20	0	797	72	WSPR2	79700	34157	WD_3.3.2-2
2025-11-06 11:06	KF8EEZ	EM89	N3AGE-4	FN30hw	14.097065	0.01	-18	0	836	76	WSPR2	83600	40606	WD_3.3.2-2
2025-11-06 11:06	KF8EEZ	EM89	AC0G/B2	EM38ww	14.097064	0.01	-11	0	785	268	WSPR2	78500	53829	WD_3.3.2-2
2025-11-06 11:06	KF8EEZ	EM89	K5TR	EM00uf	14.097136	0.01	-15	0	1726	238	WSPR2	172600	98629	CWSL_DIGI
2025-11-06 11:06	KF8EEZ	EM89	VE3EID	FN05gk	14.097084	0.01	-20	0	725	23	WSPR2	72500	31071	CWSL_DIGI
2025-11-06 11:06	KF8EEZ	EM89	K3GMQ	FN20lh	14.097066	0.01	-24	0	688	80	WSPR2	68800	21623	QMTECH
2025-11-06 11:06	KF8EEZ	EM89	KD2OM	FN12gx	14.097066	0.01	-16	0	608	48	WSPR2	60800	33006	WD_3.3.2-2
2025-11-06 11:06	KF8EEZ	EM89	KD7EFG	DN31uo	14.097064	0.01	-20	0	2471	285	WSPR2	247100	105900	WD_3.3.2-2
2025-11-06 11:16	KF8EEZ	EM89	KM3T-3	FN42et	14.097034	0.01	-13	0	1024	65	WSPR2	102400	64366	CWSL_DIGI
2025-11-06 11:16	KF8EEZ	EM89	AA4PG	EM63pm	14.097066	0.01	-16	0	739	207	WSPR2	73900	40117	1.4A Kiwi
2025-11-06 11:16	KF8EEZ	EM89	N2YCH	FN31jg	14.097066	0.01	0	0	856	73	WSPR2	85600	85600	WD_3.3.2-2
2025-11-06 11:16	KF8EEZ	EM89	K6RFT	EM47bg	14.097065	0.01	-5	0	808	255	WSPR2	80800	69257	WD_3.2.3
2025-11-06 11:16	KF8EEZ	EM89	AF7KR	DM45dg	14.097066	0.01	-19	0	2565	269	WSPR2	256500	117257	WD_3.3.2-1
2025-11-06 11:16	KF8EEZ	EM89	WA2TP	FN30lu	14.097066	0.01	-4	0	863	77	WSPR2	86300	76437	WD_3.2.1
2025-11-06 11:16	KF8EEZ	EM89	N8GA	EN80ee	14.097064	0.01	1	0	93	328	WSPR2	9300	9566	WD_3.3.2-1
2025-11-06 11:16	KF8EEZ	EM89	N6GN4	DN70ll	14.097064	0.01	-18	-1	1873	280	WSPR2	187300	90974	WD_3.3.2-2
2025-11-06 11:16	KF8EEZ	EM89	N1CL	CN87xk	14.097062	0.01	-16	0	3233	299	WSPR2	323300	175506	WD_3.2.3
2025-11-06 11:16	KF8EEZ	EM89	K1RA	FM18cr	14.097104	0.01	-19	0	461	99	WSPR2	46100	21074	CWSL_DIGI
2025-11-06 11:16	KF8EEZ	EM89	K9IMM	EN52cv	14.097046	0.01	-18	-2	680	306	WSPR2	68000	33029	CWSL_DIGI
2025-11-06 11:16	KF8EEZ	EM89	K5TR	EM00uf	14.097144	0.01	-11	0	1726	238	WSPR2	172600	118354	CWSL_DIGI
2025-11-06 11:16	KF8EEZ	EM89	N6GN5	DN70jo	14.097063	0.01	-12	0	1886	281	WSPR2	188600	123937	WD_3.3.2-2
2025-11-06 11:16	KF8EEZ	EM89	W2KGY	FN31aj	14.097066	0.01	-14	0	797	72	WSPR2	79700	47820	WD_3.3.2-2
2025-11-06 11:16	KF8EEZ	EM89	K6VZK	DM13nh	14.097064	0.01	-18	0	3086	268	WSPR2	308600	149891	WD_3.2.3-1
2025-11-06 11:16	KF8EEZ	EM89	KD2OM	FN12gx	14.097065	0.01	1	0	608	48	WSPR2	60800	62537	WD_3.3.2-2
2025-11-06 11:16	KF8EEZ	EM89	K5MO	FM05	14.097064	0.01	-17	0	568	140	WSPR2	56800	29211	WD_3.2.3
2025-11-06 11:16	KF8EEZ	EM89	VE3EID	FN05gk	14.097085	0.01	-10	0	725	23	WSPR2	72500	51786	CWSL_DIGI
2025-11-06 11:16	KF8EEZ	EM89	AC0G/ND	EN16ov	14.097064	0.01	-10	0	1383	311	WSPR2	138300	98786	WD_3.3.2-2
2025-11-06 11:16	KF8EEZ	EM89	KD9KHZ	EN53wa	14.097149	0.01	-6	0	579	314	WSPR2	57900	47974	1.4A Kiwi
2025-11-06 11:16	KF8EEZ	EM89	AC0G/B2	EM38ww	14.097064	0.01	-4	0	785	268	WSPR2	78500	69529	WD_3.3.2-2
2025-11-06 11:16	KF8EEZ	EM89	K4JK	FM07vs	14.097067	0.01	-9	0	461	113	WSPR2	46100	34246	WD_3.3.2-2
2025-11-06 11:16	KF8EEZ	EM89	N2YCH-1	FN31jg	14.097066	0.01	0	0	856	73	WSPR2	85600	85600	WD_3.3.2-2
2025-11-06 11:16	KF8EEZ	EM89	K3GMQ-B	FN20lh	14.097065	0.01	-8	0	688	80	WSPR2	68800	53074	WD_3.3.2-2
2025-11-06 11:16	KF8EEZ	EM89	W3PM	EM64or	14.097065	0.01	-14	0	624	213	WSPR2	62400	37440	WD_3.3.2-2
2025-11-06 11:16	KF8EEZ	EM89	KC2G	FN21wa	14.097066	0.01	-10	0	776	74	WSPR2	77600	55429	WD_3.3.2-2
2025-11-06 11:16	KF8EEZ	EM89	KX4AZ/T	EN74gc	14.097063	0.01	-1	0	552	340	WSPR2	55200	53623	WD_3.3.2-2
2025-11-06 11:16	KF8EEZ	EM89	W4BDE	EL89pr	14.097076	0.01	-9	0	1085	178	WSPR2	108500	80600	2.6.1
2025-11-06 11:16	KF8EEZ	EM89	N3AGE-2	FN30hw	14.097065	0.01	-13	0	836	76	WSPR2	83600	52549	WD_3.3.2-2
2025-11-06 11:16	KF8EEZ	EM89	K3GMQ	FN20lh	14.097066	0.01	-18	0	688	80	WSPR2	68800	33417	QMTECH
2025-11-06 11:16	KF8EEZ	EM89	UACNJ	FN20mv	14.097066	0.01	-5	0	704	74	WSPR2	70400	60343	WD_3.3.2-2
2025-11-06 11:16	KF8EEZ	EM89	N8VIM	FN42fq	14.097067	0.01	-10	0	1027	66	WSPR2	102700	73357	2.7.0
2025-11-06 11:16	KF8EEZ	EM89	WW4ET	FM14bb	14.097073	0.01	-14	0	758	141	WSPR2	75800	45480	2.7.0
2025-11-06 11:16	KF8EEZ	EM89	W2NAF-2	FN21ei	14.097066	0.01	-15	0	661	69	WSPR2	66100	37771	WD_3.3.2-2
2025-11-06 11:16	KF8EEZ	EM89	KE4IP	EM73sx	14.097063	0.01	-16	0	624	192	WSPR2	62400	33874	v1.2.28
2025-11-06 11:16	KF8EEZ	EM89	W1XP	FN42fo	14.097066	0.01	-22	0	1024	66	WSPR2	102400	38034	WD_3.3.2-2
2025-11-06 11:16	KF8EEZ	EM89	W2NAF-3	FN21ei	14.097066	0.01	-11	0	661	69	WSPR2	66100	45326	WD_3.3.2-2
2025-11-06 11:16	KF8EEZ	EM89	KC9GHZ	EN62bk	14.097067	0.01	-9	0	522	311	WSPR2	52200	38777	v1.2.93
2025-11-06 11:16	KF8EEZ	EM89	KD3ALD	FN21ni	14.097066	0.01	-20	0	722	71	WSPR2	72200	30943	WD_3.3.2-1
2025-11-06 11:16	KF8EEZ	EM89	WA3NAN	FM19na	14.097108	0.01	-2	0	533	94	WSPR2	53300	50254	2.7.0-rc3
2025-11-06 11:16	KF8EEZ	EM89	WA3VPZ	FM19kn	14.097051	0.01	-8	0	507	87	WSPR2	50700	39111	2.5.4
2025-11-06 11:16	KF8EEZ	EM89	KG6NFJ	EM79wp	14.097066	0.01	-19	0	95	282	WSPR2	9500	4343	v1.2.72
2025-11-06 11:16	KF8EEZ	EM89	FN41RY	FN41ks	14.097075	0.01	-17	0	1037	72	WSPR2	103700	53331	v1.2.97
2025-11-06 11:16	KF8EEZ	EM89	KD4ADC	EM74dk	14.097077	0.01	-15	0	609	204	WSPR2	60900	34800	2.7.1-deve
2025-11-06 11:16	KF8EEZ	EM89	K5XL	EM12kp	14.097064	0.01	-6	0	1474	243	WSPR2	147400	122131	3.0.0-rc1
2025-11-06 11:16	KF8EEZ	EM89	VA3HKW	EN94	14.097089	0.01	-18	0	580	16	WSPR2	58000	28171	2.7.0
2025-11-06 11:16	KF8EEZ	EM89	W8COE	EN80md	14.097079	0.01	-23	0	74	5	WSPR2	7400	2537	v1.2.96
2025-11-06 11:16	KF8EEZ	EM89	AE5AU	EM34rq	14.097066	0.01	-14	0	996	241	WSPR2	99600	59760	SparkSDR
2025-11-06 11:16	KF8EEZ	EM89	KF4JU	EL87pt	14.097081	0.01	-24	0	1298	179	WSPR2	129800	40794	2.1.2
2025-11-06 11:16	KF8EEZ	EM89	WA9FIO	EN43jt	14.09707	0.01	-8	0	832	308	WSPR2	83200	64183	2.6.1
2025-11-06 11:16	KF8EEZ	EM89	N9MPM	EM48	14.097059	0.01	-25	0	700	263	WSPR2	70000	20000	2.6.1
2025-11-06 11:16	KF8EEZ	EM89	AJ8S	EM89bt	14.097066	0.01	-1	0	80	298	WSPR2	8000	7771	2.7.0
2025-11-06 11:16	KF8EEZ	EM89	KQ2Y	FN31gn	14.097068	0.01	-8	0	842	71	WSPR2	84200	64954	v1.2.94
2025-11-06 11:16	KF8EEZ	EM89	KM4RK	EM93td	14.09708	0.01	-11	0	744	160	WSPR2	74400	51017	2.6.1
2025-11-06 11:16	KF8EEZ	EM89	KE7A	EM12kx	14.097072	0.01	-18	-1	1453	245	WSPR2	145300	70574	2.7.0
2025-11-06 11:16	KF8EEZ	EM89	SWLKCL	FN04	14.097064	0.01	-17	0	647	29	WSPR2	64700	33274	2.3.0
2025-11-06 11:16	KF8EEZ	EM89	KC9VNU	EM80ug	14.097076	0.01	-21	0	1026	176	WSPR2	102600	41040	2.7.0
2025-11-06 11:16	KF8EEZ	EM89	N9AGL	EN62ad	14.09709	0.01	-20	0	509	307	WSPR2	50900	21814	2.6.1
2025-11-06 11:16	KF8EEZ	EM89	KC0KVR	EM48rp	14.097081	0.01	-22	0	654	264	WSPR2	65400	24291	SparkSDR
2025-11-06 11:16	KF8EEZ	EM89	W3HH	EL89vb	14.09708	0.01	-15	0	1161	176	WSPR2	116100	66343	2.6.1
2025-11-06 11:16	KF8EEZ	EM89	KE8MYP	EM79ti	14.097062	0.01	-5	0	115	264	WSPR2	11500	9857	2.7.0
2025-11-06 11:16	KF8EEZ	EM89	W3SP	EM73	14.097065	0.01	-14	0	691	196	WSPR2	69100	41460	2.7.0
2025-11-06 11:16	KF8EEZ	EM89	N3RUM	FN21el	14.097061	0.01	-26	0	665	68	WSPR2	66500	17100	2.6.1
2025-11-06 11:16	KF8EEZ	EM89	K4COD	EM73sc	14.097065	0.01	-14	0	720	191	WSPR2	72000	43200	2.6.0
2025-11-06 11:16	KF8EEZ	EM89	KA3LNA	FM29dc	14.097081	0.01	-9	0	632	91	WSPR2	63200	46949	2.3.1
2025-11-06 11:16	KF8EEZ	EM89	K9REO	EN53gb	14.097063	0.01	-22	0	668	309	WSPR2	66800	24811	2.6.1
2025-11-06 11:26	KF8EEZ	EM89	KV0S	EM38tv	14.097064	0.01	-22	0	807	268	WSPR2	80700	29974	WD_3.3.2-1
2025-11-06 11:26	KF8EEZ	EM89	WZ7I	FN20kk	14.09707	0.01	-25	0	683	78	WSPR2	68300	19514	CWSL_DIGI
2025-11-06 11:26	KF8EEZ	EM89	KD7EFG-1	DN31uo	14.097065	0.01	-14	0	2471	285	WSPR2	247100	148260	WD_3.1.7
2025-11-06 11:26	KF8EEZ	EM89	K9IMM	EN52cv	14.097047	0.01	-18	0	680	306	WSPR2	68000	33029	CWSL_DIGI
2025-11-06 11:26	KF8EEZ	EM89	N2YCH	FN31jg	14.097066	0.01	-4	0	856	73	WSPR2	85600	75817	WD_3.3.2-2
2025-11-06 11:26	KF8EEZ	EM89	K1RA	FM18cr	14.097104	0.01	-21	0	461	99	WSPR2	46100	18440	CWSL_DIGI
2025-11-06 11:26	KF8EEZ	EM89	WA2TP	FN30lu	14.097066	0.01	-13	0	863	77	WSPR2	86300	54246	WD_3.2.1
2025-11-06 11:26	KF8EEZ	EM89	VE3EID	FN05gk	14.097086	0.01	-13	0	725	23	WSPR2	72500	45571	CWSL_DIGI
2025-11-06 11:26	KF8EEZ	EM89	K5TR	EM00uf	14.097147	0.01	-18	-2	1726	238	WSPR2	172600	83834	CWSL_DIGI
2025-11-06 11:26	KF8EEZ	EM89	N6GN5	DN70jo	14.097064	0.01	-10	0	1886	281	WSPR2	188600	134714	WD_3.3.2-2
2025-11-06 11:26	KF8EEZ	EM89	KD2OM	FN12gx	14.097066	0.01	1	0	608	48	WSPR2	60800	62537	WD_3.3.2-2
2025-11-06 11:26	KF8EEZ	EM89	N8GA	EN80ee	14.097065	0.01	1	0	93	328	WSPR2	9300	9566	WD_3.3.2-1
2025-11-06 11:26	KF8EEZ	EM89	K3GMQ-B	FN20lh	14.097066	0.01	-12	0	688	80	WSPR2	68800	45211	WD_3.3.2-2
2025-11-06 11:26	KF8EEZ	EM89	AC0G/ND	EN16ov	14.097064	0.01	-23	0	1383	311	WSPR2	138300	47417	WD_3.3.2-2
2025-11-06 11:26	KF8EEZ	EM89	K3GMQ	FN20lh	14.097067	0.01	-22	0	688	80	WSPR2	68800	25554	QMTECH
2025-11-06 11:26	KF8EEZ	EM89	AC0G/B2	EM38ww	14.097064	0.01	-11	0	785	268	WSPR2	78500	53829	WD_3.3.2-2
2025-11-06 11:26	KF8EEZ	EM89	UACNJ	FN20mv	14.097066	0.01	-11	0	704	74	WSPR2	70400	48274	WD_3.3.2-2
2025-11-06 11:26	KF8EEZ	EM89	K4JK	FM07vs	14.097067	0.01	-9	0	461	113	WSPR2	46100	34246	WD_3.3.2-2
2025-11-06 11:26	KF8EEZ	EM89	KX4AZ/T	EN74gc	14.097063	0.01	-2	0	552	340	WSPR2	55200	52046	WD_3.3.2-2
2025-11-06 11:26	KF8EEZ	EM89	W4BDE	EL89pr	14.097076	0.01	-11	0	1085	178	WSPR2	108500	74400	2.6.1
2025-11-06 11:26	KF8EEZ	EM89	W2NAF-2	FN21ei	14.097066	0.01	-16	0	661	69	WSPR2	66100	35883	WD_3.3.2-2
2025-11-06 11:26	KF8EEZ	EM89	KG6NFJ	EM79wp	14.097067	0.01	-23	0	95	282	WSPR2	9500	3257	v1.2.72
2025-11-06 11:26	KF8EEZ	EM89	W2NAF-3	FN21ei	14.097066	0.01	-12	0	661	69	WSPR2	66100	43437	WD_3.3.2-2
2025-11-06 11:26	KF8EEZ	EM89	KD3ALD	FN21ni	14.097066	0.01	-25	0	722	71	WSPR2	72200	20629	WD_3.3.2-1
2025-11-06 11:26	KF8EEZ	EM89	KC9GHZ	EN62bk	14.097067	0.01	-14	0	522	311	WSPR2	52200	31320	v1.2.93
2025-11-06 11:26	KF8EEZ	EM89	W3HH	EL89vb	14.09708	0.01	-17	0	1161	176	WSPR2	116100	59709	2.6.1
2025-11-06 11:26	KF8EEZ	EM89	WA3VPZ	FM19kn	14.097051	0.01	-12	0	507	87	WSPR2	50700	33317	2.5.4
2025-11-06 11:26	KF8EEZ	EM89	KA3LNA	FM29dc	14.097082	0.01	-11	0	632	91	WSPR2	63200	43337	2.3.1
2025-11-06 11:26	KF8EEZ	EM89	KD4ADC	EM74dk	14.097076	0.01	-13	0	609	204	WSPR2	60900	38280	2.7.1-deve
2025-11-06 11:26	KF8EEZ	EM89	N9AGL	EN62ad	14.09709	0.01	-19	0	509	307	WSPR2	50900	23269	2.6.1
2025-11-06 11:26	KF8EEZ	EM89	SWLKCL	FN04	14.097064	0.01	-22	0	647	29	WSPR2	64700	24031	2.3.0
2025-11-06 11:26	KF8EEZ	EM89	K3AV	FM19nc	14.097066	0.01	-20	0	532	93	WSPR2	53200	22800	2.5.4
2025-11-06 11:36	KF8EEZ	EM89	WD4ELG	FM06be	14.097067	0.01	-20	0	460	142	WSPR2	46000	19714	WD_3.3.2-1
2025-11-06 11:36	KF8EEZ	EM89	KM3T-3	FN42et	14.097034	0.01	-16	0	1024	65	WSPR2	102400	55589	CWSL_DIGI
2025-11-06 11:36	KF8EEZ	EM89	KV0S	EM38tv	14.097064	0.01	-18	0	807	268	WSPR2	80700	39197	WD_3.3.2-1
2025-11-06 11:36	KF8EEZ	EM89	K6RFT	EM47bg	14.097064	0.01	-8	0	808	255	WSPR2	80800	62331	WD_3.2.3
2025-11-06 11:36	KF8EEZ	EM89	K5TR	EM00uf	14.097139	0.01	-20	0	1726	238	WSPR2	172600	73971	CWSL_DIGI
2025-11-06 11:36	KF8EEZ	EM89	AA4PG	EM63pm	14.097063	0.01	-18	0	739	207	WSPR2	73900	35894	1.4A Kiwi
2025-11-06 11:36	KF8EEZ	EM89	N2YCH	FN31jg	14.097066	0.01	-3	0	856	73	WSPR2	85600	78263	WD_3.3.2-2
2025-11-06 11:36	KF8EEZ	EM89	KD9KHZ	EN53wa	14.097149	0.01	-10	0	579	314	WSPR2	57900	41357	1.4A Kiwi
2025-11-06 11:36	KF8EEZ	EM89	K9IMM	EN52cv	14.097047	0.01	-23	-1	680	306	WSPR2	68000	23314	CWSL_DIGI
2025-11-06 11:36	KF8EEZ	EM89	KD7EFG-1	DN31uo	14.097065	0.01	-15	0	2471	285	WSPR2	247100	141200	WD_3.1.7
2025-11-06 11:36	KF8EEZ	EM89	WA2TP	FN30lu	14.097066	0.01	-4	0	863	77	WSPR2	86300	76437	WD_3.2.1
2025-11-06 11:36	KF8EEZ	EM89	VE3EID	FN05gk	14.097085	0.01	-15	0	725	23	WSPR2	72500	41429	CWSL_DIGI
2025-11-06 11:36	KF8EEZ	EM89	K1RA	FM18cr	14.097104	0.01	-19	0	461	99	WSPR2	46100	21074	CWSL_DIGI
2025-11-06 11:36	KF8EEZ	EM89	WA2N	EM85ll	14.097066	0.01	-10	0	445	180	WSPR2	44500	31786	WD_3.2.3-1
2025-11-06 11:36	KF8EEZ	EM89	WA7LNW	DM37gd	14.097049	0.01	-19	0	2654	274	WSPR2	265400	121326	RP122-16
2025-11-06 11:36	KF8EEZ	EM89	N3AGE-4	FN30hw	14.097066	0.01	-16	0	836	76	WSPR2	83600	45383	WD_3.3.2-2
2025-11-06 11:36	KF8EEZ	EM89	WW4ET	FM14bb	14.097073	0.01	-18	0	758	141	WSPR2	75800	36817	2.7.0
2025-11-06 11:36	KF8EEZ	EM89	K1RA-PI	FM18cr	14.097066	0.01	-22	0	461	99	WSPR2	46100	17123	DS_0.35.1
2025-11-06 11:36	KF8EEZ	EM89	N6GN5	DN70jo	14.097063	0.01	-12	0	1886	281	WSPR2	188600	123937	WD_3.3.2-2
2025-11-06 11:36	KF8EEZ	EM89	K5KHK	FN13dc	14.097134	0.01	-12	0	601	46	WSPR2	60100	39494	1.4A Kiwi
2025-11-06 11:36	KF8EEZ	EM89	W2KGY	FN31aj	14.097066	0.01	-20	0	797	72	WSPR2	79700	34157	WD_3.3.2-2
2025-11-06 11:36	KF8EEZ	EM89	W3OA	EM95mn	14.097	0.01	-23	0	473	156	WSPR2	47300	16217	CWSL_DIGI
2025-11-06 11:36	KF8EEZ	EM89	K5MO	FM05	14.097066	0.01	-22	0	568	140	WSPR2	56800	21097	WD_3.2.3
2025-11-06 11:36	KF8EEZ	EM89	AC0G/B2	EM38ww	14.097064	0.01	-9	0	785	268	WSPR2	78500	58314	WD_3.3.2-2
2025-11-06 11:36	KF8EEZ	EM89	KD2OM	FN12gx	14.097065	0.01	-5	0	608	48	WSPR2	60800	52114	WD_3.3.2-2
2025-11-06 11:36	KF8EEZ	EM89	KD7EFG	DN31uo	14.097064	0.01	-20	0	2471	285	WSPR2	247100	105900	WD_3.3.2-2
2025-11-06 11:36	KF8EEZ	EM89	N8GA	EN80ee	14.097065	0.01	-3	0	93	328	WSPR2	9300	8503	WD_3.3.2-1
2025-11-06 11:36	KF8EEZ	EM89	K3GMQ-B	FN20lh	14.097065	0.01	-10	0	688	80	WSPR2	68800	49143	WD_3.3.2-2
2025-11-06 11:36	KF8EEZ	EM89	W3PM	EM64or	14.097065	0.01	-17	0	624	213	WSPR2	62400	32091	WD_3.3.2-2
2025-11-06 11:36	KF8EEZ	EM89	K3GMQ	FN20lh	14.097067	0.01	-24	0	688	80	WSPR2	68800	21623	QMTECH
2025-11-06 11:36	KF8EEZ	EM89	N2YCH-1	FN31jg	14.097066	0.01	-4	0	856	73	WSPR2	85600	75817	WD_3.3.2-2
2025-11-06 11:36	KF8EEZ	EM89	UACNJ	FN20mv	14.097066	0.01	-6	0	704	74	WSPR2	70400	58331	WD_3.3.2-2
2025-11-06 11:36	KF8EEZ	EM89	AC0G/ND	EN16ov	14.097064	0.01	-24	0	1383	311	WSPR2	138300	43466	WD_3.3.2-2
2025-11-06 11:36	KF8EEZ	EM89	K4JK	FM07vs	14.097066	0.01	-5	0	461	113	WSPR2	46100	39514	WD_3.3.2-2
2025-11-06 11:36	KF8EEZ	EM89	KD3ALD	FN21ni	14.097066	0.01	-24	0	722	71	WSPR2	72200	22691	WD_3.3.2-1
2025-11-06 11:36	KF8EEZ	EM89	KC2G	FN21wa	14.097066	0.01	-9	0	776	74	WSPR2	77600	57646	WD_3.3.2-2
2025-11-06 11:36	KF8EEZ	EM89	KE4IP	EM73sx	14.097063	0.01	-19	0	624	192	WSPR2	62400	28526	v1.2.28
2025-11-06 11:36	KF8EEZ	EM89	N3AGE-2	FN30hw	14.097066	0.01	-20	0	836	76	WSPR2	83600	35829	WD_3.3.2-2
2025-11-06 11:36	KF8EEZ	EM89	W4BDE	EL89pr	14.097076	0.01	-12	0	1085	178	WSPR2	108500	71300	2.6.1
2025-11-06 11:36	KF8EEZ	EM89	KF4JU	EL87pt	14.097081	0.01	-23	0	1298	179	WSPR2	129800	44503	2.1.2
2025-11-06 11:36	KF8EEZ	EM89	N8VIM	FN42fq	14.097067	0.01	-9	0	1027	66	WSPR2	102700	76291	2.7.0
2025-11-06 11:36	KF8EEZ	EM89	W2NAF-3	FN21ei	14.097065	0.01	-10	1	661	69	WSPR2	66100	47214	WD_3.3.2-2
2025-11-06 11:36	KF8EEZ	EM89	W2NAF-2	FN21ei	14.097065	0.01	-12	0	661	69	WSPR2	66100	43437	WD_3.3.2-2
2025-11-06 11:36	KF8EEZ	EM89	W1XP	FN42fo	14.097066	0.01	-17	0	1024	66	WSPR2	102400	52663	WD_3.3.2-2
2025-11-06 11:36	KF8EEZ	EM89	FN41RY	FN41ks	14.097075	0.01	-22	0	1037	72	WSPR2	103700	38517	v1.2.97
2025-11-06 11:36	KF8EEZ	EM89	KC9GHZ	EN62bk	14.097067	0.01	-14	0	522	311	WSPR2	52200	31320	v1.2.93
2025-11-06 11:36	KF8EEZ	EM89	K4KR	EM74	14.097098	0.01	-11	1	584	198	WSPR2	58400	40046	2.7.0
2025-11-06 11:36	KF8EEZ	EM89	W3HH	EL89vb	14.09708	0.01	-12	0	1161	176	WSPR2	116100	76294	2.6.1
2025-11-06 11:36	KF8EEZ	EM89	WA3VPZ	FM19kn	14.09705	0.01	-12	0	507	87	WSPR2	50700	33317	2.5.4
2025-11-06 11:36	KF8EEZ	EM89	KC9VNU	EM80ug	14.097076	0.01	-25	0	1026	176	WSPR2	102600	29314	2.7.0
2025-11-06 11:36	KF8EEZ	EM89	KM4RK	EM93td	14.09708	0.01	-8	0	744	160	WSPR2	74400	57394	2.6.1
2025-11-06 11:36	KF8EEZ	EM89	KQ2Y	FN31gn	14.097068	0.01	-10	0	842	71	WSPR2	84200	60143	v1.2.94
2025-11-06 11:36	KF8EEZ	EM89	K4OCY	EM76	14.097077	0.01	-15	0	377	208	WSPR2	37700	21543	2.6.1
2025-11-06 11:36	KF8EEZ	EM89	KX4AZ/T	EN74gc	14.097065	0.01	-16	0	552	340	WSPR2	55200	29966	2.6.1
2025-11-06 11:36	KF8EEZ	EM89	WA9FIO	EN43jt	14.09707	0.01	-8	0	832	308	WSPR2	83200	64183	2.6.1
2025-11-06 11:36	KF8EEZ	EM89	K1HTV-4	FM18ap	14.097067	0.01	-16	0	448	100	WSPR2	44800	24320	SparkSDR
2025-11-06 11:36	KF8EEZ	EM89	SWLKCL	FN04	14.097064	0.01	-24	0	647	29	WSPR2	64700	20334	2.3.0
2025-11-06 11:36	KF8EEZ	EM89	KD4ADC	EM74dk	14.097075	0.01	-17	0	609	204	WSPR2	60900	31320	2.7.1-deve
2025-11-06 11:36	KF8EEZ	EM89	VE6JY	DO33or	14.097079	0.01	-19	0	2738	315	WSPR2	273800	125166	2.7.1-deve
2025-11-06 11:36	KF8EEZ	EM89	K4COD	EM73sc	14.097065	0.01	-20	1	720	191	WSPR2	72000	30857	2.6.0
2025-11-06 11:36	KF8EEZ	EM89	N9AGL	EN62ad	14.09709	0.01	-19	0	509	307	WSPR2	50900	23269	2.6.1
2025-11-06 11:36	KF8EEZ	EM89	VA3HKW	EN94	14.097089	0.01	-22	0	580	16	WSPR2	58000	21543	2.7.0
2025-11-06 11:36	KF8EEZ	EM89	K5XL	EM12kp	14.097064	0.01	-9	0	1474	243	WSPR2	147400	109497	3.0.0-rc1
2025-11-06 11:36	KF8EEZ	EM89	AJ4AV	EM73tw	14.097082	0.01	-25	0	628	191	WSPR2	62800	17943	SparkSDR
2025-11-06 11:36	KF8EEZ	EM89	N3RUM	FN21el	14.097061	0.01	-30	0	665	68	WSPR2	66500	9500	2.6.1
2025-11-06 11:36	KF8EEZ	EM89	KA3LNA	FM29dc	14.097082	0.01	-19	0	632	91	WSPR2	63200	28891	2.3.1
2025-11-06 11:46	KF8EEZ	EM89	WD4ELG	FM06be	14.097066	0.01	-16	0	460	142	WSPR2	46000	24971	WD_3.3.2-1
2025-11-06 11:46	KF8EEZ	EM89	KM3T-3	FN42et	14.097034	0.01	-22	0	1024	65	WSPR2	102400	38034	CWSL_DIGI
2025-11-06 11:46	KF8EEZ	EM89	KV0S	EM38tv	14.097064	0.01	-17	-1	807	268	WSPR2	80700	41503	WD_3.3.2-1
2025-11-06 11:46	KF8EEZ	EM89	K1RA	FM18cr	14.097104	0.01	-18	0	461	99	WSPR2	46100	22391	CWSL_DIGI
2025-11-06 11:46	KF8EEZ	EM89	K6RFT	EM47bg	14.097065	0.01	-7	0	808	255	WSPR2	80800	64640	WD_3.2.3
2025-11-06 11:46	KF8EEZ	EM89	N2YCH	FN31jg	14.097067	0.01	-10	0	856	73	WSPR2	85600	61143	WD_3.3.2-2
2025-11-06 11:46	KF8EEZ	EM89	KD7EFG-1	DN31uo	14.097065	0.01	-16	0	2471	285	WSPR2	247100	134140	WD_3.1.7
2025-11-06 11:46	KF8EEZ	EM89	WZ7I	FN20kk	14.09707	0.01	-23	0	683	78	WSPR2	68300	23417	CWSL_DIGI
2025-11-06 11:46	KF8EEZ	EM89	K5KHK	FN13dc	14.097135	0.01	-9	0	601	46	WSPR2	60100	44646	1.4A Kiwi
2025-11-06 11:46	KF8EEZ	EM89	WA2TP	FN30lu	14.097067	0.01	-10	0	863	77	WSPR2	86300	61643	WD_3.2.1
2025-11-06 11:46	KF8EEZ	EM89	WA2N	EM85ll	14.097067	0.01	-9	0	445	180	WSPR2	44500	33057	WD_3.2.3-1
2025-11-06 11:46	KF8EEZ	EM89	N8GA	EN80ee	14.097065	0.01	-2	0	93	328	WSPR2	9300	8769	WD_3.3.2-1
2025-11-06 11:46	KF8EEZ	EM89	KD2OM	FN12gx	14.097066	0.01	-1	0	608	48	WSPR2	60800	59063	WD_3.3.2-2
2025-11-06 11:46	KF8EEZ	EM89	K5MO	FM05	14.097067	0.01	-20	0	568	140	WSPR2	56800	24343	WD_3.2.3
2025-11-06 11:46	KF8EEZ	EM89	N6GN5	DN70jo	14.097064	0.01	-11	0	1886	281	WSPR2	188600	129326	WD_3.3.2-2
2025-11-06 11:46	KF8EEZ	EM89	W2KGY	FN31aj	14.097066	0.01	-20	0	797	72	WSPR2	79700	34157	WD_3.3.2-2
2025-11-06 11:46	KF8EEZ	EM89	K3GMQ-B	FN20lh	14.097066	0.01	-13	0	688	80	WSPR2	68800	43246	WD_3.3.2-2
2025-11-06 11:46	KF8EEZ	EM89	K4JK	FM07vs	14.097066	0.01	-8	0	461	113	WSPR2	46100	35563	WD_3.3.2-2
2025-11-06 11:46	KF8EEZ	EM89	K9IMM	EN52cv	14.097047	0.01	-17	1	680	306	WSPR2	68000	34971	CWSL_DIGI
2025-11-06 11:46	KF8EEZ	EM89	AC0G/ND	EN16ov	14.097065	0.01	-21	0	1383	311	WSPR2	138300	55320	WD_3.3.2-2
2025-11-06 11:46	KF8EEZ	EM89	N2YCH-1	FN31jg	14.097066	0.01	-11	-1	856	73	WSPR2	85600	58697	WD_3.3.2-2
2025-11-06 11:46	KF8EEZ	EM89	WW4ET	FM14bb	14.097074	0.01	-18	0	758	141	WSPR2	75800	36817	2.7.0
2025-11-06 11:46	KF8EEZ	EM89	AC0G/B2	EM38ww	14.097065	0.01	-10	0	785	268	WSPR2	78500	56071	WD_3.3.2-2
2025-11-06 11:46	KF8EEZ	EM89	KC2G	FN21wa	14.097067	0.01	-13	-1	776	74	WSPR2	77600	48777	WD_3.3.2-2
2025-11-06 11:46	KF8EEZ	EM89	W3PM	EM64or	14.097065	0.01	-11	0	624	213	WSPR2	62400	42789	WD_3.3.2-2
2025-11-06 11:46	KF8EEZ	EM89	W2NAF-3	FN21ei	14.097066	0.01	-10	0	661	69	WSPR2	66100	47214	WD_3.3.2-2
2025-11-06 11:46	KF8EEZ	EM89	UACNJ	FN20mv	14.097066	0.01	-9	0	704	74	WSPR2	70400	52297	WD_3.3.2-2
2025-11-06 11:46	KF8EEZ	EM89	W4BDE	EL89pr	14.097076	0.01	-9	0	1085	178	WSPR2	108500	80600	2.6.1
2025-11-06 11:46	KF8EEZ	EM89	KD3ALD	FN21ni	14.097066	0.01	-24	0	722	71	WSPR2	72200	22691	WD_3.3.2-1
2025-11-06 11:46	KF8EEZ	EM89	N3AGE-2	FN30hw	14.097066	0.01	-19	0	836	76	WSPR2	83600	38217	WD_3.3.2-2
2025-11-06 11:46	KF8EEZ	EM89	W2NAF-2	FN21ei	14.097066	0.01	-13	0	661	69	WSPR2	66100	41549	WD_3.3.2-2
2025-11-06 11:46	KF8EEZ	EM89	W1XP	FN42fo	14.097066	0.01	-23	0	1024	66	WSPR2	102400	35109	WD_3.3.2-2
2025-11-06 11:46	KF8EEZ	EM89	WA3VPZ	FM19kn	14.097051	0.01	-13	0	507	87	WSPR2	50700	31869	2.5.4
2025-11-06 11:46	KF8EEZ	EM89	FN41RY	FN41ks	14.097076	0.01	-20	0	1037	72	WSPR2	103700	44443	v1.2.97
2025-11-06 11:46	KF8EEZ	EM89	KM4RK	EM93td	14.09708	0.01	-10	0	744	160	WSPR2	74400	53143	2.6.1
2025-11-06 11:46	KF8EEZ	EM89	K4KR	EM74	14.097099	0.01	-5	0	584	198	WSPR2	58400	50057	2.7.0
2025-11-06 11:46	KF8EEZ	EM89	KC9GHZ	EN62bk	14.097068	0.01	-16	0	522	311	WSPR2	52200	28337	v1.2.93
2025-11-06 11:46	KF8EEZ	EM89	SWLKCL	FN04	14.097065	0.01	-23	0	647	29	WSPR2	64700	22183	2.3.0
2025-11-06 11:46	KF8EEZ	EM89	K5XL	EM12kp	14.097065	0.01	-9	0	1474	243	WSPR2	147400	109497	3.0.0-rc1
2025-11-06 11:46	KF8EEZ	EM89	N8VIM	FN42fq	14.097067	0.01	-14	0	1027	66	WSPR2	102700	61620	2.7.0
2025-11-06 11:46	KF8EEZ	EM89	VA3HKW	EN94	14.097089	0.01	-23	0	580	16	WSPR2	58000	19886	2.7.0
2025-11-06 11:46	KF8EEZ	EM89	KX4AZ/T	EN74gc	14.097065	0.01	-16	0	552	340	WSPR2	55200	29966	2.6.1
2025-11-06 11:46	KF8EEZ	EM89	KD4ADC	EM74dk	14.097077	0.01	-15	0	609	204	WSPR2	60900	34800	2.7.1-deve
2025-11-06 11:46	KF8EEZ	EM89	KQ2Y	FN31gn	14.097069	0.01	-15	0	842	71	WSPR2	84200	48114	v1.2.94
2025-11-06 11:46	KF8EEZ	EM89	VE6JY	DO33or	14.09708	0.01	-9	0	2738	315	WSPR2	273800	203394	2.7.1-deve
2025-11-06 11:46	KF8EEZ	EM89	W3HH	EL89vb	14.09708	0.01	-9	0	1161	176	WSPR2	116100	86246	2.6.1
2025-11-06 11:46	KF8EEZ	EM89	N9AGL	EN62ad	14.097091	0.01	-22	0	509	307	WSPR2	50900	18906	2.6.1
2025-11-06 11:46	KF8EEZ	EM89	WA9FIO	EN43jt	14.097071	0.01	-13	-1	832	308	WSPR2	83200	52297	2.6.1
2025-11-06 11:46	KF8EEZ	EM89	KI5MQY	EM13qa	14.097102	0.01	-24	-1	1412	244	WSPR2	141200	44377	3.0.0-rc1
2025-11-06 11:46	KF8EEZ	EM89	KC9VNU	EM80ug	14.097076	0.01	-20	0	1026	176	WSPR2	102600	43971	2.7.0
2025-11-06 11:46	KF8EEZ	EM89	K9REO	EN53gb	14.097063	0.01	-25	0	668	309	WSPR2	66800	19086	2.6.1
2025-11-06 11:46	KF8EEZ	EM89	KA3LNA	FM29dc	14.097082	0.01	-18	0	632	91	WSPR2	63200	30697	2.3.1
2025-11-06 11:56	KF8EEZ	EM89	WD4ELG	FM06be	14.097066	0.01	-10	0	460	142	WSPR2	46000	32857	WD_3.3.2-1
2025-11-06 11:56	KF8EEZ	EM89	KM3T-3	FN42et	14.097035	0.01	-15	0	1024	65	WSPR2	102400	58514	CWSL_DIGI
2025-11-06 11:56	KF8EEZ	EM89	KV0S	EM38tv	14.097065	0.01	-17	0	807	268	WSPR2	80700	41503	WD_3.3.2-1
2025-11-06 11:56	KF8EEZ	EM89	AA4PG	EM63pm	14.097062	0.01	-16	0	739	207	WSPR2	73900	40117	1.4A Kiwi
2025-11-06 11:56	KF8EEZ	EM89	KD7EFG-1	DN31uo	14.097065	0.01	-8	0	2471	285	WSPR2	247100	190620	WD_3.1.7
2025-11-06 11:56	KF8EEZ	EM89	WZ7I	FN20kk	14.09707	0.01	-18	0	683	78	WSPR2	68300	33174	CWSL_DIGI
2025-11-06 11:56	KF8EEZ	EM89	KG9DUK	EM15gj	14.097065	0.01	-17	0	1350	255	WSPR2	135000	69429	web-888
2025-11-06 11:56	KF8EEZ	EM89	WF4V	FM18jr	14.097067	0.01	-28	-1	510	98	WSPR2	51000	10200	1.4A Kiwi
2025-11-06 11:56	KF8EEZ	EM89	N5MCB	EM13pe	14.097065	0.01	-15	0	1408	244	WSPR2	140800	80457	web-888
2025-11-06 11:56	KF8EEZ	EM89	K6RFT	EM47bg	14.097065	0.01	-5	0	808	255	WSPR2	80800	69257	WD_3.2.3
2025-11-06 11:56	KF8EEZ	EM89	N2YCH	FN31jg	14.097066	0.01	-2	0	856	73	WSPR2	85600	80709	WD_3.3.2-2
2025-11-06 11:56	KF8EEZ	EM89	K5TR	EM00uf	14.097138	0.01	-10	0	1726	238	WSPR2	172600	123286	CWSL_DIGI
2025-11-06 11:56	KF8EEZ	EM89	K5KHK	FN13dc	14.097135	0.01	-7	0	601	46	WSPR2	60100	48080	1.4A Kiwi
2025-11-06 11:56	KF8EEZ	EM89	WA2TP	FN30lu	14.097067	0.01	-6	0	863	77	WSPR2	86300	71506	WD_3.2.1
2025-11-06 11:56	KF8EEZ	EM89	WA2N	EM85ll	14.097067	0.01	-8	0	445	180	WSPR2	44500	34329	WD_3.2.3-1
2025-11-06 11:56	KF8EEZ	EM89	K8NVH	EN82lm	14.097066	0.01	-7	0	338	0	WSPR2	33800	27040	WD_3.2.3
2025-11-06 11:56	KF8EEZ	EM89	W2KGY	FN31aj	14.097066	0.01	-16	0	797	72	WSPR2	79700	43266	WD_3.3.2-2
2025-11-06 11:56	KF8EEZ	EM89	K5MO	FM05	14.097067	0.01	-11	0	568	140	WSPR2	56800	38949	WD_3.2.3
2025-11-06 11:56	KF8EEZ	EM89	N8GA	EN80ee	14.097065	0.01	-4	0	93	328	WSPR2	9300	8237	WD_3.3.2-1
2025-11-06 11:56	KF8EEZ	EM89	K9IMM	EN52cv	14.097048	0.01	-18	0	680	306	WSPR2	68000	33029	CWSL_DIGI
2025-11-06 11:56	KF8EEZ	EM89	VE3EID	FN05gk	14.097086	0.01	-9	0	725	23	WSPR2	72500	53857	CWSL_DIGI
2025-11-06 11:56	KF8EEZ	EM89	SWLFNS	FN20hu	14.097067	0.01	-12	0	669	74	WSPR2	66900	43963	1.4A Kiwi
2025-11-06 11:56	KF8EEZ	EM89	K1RA-PI	FM18cr	14.097069	0.01	-16	2	461	99	WSPR2	46100	25026	DS_0.35.1
2025-11-06 11:56	KF8EEZ	EM89	KM3T	FN42et	14.097057	0.01	-28	0	1024	65	WSPR2	102400	20480	CWSL_DIGI
2025-11-06 11:56	KF8EEZ	EM89	N1CL	CN87xk	14.097064	0.01	-17	0	3233	299	WSPR2	323300	166269	WD_3.2.3
2025-11-06 11:56	KF8EEZ	EM89	K1RA	FM18cr	14.097087	0.01	-17	-4	461	99	WSPR2	46100	23709	CWSL_DIGI
2025-11-06 11:56	KF8EEZ	EM89	N6GN5	DN70jo	14.097064	0.01	-10	0	1886	281	WSPR2	188600	134714	WD_3.3.2-2
2025-11-06 11:56	KF8EEZ	EM89	KD2OM	FN12gx	14.097066	0.01	-3	0	608	48	WSPR2	60800	55589	WD_3.3.2-2
2025-11-06 11:56	KF8EEZ	EM89	N2YCH-1	FN31jg	14.097066	0.01	-3	0	856	73	WSPR2	85600	78263	WD_3.3.2-2
2025-11-06 11:56	KF8EEZ	EM89	AC0G/B2	EM38ww	14.097065	0.01	-4	0	785	268	WSPR2	78500	69529	WD_3.3.2-2
2025-11-06 11:56	KF8EEZ	EM89	AC0G/ND	EN16ov	14.097065	0.01	-14	0	1383	311	WSPR2	138300	82980	WD_3.3.2-2
2025-11-06 11:56	KF8EEZ	EM89	K4JK	FM07vs	14.097066	0.01	-7	0	461	113	WSPR2	46100	36880	WD_3.3.2-2
2025-11-06 11:56	KF8EEZ	EM89	N3AGE-2	FN30hw	14.097066	0.01	-11	0	836	76	WSPR2	83600	57326	WD_3.3.2-2
2025-11-06 11:56	KF8EEZ	EM89	K9TRV-4	EN82bi	14.097065	0.01	-10	0	327	348	WSPR2	32700	23357	WD_3.3.2-2
2025-11-06 11:56	KF8EEZ	EM89	K3GMQ-B	FN20lh	14.097066	0.01	-7	0	688	80	WSPR2	68800	55040	WD_3.3.2-2
2025-11-06 11:56	KF8EEZ	EM89	W3PM	EM64or	14.097066	0.01	-13	0	624	213	WSPR2	62400	39223	WD_3.3.2-2
2025-11-06 11:56	KF8EEZ	EM89	KE4IP	EM73sx	14.097063	0.01	-14	0	624	192	WSPR2	62400	37440	v1.2.28
2025-11-06 11:56	KF8EEZ	EM89	KC2G	FN21wa	14.097067	0.01	-12	-1	776	74	WSPR2	77600	50994	WD_3.3.2-2
2025-11-06 11:56	KF8EEZ	EM89	WA3TTS	EN90xn	14.097056	0.01	-12	0	282	64	WSPR2	28200	18531	2.6.1
2025-11-06 11:56	KF8EEZ	EM89	UACNJ	FN20mv	14.097066	0.01	-6	0	704	74	WSPR2	70400	58331	WD_3.3.2-2
2025-11-06 11:56	KF8EEZ	EM89	KD3ALD	FN21ni	14.097066	0.01	-17	0	722	71	WSPR2	72200	37131	WD_3.3.2-1
2025-11-06 11:56	KF8EEZ	EM89	W2NAF-3	FN21ei	14.097066	0.01	-8	0	661	69	WSPR2	66100	50991	WD_3.3.2-2
2025-11-06 11:56	KF8EEZ	EM89	W3OA	EM95mn	14.097	0.01	-9	0	473	156	WSPR2	47300	35137	CWSL_DIGI
2025-11-06 11:56	KF8EEZ	EM89	KX4AZ/T	EN74gc	14.097064	0.01	-2	0	552	340	WSPR2	55200	52046	WD_3.3.2-2
2025-11-06 11:56	KF8EEZ	EM89	N4TVC/4	FM18is	14.097114	0.01	-27	0	502	97	WSPR2	50200	11474	
2025-11-06 11:56	KF8EEZ	EM89	K3GMQ	FN20lh	14.097067	0.01	-19	0	688	80	WSPR2	68800	31451	QMTECH
2025-11-06 11:56	KF8EEZ	EM89	WW4ET	FM14bb	14.097074	0.01	-13	-1	758	141	WSPR2	75800	47646	2.7.0
2025-11-06 11:56	KF8EEZ	EM89	W2NAF-2	FN21ei	14.097066	0.01	-10	0	661	69	WSPR2	66100	47214	WD_3.3.2-2
2025-11-06 11:56	KF8EEZ	EM89	W4BDE	EL89pr	14.097076	0.01	-7	0	1085	178	WSPR2	108500	86800	2.6.1
2025-11-06 11:56	KF8EEZ	EM89	KG6NFJ	EM79wp	14.097067	0.01	-24	0	95	282	WSPR2	9500	2986	v1.2.72
2025-11-06 11:56	KF8EEZ	EM89	KG0D	CN88ka	14.097069	0.01	-19	0	3315	300	WSPR2	331500	151543	SparkSDR
2025-11-06 11:56	KF8EEZ	EM89	N9WTG	EL87ql	14.097066	0.01	-22	0	1335	178	WSPR2	133500	49586	v1.2.94
2025-11-06 11:56	KF8EEZ	EM89	W1XP	FN42fo	14.097066	0.01	-19	0	1024	66	WSPR2	102400	46811	WD_3.3.2-2
2025-11-06 11:56	KF8EEZ	EM89	FN41RY	FN41ks	14.097076	0.01	-21	0	1037	72	WSPR2	103700	41480	v1.2.97
2025-11-06 11:56	KF8EEZ	EM89	WA9FIO	EN43jt	14.09707	0.01	-6	0	832	308	WSPR2	83200	68937	2.6.1
2025-11-06 11:56	KF8EEZ	EM89	KC9GHZ	EN62bk	14.097068	0.01	-13	0	522	311	WSPR2	52200	32811	v1.2.93
2025-11-06 11:56	KF8EEZ	EM89	AC1IM	FN42kk	14.097068	0.01	-29	0	1052	68	WSPR2	105200	18034	2.7.0
2025-11-06 11:56	KF8EEZ	EM89	K4KR	EM74	14.097098	0.01	-9	0	584	198	WSPR2	58400	43383	2.7.0
2025-11-06 11:56	KF8EEZ	EM89	VE4ACE	EN19ku	14.097059	0.01	-18	0	1598	321	WSPR2	159800	77617	web-888
2025-11-06 11:56	KF8EEZ	EM89	AE5AU	EM34rq	14.097067	0.01	-18	0	996	241	WSPR2	99600	48377	SparkSDR
2025-11-06 11:56	KF8EEZ	EM89	W3HH	EL89vb	14.09708	0.01	-8	0	1161	176	WSPR2	116100	89563	2.6.1
2025-11-06 11:56	KF8EEZ	EM89	K4FMH	EM52aa	14.097069	0.01	-20	0	1037	219	WSPR2	103700	44443	v1.2.49
2025-11-06 11:56	KF8EEZ	EM89	VA3HKW	EN94	14.097089	0.01	-17	0	580	16	WSPR2	58000	29829	2.7.0
2025-11-06 11:56	KF8EEZ	EM89	KD9KHZ	EN53wa	14.09715	0.01	-6	-1	579	314	WSPR2	57900	47974	1.4A Kiwi
2025-11-06 11:56	KF8EEZ	EM89	W8COE	EN80md	14.097079	0.01	-24	0	74	5	WSPR2	7400	2326	v1.2.96
2025-11-06 11:56	KF8EEZ	EM89	WA3VPZ	FM19kn	14.097051	0.01	-10	0	507	87	WSPR2	50700	36214	2.5.4
2025-11-06 11:56	KF8EEZ	EM89	KC9VNU	EM80ug	14.097076	0.01	-16	0	1026	176	WSPR2	102600	55697	2.7.0
2025-11-06 11:56	KF8EEZ	EM89	KB3CNS	FN00mt	14.097079	0.01	-23	0	377	66	WSPR2	37700	12926	v1.2.95
2025-11-06 11:56	KF8EEZ	EM89	SWLKCL	FN04	14.097064	0.01	-17	0	647	29	WSPR2	64700	33274	2.3.0
2025-11-06 11:56	KF8EEZ	EM89	KC0KVR	EM48rp	14.097081	0.01	-21	0	654	264	WSPR2	65400	26160	SparkSDR
2025-11-06 11:56	KF8EEZ	EM89	N9AGL	EN62ad	14.097091	0.01	-19	0	509	307	WSPR2	50900	23269	2.6.1
2025-11-06 11:56	KF8EEZ	EM89	KI5MQY	EM13qa	14.097103	0.01	-17	0	1412	244	WSPR2	141200	72617	3.0.0-rc1
2025-11-06 11:56	KF8EEZ	EM89	K1HTV-4	FM18ap	14.097067	0.01	-8	0	448	100	WSPR2	44800	34560	SparkSDR
2025-11-06 11:56	KF8EEZ	EM89	KQ2Y	FN31gn	14.097069	0.01	-10	0	842	71	WSPR2	84200	60143	v1.2.94
2025-11-06 11:56	KF8EEZ	EM89	K4COD	EM73sc	14.097066	0.01	-23	0	720	191	WSPR2	72000	24686	2.6.0
2025-11-06 11:56	KF8EEZ	EM89	W3SP	EM73	14.097065	0.01	-13	0	691	196	WSPR2	69100	43434	2.7.0
2025-11-06 11:56	KF8EEZ	EM89	AA2L	EN74qw	14.097067	0.01	-22	0	621	348	WSPR2	62100	23066	2.6.1
2025-11-06 11:56	KF8EEZ	EM89	KE7A	EM12kx	14.097072	0.01	-18	0	1453	245	WSPR2	145300	70574	2.7.0
2025-11-06 11:56	KF8EEZ	EM89	AJ4AV	EM73tw	14.097083	0.01	-24	0	628	191	WSPR2	62800	19737	SparkSDR
2025-11-06 11:56	KF8EEZ	EM89	KF4JU	EL87pt	14.097081	0.01	-22	0	1298	179	WSPR2	129800	48211	2.1.2
2025-11-06 11:56	KF8EEZ	EM89	KB5JRC	EM12jv	14.097061	0.01	-22	0	1464	244	WSPR2	146400	54377	2.7.0
2025-11-06 11:56	KF8EEZ	EM89	K5XL	EM12kp	14.097065	0.01	-9	0	1474	243	WSPR2	147400	109497	3.0.0-rc1
2025-11-06 11:56	KF8EEZ	EM89	KM4RK	EM93td	14.09708	0.01	-15	0	744	160	WSPR2	74400	42514	2.6.1
2025-11-06 11:56	KF8EEZ	EM89	KE2DBO	FM29mt	14.097067	0.01	-26	0	693	84	WSPR2	69300	17820	web-888
2025-11-06 11:56	KF8EEZ	EM89	KA3LNA	FM29dc	14.097082	0.01	-9	0	632	91	WSPR2	63200	46949	2.3.1
2025-11-06 12:06	KF8EEZ	EM89	KM3T-3	FN42et	14.097035	0.01	-16	-1	1024	65	WSPR2	102400	55589	CWSL_DIGI
2025-11-06 12:06	KF8EEZ	EM89	KV0S	EM38tv	14.097065	0.01	-13	0	807	268	WSPR2	80700	50726	WD_3.3.2-1
2025-11-06 12:06	KF8EEZ	EM89	N2YCH	FN31jg	14.097066	0.01	-4	0	856	73	WSPR2	85600	75817	WD_3.3.2-2
2025-11-06 12:06	KF8EEZ	EM89	KFS/SE	CM87tj	14.097065	0.01	-19	-1	3406	279	WSPR2	340600	155703	WD_3.3.2-2
2025-11-06 12:06	KF8EEZ	EM89	K5TR	EM00uf	14.097145	0.01	-15	0	1726	238	WSPR2	172600	98629	CWSL_DIGI
2025-11-06 12:06	KF8EEZ	EM89	WZ7I	FN20kk	14.09707	0.01	-20	0	683	78	WSPR2	68300	29271	CWSL_DIGI
2025-11-06 12:06	KF8EEZ	EM89	SWLFNS	FN20hu	14.097067	0.01	-10	0	669	74	WSPR2	66900	47786	1.4A Kiwi
2025-11-06 12:06	KF8EEZ	EM89	K5KHK	FN13dc	14.097135	0.01	-6	0	601	46	WSPR2	60100	49797	1.4A Kiwi
2025-11-06 12:06	KF8EEZ	EM89	K6RFT	EM47bg	14.097065	0.01	-2	0	808	255	WSPR2	80800	76183	WD_3.2.3
2025-11-06 12:06	KF8EEZ	EM89	KD7EFG-1	DN31uo	14.097065	0.01	-12	0	2471	285	WSPR2	247100	162380	WD_3.1.7
2025-11-06 12:06	KF8EEZ	EM89	WA2TP	FN30lu	14.097067	0.01	-4	-2	863	77	WSPR2	86300	76437	WD_3.2.1
2025-11-06 12:06	KF8EEZ	EM89	AF7KR	DM45dg	14.097066	0.01	-21	-1	2565	269	WSPR2	256500	102600	WD_3.3.2-1
2025-11-06 12:06	KF8EEZ	EM89	KPH	CM88mc	14.097065	0.01	-22	-1	3434	280	WSPR2	343400	127549	WD_3.3.2-2
2025-11-06 12:06	KF8EEZ	EM89	WA5DJJ	DM62ph	14.097066	0.01	-20	0	2268	257	WSPR2	226800	97200	2.6.1
2025-11-06 12:06	KF8EEZ	EM89	K9IMM	EN52cv	14.097047	0.01	-17	-1	680	306	WSPR2	68000	34971	CWSL_DIGI
2025-11-06 12:06	KF8EEZ	EM89	W3OA	EM95mn	14.097	0.01	-21	0	473	156	WSPR2	47300	18920	CWSL_DIGI
2025-11-06 12:06	KF8EEZ	EM89	WA2N	EM85ll	14.097067	0.01	-3	-1	445	180	WSPR2	44500	40686	WD_3.2.3-1
2025-11-06 12:06	KF8EEZ	EM89	N6GN4	DN70ll	14.097065	0.01	-21	0	1873	280	WSPR2	187300	74920	WD_3.3.2-2
2025-11-06 12:06	KF8EEZ	EM89	KFS/OMNI	CM87tj	14.097065	0.01	-20	-1	3406	279	WSPR2	340600	145971	WD_3.3.2-2
2025-11-06 12:06	KF8EEZ	EM89	K8NVH	EN82lm	14.097065	0.01	-13	0	338	0	WSPR2	33800	21246	WD_3.2.3
2025-11-06 12:06	KF8EEZ	EM89	N3AGE-4	FN30hw	14.097066	0.01	-10	0	836	76	WSPR2	83600	59714	WD_3.3.2-2
2025-11-06 12:06	KF8EEZ	EM89	K1RA	FM18cr	14.097099	0.01	-19	0	461	99	WSPR2	46100	21074	CWSL_DIGI
2025-11-06 12:06	KF8EEZ	EM89	N8GA	EN80ee	14.097065	0.01	-2	0	93	328	WSPR2	9300	8769	WD_3.3.2-1
2025-11-06 12:06	KF8EEZ	EM89	K5MO	FM05	14.097068	0.01	-12	0	568	140	WSPR2	56800	37326	WD_3.2.3
2025-11-06 12:06	KF8EEZ	EM89	KD2OM	FN12gx	14.097066	0.01	-6	0	608	48	WSPR2	60800	50377	WD_3.3.2-2
2025-11-06 12:06	KF8EEZ	EM89	W2KGY	FN31aj	14.097066	0.01	-14	0	797	72	WSPR2	79700	47820	WD_3.3.2-2
2025-11-06 12:06	KF8EEZ	EM89	KFS	CM87tj	14.097065	0.01	-19	-1	3406	279	WSPR2	340600	155703	WD_3.3.2-2
2025-11-06 12:06	KF8EEZ	EM89	KFS/O	CM87tj	14.097065	0.01	-22	-1	3406	279	WSPR2	340600	126509	WD_3.3.2-1
2025-11-06 12:06	KF8EEZ	EM89	VE3EID	FN05gk	14.097086	0.01	-15	0	725	23	WSPR2	72500	41429	CWSL_DIGI
2025-11-06 12:06	KF8EEZ	EM89	WW4ET	FM14bb	14.097074	0.01	-12	0	758	141	WSPR2	75800	49811	2.7.0
2025-11-06 12:06	KF8EEZ	EM89	N6GN5	DN70jo	14.097064	0.01	-15	0	1886	281	WSPR2	188600	107771	WD_3.3.2-2
2025-11-06 12:06	KF8EEZ	EM89	K6VZK	DM13nh	14.097065	0.01	-20	0	3086	268	WSPR2	308600	132257	WD_3.2.3-1
2025-11-06 12:06	KF8EEZ	EM89	AC0G/ND	EN16ov	14.097065	0.01	-18	0	1383	311	WSPR2	138300	67174	WD_3.3.2-2
2025-11-06 12:06	KF8EEZ	EM89	K4JK	FM07vs	14.097067	0.01	-8	0	461	113	WSPR2	46100	35563	WD_3.3.2-2
2025-11-06 12:06	KF8EEZ	EM89	N4TVC/4	FM18is	14.097114	0.01	-27	0	502	97	WSPR2	50200	11474	
2025-11-06 12:06	KF8EEZ	EM89	K3GMQ	FN20lh	14.097067	0.01	-17	0	688	80	WSPR2	68800	35383	QMTECH
2025-11-06 12:06	KF8EEZ	EM89	AC0G/B2	EM38ww	14.097065	0.01	-2	0	785	268	WSPR2	78500	74014	WD_3.3.2-2
2025-11-06 12:06	KF8EEZ	EM89	N2YCH-1	FN31jg	14.097067	0.01	-12	0	856	73	WSPR2	85600	56251	WD_3.3.2-2
2025-11-06 12:06	KF8EEZ	EM89	W3PM	EM64or	14.097065	0.01	-15	0	624	213	WSPR2	62400	35657	WD_3.3.2-2
2025-11-06 12:06	KF8EEZ	EM89	UACNJ	FN20mv	14.097066	0.01	-14	0	704	74	WSPR2	70400	42240	WD_3.3.2-2
2025-11-06 12:06	KF8EEZ	EM89	K9TRV	EN82bi	14.097065	0.01	-16	0	327	348	WSPR2	32700	17751	WD_3.3.2-2
2025-11-06 12:06	KF8EEZ	EM89	KC2G	FN21wa	14.097066	0.01	-15	0	776	74	WSPR2	77600	44343	WD_3.3.2-2
2025-11-06 12:06	KF8EEZ	EM89	KD7EFG	DN31uo	14.097064	0.01	-12	0	2471	285	WSPR2	247100	162380	WD_3.3.2-2
2025-11-06 12:06	KF8EEZ	EM89	K3GMQ-B	FN20lh	14.097066	0.01	-5	0	688	80	WSPR2	68800	58971	WD_3.3.2-2
2025-11-06 12:06	KF8EEZ	EM89	K9TRV-4	EN82bi	14.097066	0.01	-13	0	327	348	WSPR2	32700	20554	WD_3.3.2-2
2025-11-06 12:06	KF8EEZ	EM89	KX4AZ/T	EN74gc	14.097067	0.01	-7	-1	552	340	WSPR2	55200	44160	WD_3.3.2-2
2025-11-06 12:06	KF8EEZ	EM89	W2NAF-3	FN21ei	14.097066	0.01	-4	0	661	69	WSPR2	66100	58546	WD_3.3.2-2
2025-11-06 12:06	KF8EEZ	EM89	W2NAF-2	FN21ei	14.097066	0.01	-7	0	661	69	WSPR2	66100	52880	WD_3.3.2-2
2025-11-06 12:06	KF8EEZ	EM89	WA3TTS	EN90xn	14.097056	0.01	-12	0	282	64	WSPR2	28200	18531	2.6.1
2025-11-06 12:06	KF8EEZ	EM89	KD3ALD	FN21ni	14.097066	0.01	-15	0	722	71	WSPR2	72200	41257	WD_3.3.2-1
2025-11-06 12:06	KF8EEZ	EM89	N3AGE-2	FN30hw	14.097066	0.01	-17	0	836	76	WSPR2	83600	42994	WD_3.3.2-2
2025-11-06 12:06	KF8EEZ	EM89	W4BDE	EL89pr	14.097076	0.01	-5	0	1085	178	WSPR2	108500	93000	2.6.1
2025-11-06 12:06	KF8EEZ	EM89	WA3VPZ	FM19kn	14.097051	0.01	-7	0	507	87	WSPR2	50700	40560	2.5.4
2025-11-06 12:06	KF8EEZ	EM89	W1XP	FN42fo	14.097066	0.01	-20	0	1024	66	WSPR2	102400	43886	WD_3.3.2-2
2025-11-06 12:06	KF8EEZ	EM89	KE4IP	EM73sx	14.097062	0.01	-16	0	624	192	WSPR2	62400	33874	v1.2.28
2025-11-06 12:06	KF8EEZ	EM89	FN41RY	FN41ks	14.097076	0.01	-17	0	1037	72	WSPR2	103700	53331	v1.2.97
2025-11-06 12:06	KF8EEZ	EM89	N8VIM	FN42fq	14.097068	0.01	-17	0	1027	66	WSPR2	102700	52817	2.7.0
2025-11-06 12:06	KF8EEZ	EM89	AE5AU	EM34rq	14.097066	0.01	-13	0	996	241	WSPR2	99600	62606	SparkSDR
2025-11-06 12:06	KF8EEZ	EM89	WA9FIO	EN43jt	14.097071	0.01	-11	0	832	308	WSPR2	83200	57051	2.6.1
2025-11-06 12:06	KF8EEZ	EM89	KE6BEE	CM88sg	14.097065	0.01	-16	0	3387	281	WSPR2	338700	183866	web-888
2025-11-06 12:06	KF8EEZ	EM89	KM3T	FN42et	14.097057	0.01	-27	0	1024	65	WSPR2	102400	23406	CWSL_DIGI
2025-11-06 12:06	KF8EEZ	EM89	KC9GHZ	EN62bk	14.097068	0.01	-10	0	522	311	WSPR2	52200	37286	v1.2.93
2025-11-06 12:06	KF8EEZ	EM89	N3RUM	FN21el	14.097061	0.01	-24	0	665	68	WSPR2	66500	20900	2.6.1
2025-11-06 12:06	KF8EEZ	EM89	W3HH	EL89vb	14.09708	0.01	-11	0	1161	176	WSPR2	116100	79611	2.6.1
2025-11-06 12:06	KF8EEZ	EM89	N9YNG	FN21ub	14.097089	0.01	-18	0	763	74	WSPR2	76300	37060	2.6.1
2025-11-06 12:06	KF8EEZ	EM89	KM4RK	EM93td	14.09708	0.01	-2	0	744	160	WSPR2	74400	70149	2.6.1
2025-11-06 12:06	KF8EEZ	EM89	K4COD	EM73sc	14.097065	0.01	-23	-1	720	191	WSPR2	72000	24686	2.6.0
2025-11-06 12:06	KF8EEZ	EM89	K5XL	EM12kp	14.097065	0.01	-11	0	1474	243	WSPR2	147400	101074	3.0.0-rc1
2025-11-06 12:06	KF8EEZ	EM89	KQ2Y	FN31gn	14.097069	0.01	-6	0	842	71	WSPR2	84200	69766	v1.2.94
2025-11-06 12:06	KF8EEZ	EM89	SWLKCL	FN04	14.097065	0.01	-16	0	647	29	WSPR2	64700	35123	2.3.0
2025-11-06 12:06	KF8EEZ	EM89	VE6JY	DO33or	14.09708	0.01	-13	0	2738	315	WSPR2	273800	172103	2.7.1-deve
2025-11-06 12:06	KF8EEZ	EM89	K4KR	EM74	14.097098	0.01	-9	0	584	198	WSPR2	58400	43383	2.7.0
2025-11-06 12:06	KF8EEZ	EM89	KD4ADC	EM74dk	14.097077	0.01	-12	-1	609	204	WSPR2	60900	40020	2.7.1-deve
2025-11-06 12:06	KF8EEZ	EM89	KC9VNU	EM80ug	14.097076	0.01	-17	0	1026	176	WSPR2	102600	52766	2.7.0
2025-11-06 12:06	KF8EEZ	EM89	KI5MQY	EM13qa	14.097104	0.01	-21	0	1412	244	WSPR2	141200	56480	3.0.0-rc1
2025-11-06 12:06	KF8EEZ	EM89	WY7JMS	DN71pd	14.097068	0.01	-24	0	1842	283	WSPR2	184200	57891	2.7.0
2025-11-06 12:06	KF8EEZ	EM89	KO4LG	EM94kb	14.097076	0.01	-26	0	626	164	WSPR2	62600	16097	2.5.4
2025-11-06 12:06	KF8EEZ	EM89	N9AGL	EN62ad	14.097091	0.01	-15	0	509	307	WSPR2	50900	29086	2.6.1
2025-11-06 12:06	KF8EEZ	EM89	KA3LNA	FM29dc	14.097082	0.01	-14	0	632	91	WSPR2	63200	37920	2.3.1
2025-11-06 12:06	KF8EEZ	EM89	AA2L	EN74qw	14.097066	0.01	-22	0	621	348	WSPR2	62100	23066	2.6.1
2025-11-06 12:06	KF8EEZ	EM89	AJ4AV	EM73tw	14.097082	0.01	-23	0	628	191	WSPR2	62800	21531	SparkSDR
2025-11-06 12:06	KF8EEZ	EM89	W3SP	EM73	14.097065	0.01	-18	-1	691	196	WSPR2	69100	33563	2.7.0
2025-11-06 12:06	KF8EEZ	EM89	VA3HKW	EN94	14.097089	0.01	-19	0	580	16	WSPR2	58000	26514	2.7.0
2025-11-06 12:06	KF8EEZ	EM89	KE7A	EM12kx	14.097072	0.01	-17	-1	1453	245	WSPR2	145300	74726	2.7.0
2025-11-06 12:06	KF8EEZ	EM89	K9REO	EN53gb	14.097064	0.01	-19	0	668	309	WSPR2	66800	30537	2.6.1
2025-11-06 12:16	KF8EEZ	EM89	WD4ELG	FM06be	14.097067	0.01	-13	0	460	142	WSPR2	46000	28914	WD_3.3.2-1
2025-11-06 12:16	KF8EEZ	EM89	KM3T-3	FN42et	14.097035	0.01	-18	0	1024	65	WSPR2	102400	49737	CWSL_DIGI
2025-11-06 12:16	KF8EEZ	EM89	N2YCH	FN31jg	14.097067	0.01	-6	0	856	73	WSPR2	85600	70926	WD_3.3.2-2
2025-11-06 12:16	KF8EEZ	EM89	KD9KHZ	EN53wa	14.09715	0.01	-9	0	579	314	WSPR2	57900	43011	1.4A Kiwi
2025-11-06 12:16	KF8EEZ	EM89	K6RFT	EM47bg	14.097065	0.01	-9	0	808	255	WSPR2	80800	60023	WD_3.2.3
2025-11-06 12:16	KF8EEZ	EM89	AF7KR	DM45dg	14.097067	0.01	-23	0	2565	269	WSPR2	256500	87943	WD_3.3.2-1
2025-11-06 12:16	KF8EEZ	EM89	WA2TP	FN30lu	14.097067	0.01	-6	0	863	77	WSPR2	86300	71506	WD_3.2.1
2025-11-06 12:16	KF8EEZ	EM89	K9IMM	EN52cv	14.097047	0.01	-17	0	680	306	WSPR2	68000	34971	CWSL_DIGI
2025-11-06 12:16	KF8EEZ	EM89	K8NVH	EN82lm	14.097066	0.01	-16	0	338	0	WSPR2	33800	18349	WD_3.2.3
2025-11-06 12:16	KF8EEZ	EM89	K1RA	FM18cr	14.097101	0.01	-21	0	461	99	WSPR2	46100	18440	CWSL_DIGI
2025-11-06 12:16	KF8EEZ	EM89	N6GN4	DN70ll	14.097065	0.01	-24	0	1873	280	WSPR2	187300	58866	WD_3.3.2-2
2025-11-06 12:16	KF8EEZ	EM89	K5TR	EM00uf	14.097138	0.01	-27	0	1726	238	WSPR2	172600	39451	CWSL_DIGI
2025-11-06 12:16	KF8EEZ	EM89	W2KGY	FN31aj	14.097067	0.01	-12	0	797	72	WSPR2	79700	52374	WD_3.3.2-2
2025-11-06 12:16	KF8EEZ	EM89	N8GA	EN80ee	14.097065	0.01	-9	0	93	328	WSPR2	9300	6909	WD_3.3.2-1
2025-11-06 12:16	KF8EEZ	EM89	WA2N	EM85ll	14.097067	0.01	-10	0	445	180	WSPR2	44500	31786	WD_3.2.3-1
2025-11-06 12:16	KF8EEZ	EM89	K5MO	FM05	14.097069	0.01	-16	0	568	140	WSPR2	56800	30834	WD_3.2.3
2025-11-06 12:16	KF8EEZ	EM89	W3OA	EM95mn	14.097	0.01	-16	0	473	156	WSPR2	47300	25677	CWSL_DIGI
2025-11-06 12:16	KF8EEZ	EM89	K5KHK	FN13dc	14.097136	0.01	-7	0	601	46	WSPR2	60100	48080	1.4A Kiwi
2025-11-06 12:16	KF8EEZ	EM89	K3GMQ	FN20lh	14.097067	0.01	-16	0	688	80	WSPR2	68800	37349	QMTECH
2025-11-06 12:16	KF8EEZ	EM89	VE3EID	FN05gk	14.097086	0.01	-13	0	725	23	WSPR2	72500	45571	CWSL_DIGI
2025-11-06 12:16	KF8EEZ	EM89	AC0G/B2	EM38ww	14.097065	0.01	-9	0	785	268	WSPR2	78500	58314	WD_3.3.2-2
2025-11-06 12:16	KF8EEZ	EM89	AB1KW	FN43fe	14.097067	0.01	-17	0	1044	63	WSPR2	104400	53691	DS_0.35.1
2025-11-06 12:16	KF8EEZ	EM89	N2YCH-1	FN31jg	14.097067	0.01	-7	0	856	73	WSPR2	85600	68480	WD_3.3.2-2
2025-11-06 12:16	KF8EEZ	EM89	KD2OM	FN12gx	14.097067	0.01	-2	0	608	48	WSPR2	60800	57326	WD_3.3.2-2
2025-11-06 12:16	KF8EEZ	EM89	N6GN5	DN70jo	14.097064	0.01	-14	0	1886	281	WSPR2	188600	113160	WD_3.3.2-2
2025-11-06 12:16	KF8EEZ	EM89	K9TRV	EN82bi	14.097065	0.01	-15	0	327	348	WSPR2	32700	18686	WD_3.3.2-2
2025-11-06 12:16	KF8EEZ	EM89	K3GMQ-B	FN20lh	14.097067	0.01	-11	0	688	80	WSPR2	68800	47177	WD_3.3.2-2
2025-11-06 12:16	KF8EEZ	EM89	WA3TTS	EN90xn	14.097056	0.01	-15	0	282	64	WSPR2	28200	16114	2.6.1
2025-11-06 12:16	KF8EEZ	EM89	KD3ALD	FN21ni	14.097067	0.01	-19	0	722	71	WSPR2	72200	33006	WD_3.3.2-1
2025-11-06 12:16	KF8EEZ	EM89	K4JK	FM07vs	14.097067	0.01	-11	0	461	113	WSPR2	46100	31611	WD_3.3.2-2
2025-11-06 12:16	KF8EEZ	EM89	N5MCB	EM13pe	14.097066	0.01	-15	0	1408	244	WSPR2	140800	80457	web-888
2025-11-06 12:16	KF8EEZ	EM89	W3PM	EM64or	14.097065	0.01	-14	0	624	213	WSPR2	62400	37440	WD_3.3.2-2
2025-11-06 12:16	KF8EEZ	EM89	K9TRV-4	EN82bi	14.097066	0.01	-12	0	327	348	WSPR2	32700	21489	WD_3.3.2-2
2025-11-06 12:16	KF8EEZ	EM89	KC2G	FN21wa	14.097067	0.01	-12	0	776	74	WSPR2	77600	50994	WD_3.3.2-2
2025-11-06 12:16	KF8EEZ	EM89	UACNJ	FN20mv	14.097067	0.01	-9	0	704	74	WSPR2	70400	52297	WD_3.3.2-2
2025-11-06 12:16	KF8EEZ	EM89	N3AGE-2	FN30hw	14.097067	0.01	-15	0	836	76	WSPR2	83600	47771	WD_3.3.2-2
2025-11-06 12:16	KF8EEZ	EM89	AC0G/ND	EN16ov	14.097065	0.01	-22	0	1383	311	WSPR2	138300	51369	WD_3.3.2-2
2025-11-06 12:16	KF8EEZ	EM89	W1/AJ8S	FN44mf	14.097071	0.01	-19	0	1130	58	WSPR2	113000	51657	2.3.0
2025-11-06 12:16	KF8EEZ	EM89	W2NAF-3	FN21ei	14.097067	0.01	-14	0	661	69	WSPR2	66100	39660	WD_3.3.2-2
2025-11-06 12:16	KF8EEZ	EM89	W2NAF-2	FN21ei	14.097067	0.01	-17	0	661	69	WSPR2	66100	33994	WD_3.3.2-2
2025-11-06 12:16	KF8EEZ	EM89	W1XP	FN42fo	14.097067	0.01	-21	0	1024	66	WSPR2	102400	40960	WD_3.3.2-2
2025-11-06 12:16	KF8EEZ	EM89	WW4ET	FM14bb	14.097074	0.01	-15	0	758	141	WSPR2	75800	43314	2.7.0
2025-11-06 12:16	KF8EEZ	EM89	W4BDE	EL89pr	14.097076	0.01	-16	0	1085	178	WSPR2	108500	58900	2.6.1
2025-11-06 12:16	KF8EEZ	EM89	SWLFNS	FN20hu	14.097068	0.01	-16	0	669	74	WSPR2	66900	36317	1.4A Kiwi
2025-11-06 12:16	KF8EEZ	EM89	KF4JU	EL87pt	14.097082	0.01	-23	0	1298	179	WSPR2	129800	44503	2.1.2
2025-11-06 12:16	KF8EEZ	EM89	FN41RY	FN41ks	14.097076	0.01	-21	0	1037	72	WSPR2	103700	41480	v1.2.97
2025-11-06 12:16	KF8EEZ	EM89	KE4IP	EM73sx	14.097064	0.01	-18	0	624	192	WSPR2	62400	30309	v1.2.28
2025-11-06 12:16	KF8EEZ	EM89	WA3VPZ	FM19kn	14.097051	0.01	-10	0	507	87	WSPR2	50700	36214	2.5.4
2025-11-06 12:16	KF8EEZ	EM89	VE6JY	DO33or	14.09708	0.01	-13	0	2738	315	WSPR2	273800	172103	2.7.1-deve
2025-11-06 12:16	KF8EEZ	EM89	KC9GHZ	EN62bk	14.097068	0.01	-13	0	522	311	WSPR2	52200	32811	v1.2.93
2025-11-06 12:16	KF8EEZ	EM89	KB5JRC	EM12jv	14.097062	0.01	-20	0	1464	244	WSPR2	146400	62743	2.7.0
2025-11-06 12:16	KF8EEZ	EM89	W4HOD	EM72eo	14.097083	0.01	-17	0	799	198	WSPR2	79900	41091	3.0.0-rc1
2025-11-06 12:16	KF8EEZ	EM89	KC1CMT	FN31qp	14.097062	0.01	-24	0	912	71	WSPR2	91200	28663	2.7.0
2025-11-06 12:16	KF8EEZ	EM89	KM3T	FN42et	14.097057	0.01	-29	0	1024	65	WSPR2	102400	17554	CWSL_DIGI
2025-11-06 12:16	KF8EEZ	EM89	AE4DW	EL98dq	14.097082	0.01	-15	0	1206	174	WSPR2	120600	68914	2.7.0
2025-11-06 12:16	KF8EEZ	EM89	K1HTV-4	FM18ap	14.097067	0.01	-15	0	448	100	WSPR2	44800	25600	SparkSDR
2025-11-06 12:16	KF8EEZ	EM89	WA9FIO	EN43jt	14.097071	0.01	-8	0	832	308	WSPR2	83200	64183	2.6.1
2025-11-06 12:16	KF8EEZ	EM89	K4KR	EM74	14.097099	0.01	-15	0	584	198	WSPR2	58400	33371	2.7.0
2025-11-06 12:16	KF8EEZ	EM89	KQ2Y	FN31gn	14.097069	0.01	-10	0	842	71	WSPR2	84200	60143	v1.2.94
2025-11-06 12:16	KF8EEZ	EM89	KD4ADC	EM74dk	14.097077	0.01	-15	0	609	204	WSPR2	60900	34800	2.7.1-deve
2025-11-06 12:16	KF8EEZ	EM89	W3HH	EL89vb	14.097081	0.01	-17	0	1161	176	WSPR2	116100	59709	2.6.1
2025-11-06 12:16	KF8EEZ	EM89	SWLKCL	FN04	14.097065	0.01	-17	0	647	29	WSPR2	64700	33274	2.3.0
2025-11-06 12:16	KF8EEZ	EM89	KC9VNU	EM80ug	14.097077	0.01	-24	0	1026	176	WSPR2	102600	32246	2.7.0
2025-11-06 12:16	KF8EEZ	EM89	KO4LG	EM94kb	14.097076	0.01	-27	0	626	164	WSPR2	62600	14309	2.5.4
2025-11-06 12:16	KF8EEZ	EM89	N3RUM	FN21el	14.097061	0.01	-26	0	665	68	WSPR2	66500	17100	2.6.1
2025-11-06 12:16	KF8EEZ	EM89	K4COD	EM73sc	14.097065	0.01	-15	0	720	191	WSPR2	72000	41143	2.6.0
2025-11-06 12:16	KF8EEZ	EM89	KX4AZ/T	EN74gc	14.097065	0.01	-18	0	552	340	WSPR2	55200	26811	2.6.1
2025-11-06 12:16	KF8EEZ	EM89	KE7A	EM12kx	14.097073	0.01	-21	-1	1453	245	WSPR2	145300	58120	2.7.0
2025-11-06 12:16	KF8EEZ	EM89	VA3HKW	EN94	14.097089	0.01	-20	0	580	16	WSPR2	58000	24857	2.7.0
2025-11-06 12:16	KF8EEZ	EM89	KM4RK	EM93td	14.097081	0.01	-14	0	744	160	WSPR2	74400	44640	2.6.1
2025-11-06 12:16	KF8EEZ	EM89	W3SP	EM73	14.097066	0.01	-10	0	691	196	WSPR2	69100	49357	2.7.0
2025-11-06 12:16	KF8EEZ	EM89	N9AGL	EN62ad	14.097091	0.01	-19	0	509	307	WSPR2	50900	23269	2.6.1
2025-11-06 12:16	KF8EEZ	EM89	AJ4AV	EM73tw	14.097083	0.01	-22	0	628	191	WSPR2	62800	23326	SparkSDR
2025-11-06 12:16	KF8EEZ	EM89	KC0KVR	EM48rp	14.097066	0.01	-18	0	654	264	WSPR2	65400	31766	2.6.1
2025-11-06 12:16	KF8EEZ	EM89	KA3LNA	FM29dc	14.097082	0.01	-14	0	632	91	WSPR2	63200	37920	2.3.1
2025-11-06 12:26	KF8EEZ	EM89	KM3T-3	FN42et	14.097035	0.01	-25	0	1024	65	WSPR2	102400	29257	CWSL_DIGI
2025-11-06 12:26	KF8EEZ	EM89	KV0S	EM38tv	14.097065	0.01	-20	0	807	268	WSPR2	80700	34586	WD_3.3.2-1
2025-11-06 12:26	KF8EEZ	EM89	K9IMM	EN52cv	14.097047	0.01	-25	-2	680	306	WSPR2	68000	19429	CWSL_DIGI
2025-11-06 12:26	KF8EEZ	EM89	K1RA	FM18cr	14.097101	0.01	-20	0	461	99	WSPR2	46100	19757	CWSL_DIGI
2025-11-06 12:26	KF8EEZ	EM89	K6RFT	EM47bg	14.097065	0.01	-6	0	808	255	WSPR2	80800	66949	WD_3.2.3
2025-11-06 12:26	KF8EEZ	EM89	N2YCH	FN31jg	14.097067	0.01	-6	0	856	73	WSPR2	85600	70926	WD_3.3.2-2
2025-11-06 12:26	KF8EEZ	EM89	SWLFNS	FN20hu	14.097068	0.01	-16	0	669	74	WSPR2	66900	36317	1.4A Kiwi
2025-11-06 12:26	KF8EEZ	EM89	K5KHK	FN13dc	14.097136	0.01	-12	0	601	46	WSPR2	60100	39494	1.4A Kiwi
2025-11-06 12:26	KF8EEZ	EM89	KD7EFG-1	DN31uo	14.097065	0.01	-21	0	2471	285	WSPR2	247100	98840	WD_3.1.7
2025-11-06 12:26	KF8EEZ	EM89	WA2TP	FN30lu	14.097068	0.01	-10	0	863	77	WSPR2	86300	61643	WD_3.2.1
2025-11-06 12:26	KF8EEZ	EM89	VE3EID	FN05gk	14.097087	0.01	-15	-1	725	23	WSPR2	72500	41429	CWSL_DIGI
2025-11-06 12:26	KF8EEZ	EM89	WA2N	EM85ll	14.097067	0.01	-9	0	445	180	WSPR2	44500	33057	WD_3.2.3-1
2025-11-06 12:26	KF8EEZ	EM89	WA7LNW	DM37gd	14.097052	0.01	-23	0	2654	274	WSPR2	265400	90994	RP122-16
2025-11-06 12:26	KF8EEZ	EM89	WW4ET	FM14bb	14.097075	0.01	-20	0	758	141	WSPR2	75800	32486	2.7.0
2025-11-06 12:26	KF8EEZ	EM89	K5MO	FM05	14.097068	0.01	-17	0	568	140	WSPR2	56800	29211	WD_3.2.3
2025-11-06 12:26	KF8EEZ	EM89	K1RA-PI	FM18cr	14.097066	0.01	-21	0	461	99	WSPR2	46100	18440	DS_0.35.1
2025-11-06 12:26	KF8EEZ	EM89	W2KGY	FN31aj	14.097067	0.01	-20	0	797	72	WSPR2	79700	34157	WD_3.3.2-2
2025-11-06 12:26	KF8EEZ	EM89	K5TR	EM00uf	14.097145	0.01	-21	0	1726	238	WSPR2	172600	69040	CWSL_DIGI
2025-11-06 12:26	KF8EEZ	EM89	N8GA	EN80ee	14.097065	0.01	-9	0	93	328	WSPR2	9300	6909	WD_3.3.2-1
2025-11-06 12:26	KF8EEZ	EM89	KD2OM	FN12gx	14.097067	0.01	-4	0	608	48	WSPR2	60800	53851	WD_3.3.2-2
2025-11-06 12:26	KF8EEZ	EM89	N6GN5	DN70jo	14.097064	0.01	-15	0	1886	281	WSPR2	188600	107771	WD_3.3.2-2
2025-11-06 12:26	KF8EEZ	EM89	KD7EFG	DN31uo	14.097065	0.01	-26	0	2471	285	WSPR2	247100	63540	WD_3.3.2-2
2025-11-06 12:26	KF8EEZ	EM89	AC0G/B2	EM38ww	14.097065	0.01	-10	0	785	268	WSPR2	78500	56071	WD_3.3.2-2
2025-11-06 12:26	KF8EEZ	EM89	NI5F	EM70fu	14.097081	0.01	-21	0	985	194	WSPR2	98500	39400	v1.2.2
2025-11-06 12:26	KF8EEZ	EM89	N2YCH-1	FN31jg	14.097067	0.01	-6	0	856	73	WSPR2	85600	70926	WD_3.3.2-2
2025-11-06 12:26	KF8EEZ	EM89	K3GMQ	FN20lh	14.097067	0.01	-23	0	688	80	WSPR2	68800	23589	QMTECH
2025-11-06 12:26	KF8EEZ	EM89	K9TRV-4	EN82bi	14.097066	0.01	-8	0	327	348	WSPR2	32700	25226	WD_3.3.2-2
2025-11-06 12:26	KF8EEZ	EM89	UACNJ	FN20mv	14.097067	0.01	-7	0	704	74	WSPR2	70400	56320	WD_3.3.2-2
2025-11-06 12:26	KF8EEZ	EM89	K3GMQ-B	FN20lh	14.097066	0.01	-12	0	688	80	WSPR2	68800	45211	WD_3.3.2-2
2025-11-06 12:26	KF8EEZ	EM89	W3PM	EM64or	14.097065	0.01	-13	0	624	213	WSPR2	62400	39223	WD_3.3.2-2
2025-11-06 12:26	KF8EEZ	EM89	N3AGE-2	FN30hw	14.097067	0.01	-17	-1	836	76	WSPR2	83600	42994	WD_3.3.2-2
2025-11-06 12:26	KF8EEZ	EM89	KC2G	FN21wa	14.097067	0.01	-12	0	776	74	WSPR2	77600	50994	WD_3.3.2-2
2025-11-06 12:26	KF8EEZ	EM89	W2NAF-2	FN21ei	14.097067	0.01	-17	0	661	69	WSPR2	66100	33994	WD_3.3.2-2
2025-11-06 12:26	KF8EEZ	EM89	FN41RY	FN41ks	14.097076	0.01	-20	0	1037	72	WSPR2	103700	44443	v1.2.97
2025-11-06 12:26	KF8EEZ	EM89	AC0G/ND	EN16ov	14.097065	0.01	-22	0	1383	311	WSPR2	138300	51369	WD_3.3.2-2
2025-11-06 12:26	KF8EEZ	EM89	KD3ALD	FN21ni	14.097067	0.01	-23	-1	722	71	WSPR2	72200	24754	WD_3.3.2-1
2025-11-06 12:26	KF8EEZ	EM89	W4BDE	EL89pr	14.097076	0.01	-16	0	1085	178	WSPR2	108500	58900	2.6.1
2025-11-06 12:26	KF8EEZ	EM89	W1XP	FN42fo	14.097067	0.01	-19	0	1024	66	WSPR2	102400	46811	WD_3.3.2-2
2025-11-06 12:26	KF8EEZ	EM89	W2NAF-3	FN21ei	14.097067	0.01	-15	0	661	69	WSPR2	66100	37771	WD_3.3.2-2
2025-11-06 12:26	KF8EEZ	EM89	KE4IP	EM73sx	14.097063	0.01	-22	0	624	192	WSPR2	62400	23177	v1.2.28
2025-11-06 12:26	KF8EEZ	EM89	K4KR	EM74	14.097098	0.01	-10	0	584	198	WSPR2	58400	41714	2.7.0
2025-11-06 12:26	KF8EEZ	EM89	VA3HKW	EN94	14.097089	0.01	-23	-1	580	16	WSPR2	58000	19886	2.7.0
2025-11-06 12:26	KF8EEZ	EM89	KC9GHZ	EN62bk	14.097068	0.01	-14	0	522	311	WSPR2	52200	31320	v1.2.93
2025-11-06 12:26	KF8EEZ	EM89	WA3VPZ	FM19kn	14.097051	0.01	-16	0	507	87	WSPR2	50700	27523	2.5.4
2025-11-06 12:26	KF8EEZ	EM89	KD4ADC	EM74dk	14.097076	0.01	-18	0	609	204	WSPR2	60900	29580	2.7.1-deve
2025-11-06 12:26	KF8EEZ	EM89	N8VIM	FN42fq	14.097068	0.01	-7	0	1027	66	WSPR2	102700	82160	2.7.0
2025-11-06 12:26	KF8EEZ	EM89	KQ2Y	FN31gn	14.097069	0.01	-11	0	842	71	WSPR2	84200	57737	v1.2.94
2025-11-06 12:26	KF8EEZ	EM89	SWLKCL	FN04	14.097065	0.01	-19	0	647	29	WSPR2	64700	29577	2.3.0
2025-11-06 12:26	KF8EEZ	EM89	KC1CMT	FN31qp	14.097062	0.01	-24	0	912	71	WSPR2	91200	28663	2.7.0
2025-11-06 12:26	KF8EEZ	EM89	AE5AU	EM34rq	14.097067	0.01	-20	0	996	241	WSPR2	99600	42686	SparkSDR
2025-11-06 12:26	KF8EEZ	EM89	K1HTV-4	FM18ap	14.097067	0.01	-18	0	448	100	WSPR2	44800	21760	SparkSDR
2025-11-06 12:26	KF8EEZ	EM89	WA9FIO	EN43jt	14.097071	0.01	-7	0	832	308	WSPR2	83200	66560	2.6.1
2025-11-06 12:26	KF8EEZ	EM89	N9AGL	EN62ad	14.09709	0.01	-23	0	509	307	WSPR2	50900	17451	2.6.1
2025-11-06 12:26	KF8EEZ	EM89	KM4RK	EM93td	14.097081	0.01	-12	0	744	160	WSPR2	74400	48891	2.6.1
2025-11-06 12:26	KF8EEZ	EM89	W3HH	EL89vb	14.097081	0.01	-19	0	1161	176	WSPR2	116100	53074	2.6.1
2025-11-06 12:26	KF8EEZ	EM89	W3SP	EM73	14.097065	0.01	-19	0	691	196	WSPR2	69100	31589	2.7.0
2025-11-06 12:26	KF8EEZ	EM89	KX4AZ/T	EN74gc	14.097066	0.01	-21	0	552	340	WSPR2	55200	22080	2.6.1
2025-11-06 12:26	KF8EEZ	EM89	KE7A	EM12kx	14.097073	0.01	-28	-1	1453	245	WSPR2	145300	29060	2.7.0
2025-11-06 12:26	KF8EEZ	EM89	KC9VNU	EM80ug	14.097077	0.01	-31	0	1026	176	WSPR2	102600	11726	2.7.0
2025-11-06 12:26	KF8EEZ	EM89	KA3LNA	FM29dc	14.097082	0.01	-17	0	632	91	WSPR2	63200	32503	2.3.1
2025-11-06 12:26	KF8EEZ	EM89	K5XL	EM12kp	14.097065	0.01	-18	0	1474	243	WSPR2	147400	71594	3.0.0-rc1
2025-11-06 12:26	KF8EEZ	EM89	K3AV	FM19nc	14.097066	0.01	-24	0	532	93	WSPR2	53200	16720	2.5.4
2025-11-06 12:36	KF8EEZ	EM89	KM3T-3	FN42et	14.097035	0.01	-22	0	1024	65	WSPR2	102400	38034	CWSL_DIGI
2025-11-06 12:36	KF8EEZ	EM89	WZ7I	FN20kk	14.09707	0.01	-26	0	683	78	WSPR2	68300	17563	CWSL_DIGI
2025-11-06 12:36	KF8EEZ	EM89	K6RFT	EM47bg	14.097065	0.01	-15	0	808	255	WSPR2	80800	46171	WD_3.2.3
2025-11-06 12:36	KF8EEZ	EM89	KD9KHZ	EN53wa	14.09715	0.01	-9	0	579	314	WSPR2	57900	43011	1.4A Kiwi
2025-11-06 12:36	KF8EEZ	EM89	N2YCH	FN31jg	14.097067	0.01	-6	0	856	73	WSPR2	85600	70926	WD_3.3.2-2
2025-11-06 12:36	KF8EEZ	EM89	K5KHK	FN13dc	14.097135	0.01	-12	0	601	46	WSPR2	60100	39494	1.4A Kiwi
2025-11-06 12:36	KF8EEZ	EM89	K1RA	FM18cr	14.097101	0.01	-21	0	461	99	WSPR2	46100	18440	CWSL_DIGI
2025-11-06 12:36	KF8EEZ	EM89	WA2TP	FN30lu	14.097067	0.01	-8	0	863	77	WSPR2	86300	66574	WD_3.2.1
2025-11-06 12:36	KF8EEZ	EM89	K9IMM	EN52cv	14.097047	0.01	-23	-1	680	306	WSPR2	68000	23314	CWSL_DIGI
2025-11-06 12:36	KF8EEZ	EM89	WA2N	EM85ll	14.097066	0.01	-14	0	445	180	WSPR2	44500	26700	WD_3.2.3-1
2025-11-06 12:36	KF8EEZ	EM89	VE3EID	FN05gk	14.097086	0.01	-15	0	725	23	WSPR2	72500	41429	CWSL_DIGI
2025-11-06 12:36	KF8EEZ	EM89	N8GA	EN80ee	14.097064	0.01	-14	-1	93	328	WSPR2	9300	5580	WD_3.3.2-1
2025-11-06 12:36	KF8EEZ	EM89	K5MO	FM05	14.097068	0.01	-21	0	568	140	WSPR2	56800	22720	WD_3.2.3
2025-11-06 12:36	KF8EEZ	EM89	K1RA-PI	FM18cr	14.097066	0.01	-21	0	461	99	WSPR2	46100	18440	DS_0.35.1
2025-11-06 12:36	KF8EEZ	EM89	K8NVH	EN82lm	14.097065	0.01	-22	0	338	0	WSPR2	33800	12554	WD_3.2.3
2025-11-06 12:36	KF8EEZ	EM89	KD2OM	FN12gx	14.097066	0.01	-3	0	608	48	WSPR2	60800	55589	WD_3.3.2-2
2025-11-06 12:36	KF8EEZ	EM89	N2YCH-1	FN31jg	14.097066	0.01	-11	0	856	73	WSPR2	85600	58697	WD_3.3.2-2
2025-11-06 12:36	KF8EEZ	EM89	W2KGY	FN31aj	14.097066	0.01	-16	0	797	72	WSPR2	79700	43266	WD_3.3.2-2
2025-11-06 12:36	KF8EEZ	EM89	AC0G/B2	EM38ww	14.097064	0.01	-13	0	785	268	WSPR2	78500	49343	WD_3.3.2-2
2025-11-06 12:36	KF8EEZ	EM89	K3GMQ	FN20lh	14.097067	0.01	-23	0	688	80	WSPR2	68800	23589	QMTECH
2025-11-06 12:36	KF8EEZ	EM89	K9TRV-4	EN82bi	14.097065	0.01	-13	0	327	348	WSPR2	32700	20554	WD_3.3.2-2
2025-11-06 12:36	KF8EEZ	EM89	K4JK	FM07vs	14.097066	0.01	-13	0	461	113	WSPR2	46100	28977	WD_3.3.2-2
2025-11-06 12:36	KF8EEZ	EM89	N3AGE-4	FN30hw	14.097067	0.01	-17	0	836	76	WSPR2	83600	42994	WD_3.3.2-2
2025-11-06 12:36	KF8EEZ	EM89	WA3TTS	EN90xn	14.097056	0.01	-16	-1	282	64	WSPR2	28200	15309	2.6.1
2025-11-06 12:36	KF8EEZ	EM89	W3PM	EM64or	14.097064	0.01	-15	0	624	213	WSPR2	62400	35657	WD_3.3.2-2
2025-11-06 12:36	KF8EEZ	EM89	K3GMQ-B	FN20lh	14.097066	0.01	-9	0	688	80	WSPR2	68800	51109	WD_3.3.2-2
2025-11-06 12:36	KF8EEZ	EM89	K9TRV	EN82bi	14.097064	0.01	-20	0	327	348	WSPR2	32700	14014	WD_3.3.2-2
2025-11-06 12:36	KF8EEZ	EM89	WW4ET	FM14bb	14.097074	0.01	-20	0	758	141	WSPR2	75800	32486	2.7.0
2025-11-06 12:36	KF8EEZ	EM89	W1BW	FN54nh	14.097067	0.01	-22	0	1288	61	WSPR2	128800	47840	
2025-11-06 12:36	KF8EEZ	EM89	UACNJ	FN20mv	14.097066	0.01	-7	0	704	74	WSPR2	70400	56320	WD_3.3.2-2
2025-11-06 12:36	KF8EEZ	EM89	KC2G	FN21wa	14.097066	0.01	-10	0	776	74	WSPR2	77600	55429	WD_3.3.2-2
2025-11-06 12:36	KF8EEZ	EM89	KD3ALD	FN21ni	14.097066	0.01	-20	0	722	71	WSPR2	72200	30943	WD_3.3.2-1
2025-11-06 12:36	KF8EEZ	EM89	W1XP	FN42fo	14.097066	0.01	-22	0	1024	66	WSPR2	102400	38034	WD_3.3.2-2
2025-11-06 12:36	KF8EEZ	EM89	KX4AZ/T	EN74gc	14.097065	0.01	-5	0	552	340	WSPR2	55200	47314	WD_3.3.2-2
2025-11-06 12:36	KF8EEZ	EM89	W2NAF-2	FN21ei	14.097066	0.01	-16	0	661	69	WSPR2	66100	35883	WD_3.3.2-2
2025-11-06 12:36	KF8EEZ	EM89	N3AGE-2	FN30hw	14.097066	0.01	-15	0	836	76	WSPR2	83600	47771	WD_3.3.2-2
2025-11-06 12:36	KF8EEZ	EM89	W2NAF-3	FN21ei	14.097066	0.01	-14	0	661	69	WSPR2	66100	39660	WD_3.3.2-2
2025-11-06 12:36	KF8EEZ	EM89	WA3VPZ	FM19kn	14.097051	0.01	-17	0	507	87	WSPR2	50700	26074	2.5.4
2025-11-06 12:36	KF8EEZ	EM89	W4BDE	EL89pr	14.097076	0.01	-17	0	1085	178	WSPR2	108500	55800	2.6.1
2025-11-06 12:36	KF8EEZ	EM89	FN41RY	FN41ks	14.097076	0.01	-22	0	1037	72	WSPR2	103700	38517	v1.2.97
2025-11-06 12:36	KF8EEZ	EM89	W1/AJ8S	FN44mf	14.09707	0.01	-20	-1	1130	58	WSPR2	113000	48429	2.3.0
2025-11-06 12:36	KF8EEZ	EM89	N8VIM	FN42fq	14.097067	0.01	-11	-1	1027	66	WSPR2	102700	70423	2.7.0
2025-11-06 12:36	KF8EEZ	EM89	KC9GHZ	EN62bk	14.097067	0.01	-16	-1	522	311	WSPR2	52200	28337	v1.2.93
2025-11-06 12:36	KF8EEZ	EM89	WA9FIO	EN43jt	14.09707	0.01	-10	0	832	308	WSPR2	83200	59429	2.6.1
2025-11-06 12:36	KF8EEZ	EM89	K4KR	EM74	14.097098	0.01	-10	-1	584	198	WSPR2	58400	41714	2.7.0
2025-11-06 12:36	KF8EEZ	EM89	VA3HKW	EN94	14.097089	0.01	-24	0	580	16	WSPR2	58000	18229	2.7.0
2025-11-06 12:36	KF8EEZ	EM89	KC9VNU	EM80ug	14.097076	0.01	-23	0	1026	176	WSPR2	102600	35177	2.7.0
2025-11-06 12:36	KF8EEZ	EM89	N3RUM	FN21el	14.097061	0.01	-25	0	665	68	WSPR2	66500	19000	2.6.1
2025-11-06 12:36	KF8EEZ	EM89	W3SP	EM73	14.097065	0.01	-19	0	691	196	WSPR2	69100	31589	2.7.0
2025-11-06 12:36	KF8EEZ	EM89	SWLKCL	FN04	14.097065	0.01	-21	0	647	29	WSPR2	64700	25880	2.3.0
2025-11-06 12:36	KF8EEZ	EM89	KQ2Y	FN31gn	14.097069	0.01	-12	0	842	71	WSPR2	84200	55331	v1.2.94
2025-11-06 12:36	KF8EEZ	EM89	W3HH	EL89vb	14.09708	0.01	-21	0	1161	176	WSPR2	116100	46440	2.6.1
2025-11-06 12:36	KF8EEZ	EM89	KE7A	EM12kx	14.097073	0.01	-23	-2	1453	245	WSPR2	145300	49817	2.7.0
2025-11-06 12:36	KF8EEZ	EM89	K5XL	EM12kp	14.097064	0.01	-18	0	1474	243	WSPR2	147400	71594	3.0.0-rc1
2025-11-06 12:36	KF8EEZ	EM89	KD4ADC	EM74dk	14.097075	0.01	-17	-1	609	204	WSPR2	60900	31320	2.7.1-deve
2025-11-06 12:36	KF8EEZ	EM89	AE4DW	EL98dq	14.097082	0.01	-21	0	1206	174	WSPR2	120600	48240	2.7.0
2025-11-06 12:36	KF8EEZ	EM89	KM4RK	EM93td	14.09708	0.01	-13	0	744	160	WSPR2	74400	46766	2.6.1
2025-11-06 12:36	KF8EEZ	EM89	KC0KVR	EM48rp	14.097065	0.01	-21	-1	654	264	WSPR2	65400	26160	2.6.1
2025-11-06 12:36	KF8EEZ	EM89	KA3LNA	FM29dc	14.097082	0.01	-18	0	632	91	WSPR2	63200	30697	2.3.1
2025-11-06 12:46	KF8EEZ	EM99	N2YCH	FN31jg	14.097067	0.01	-9	0	693	71	WSPR2	69300	51480	WD_3.3.2-2
2025-11-06 12:46	KF8EEZ	EM99	WA2N	EM85ll	14.097068	0.01	-12	1	478	202	WSPR2	47800	31411	WD_3.2.3-1
2025-11-06 12:46	KF8EEZ	EM99	WA2TP	FN30lu	14.097067	0.01	-10	0	696	75	WSPR2	69600	49714	WD_3.2.1
2025-11-06 12:46	KF8EEZ	EM99	KD2OM	FN12gx	14.097066	0.01	-10	0	491	36	WSPR2	49100	35071	WD_3.3.2-2
2025-11-06 12:46	KF8EEZ	EM99	K5KHK	FN13dc	14.097136	0.01	-16	0	490	34	WSPR2	49000	26600	1.4A Kiwi
2025-11-06 12:46	KF8EEZ	EM99	N8GA	EN80ee	14.097065	0.01	-18	0	234	290	WSPR2	23400	11366	WD_3.3.2-1
2025-11-06 12:46	KF8EEZ	EM99	UACNJ	FN20mv	14.097067	0.01	-12	0	540	71	WSPR2	54000	35486	WD_3.3.2-2
2025-11-06 12:46	KF8EEZ	EM99	W3PM	EM64or	14.097065	0.01	-20	0	734	226	WSPR2	73400	31457	WD_3.3.2-2
2025-11-06 12:46	KF8EEZ	EM99	N2YCH-1	FN31jg	14.097067	0.01	-14	0	693	71	WSPR2	69300	41580	WD_3.3.2-2
2025-11-06 12:46	KF8EEZ	EM99	K3GMQ-B	FN20lh	14.097066	0.01	-16	0	520	78	WSPR2	52000	28229	WD_3.3.2-2
2025-11-06 12:46	KF8EEZ	EM99	WA3TTS	EN90xn	14.097056	0.01	-25	0	148	35	WSPR2	14800	4229	2.6.1
2025-11-06 12:46	KF8EEZ	EM99	KC2G	FN21wa	14.097067	0.01	-15	0	611	72	WSPR2	61100	34914	WD_3.3.2-2
2025-11-06 12:46	KF8EEZ	EM99	W2NAF-2	FN21ei	14.097067	0.01	-20	1	504	64	WSPR2	50400	21600	WD_3.3.2-2
2025-11-06 12:46	KF8EEZ	EM99	K9TRV-4	EN82bi	14.097066	0.01	-19	0	399	324	WSPR2	39900	18240	WD_3.3.2-2
2025-11-06 12:46	KF8EEZ	EM99	N3AGE-2	FN30hw	14.097067	0.01	-21	0	671	74	WSPR2	67100	26840	WD_3.3.2-2
2025-11-06 12:46	KF8EEZ	EM99	WW4ET	FM14bb	14.097074	0.01	-22	0	665	154	WSPR2	66500	24700	2.7.0
2025-11-06 12:46	KF8EEZ	EM99	W2NAF-3	FN21ei	14.097067	0.01	-19	0	504	64	WSPR2	50400	23040	WD_3.3.2-2
2025-11-06 12:46	KF8EEZ	EM99	KX4AZ/T	EN74gc	14.097065	0.01	-10	2	631	326	WSPR2	63100	45071	WD_3.3.2-2
2025-11-06 12:46	KF8EEZ	EM99	KD9KHZ	EN53wa	14.097151	0.01	-10	1	711	306	WSPR2	71100	50786	1.4A Kiwi
2025-11-06 12:46	KF8EEZ	EM99	K4KR	EM74	14.097099	0.01	-13	1	660	214	WSPR2	66000	41486	2.7.0
2025-11-06 12:46	KF8EEZ	EM99	KC9GHZ	EN62bk	14.097067	0.01	-16	-1	661	302	WSPR2	66100	35883	v1.2.93
2025-11-06 12:46	KF8EEZ	EM99	KQ2Y	FN31gn	14.09707	0.01	-17	1	681	68	WSPR2	68100	35023	v1.2.94
2025-11-06 12:46	KF8EEZ	EM99	K5XL	EM12kp	14.097065	0.01	-21	0	1630	247	WSPR2	163000	65200	3.0.0-rc1
2025-11-06 12:56	KF8EEZ	EM99	K6RFT	EM47bg	14.097065	0.01	-4	0	975	259	WSPR2	97500	86357	WD_3.2.3
2025-11-06 12:56	KF8EEZ	EM99	KD7EFG-1	DN31uo	14.097065	0.01	-18	0	2637	285	WSPR2	263700	128083	WD_3.1.7
2025-11-06 12:56	KF8EEZ	EM99	N2YCH	FN31jg	14.097067	0.01	-7	0	693	71	WSPR2	69300	55440	WD_3.3.2-2
2025-11-06 12:56	KF8EEZ	EM99	AA4PG	EM63pm	14.097062	0.01	-18	0	834	219	WSPR2	83400	40509	1.4A Kiwi
2025-11-06 12:56	KF8EEZ	EM99	K9IMM	EN52cv	14.097048	0.01	-17	0	824	300	WSPR2	82400	42377	CWSL_DIGI
2025-11-06 12:56	KF8EEZ	EM99	WA2TP	FN30lu	14.097067	0.01	-8	0	696	75	WSPR2	69600	53691	WD_3.2.1
2025-11-06 12:56	KF8EEZ	EM99	WA2N	EM85ll	14.097068	0.01	-10	0	478	202	WSPR2	47800	34143	WD_3.2.3-1
2025-11-06 12:56	KF8EEZ	EM99	N8GA	EN80ee	14.097065	0.01	-15	1	234	290	WSPR2	23400	13371	WD_3.3.2-1
2025-11-06 12:56	KF8EEZ	EM99	WZ7I	FN20kk	14.09707	0.01	-19	0	515	76	WSPR2	51500	23543	CWSL_DIGI
2025-11-06 12:56	KF8EEZ	EM99	W2KGY	FN31aj	14.097067	0.01	-20	0	636	68	WSPR2	63600	27257	WD_3.3.2-2
2025-11-06 12:56	KF8EEZ	EM99	K5KHK	FN13dc	14.097136	0.01	-11	0	490	34	WSPR2	49000	33600	1.4A Kiwi
2025-11-06 12:56	KF8EEZ	EM99	KD2OM	FN12gx	14.097067	0.01	-5	0	491	36	WSPR2	49100	42086	WD_3.3.2-2
2025-11-06 12:56	KF8EEZ	EM99	N2YCH-1	FN31jg	14.097067	0.01	-7	0	693	71	WSPR2	69300	55440	WD_3.3.2-2
2025-11-06 12:56	KF8EEZ	EM99	K3GMQ	FN20lh	14.097067	0.01	-23	0	520	78	WSPR2	52000	17829	QMTECH
2025-11-06 12:56	KF8EEZ	EM99	WW4ET	FM14bb	14.097075	0.01	-17	0	665	154	WSPR2	66500	34200	2.7.0
2025-11-06 12:56	KF8EEZ	EM99	UACNJ	FN20mv	14.097067	0.01	-8	0	540	71	WSPR2	54000	41657	WD_3.3.2-2
2025-11-06 12:56	KF8EEZ	EM99	W4BDE	EL89pr	14.097076	0.01	-11	0	1095	188	WSPR2	109500	75086	2.6.1
2025-11-06 12:56	KF8EEZ	EM99	WA3TTS	EN90xn	14.097056	0.01	-19	0	148	35	WSPR2	14800	6766	2.6.1
2025-11-06 12:56	KF8EEZ	EM99	N8VIM	FN42fq	14.097068	0.01	-12	0	872	63	WSPR2	87200	57303	2.7.0
2025-11-06 12:56	KF8EEZ	EM99	KC2G	FN21wa	14.097067	0.01	-10	0	611	72	WSPR2	61100	43643	WD_3.3.2-2
2025-11-06 12:56	KF8EEZ	EM99	K3GMQ-B	FN20lh	14.097066	0.01	-12	0	520	78	WSPR2	52000	34171	WD_3.3.2-2
2025-11-06 12:56	KF8EEZ	EM99	W2NAF-3	FN21ei	14.097066	0.01	-11	0	504	64	WSPR2	50400	34560	WD_3.3.2-2
2025-11-06 12:56	KF8EEZ	EM99	W3PM	EM64or	14.097066	0.01	-10	0	734	226	WSPR2	73400	52429	WD_3.3.2-2
2025-11-06 12:56	KF8EEZ	EM99	KD3ALD	FN21ni	14.097067	0.01	-23	0	562	66	WSPR2	56200	19269	WD_3.3.2-1
2025-11-06 12:56	KF8EEZ	EM99	N3AGE-2	FN30hw	14.097067	0.01	-16	0	671	74	WSPR2	67100	36426	WD_3.3.2-2
2025-11-06 12:56	KF8EEZ	EM99	W2NAF-2	FN21ei	14.097067	0.01	-15	0	504	64	WSPR2	50400	28800	WD_3.3.2-2
2025-11-06 12:56	KF8EEZ	EM99	K9TRV-4	EN82bi	14.097066	0.01	-10	0	399	324	WSPR2	39900	28500	WD_3.3.2-2
2025-11-06 12:56	KF8EEZ	EM99	SWLFNS	FN20hu	14.097067	0.01	-16	0	505	71	WSPR2	50500	27414	1.4A Kiwi
2025-11-06 12:56	KF8EEZ	EM99	KE4IP	EM73sx	14.097063	0.01	-19	0	683	208	WSPR2	68300	31223	v1.2.28
2025-11-06 12:56	KF8EEZ	EM99	W1XP	FN42fo	14.097067	0.01	-22	0	869	63	WSPR2	86900	32277	WD_3.3.2-2
2025-11-06 12:56	KF8EEZ	EM99	W3HH	EL89vb	14.097081	0.01	-14	0	1163	186	WSPR2	116300	69780	2.6.1
2025-11-06 12:56	KF8EEZ	EM99	AA2L	EN74qw	14.097067	0.01	-27	0	675	335	WSPR2	67500	15429	2.6.1
2025-11-06 12:56	KF8EEZ	EM99	FN41RY	FN41ks	14.097077	0.01	-20	0	874	70	WSPR2	87400	37457	v1.2.97
2025-11-06 12:56	KF8EEZ	EM99	KD4ADC	EM74dk	14.097077	0.01	-16	0	697	218	WSPR2	69700	37837	2.7.1-deve
2025-11-06 12:56	KF8EEZ	EM99	K5XL	EM12kp	14.097065	0.01	-14	0	1630	247	WSPR2	163000	97800	3.0.0-rc1
2025-11-06 12:56	KF8EEZ	EM99	AE5AU	EM34rq	14.097067	0.01	-20	0	1150	246	WSPR2	115000	49286	SparkSDR
2025-11-06 12:56	KF8EEZ	EM99	KX4AZ/T	EN74gc	14.097066	0.01	-8	0	631	326	WSPR2	63100	48677	2.6.1
2025-11-06 12:56	KF8EEZ	EM99	WA9FIO	EN43jt	14.097071	0.01	-9	0	972	303	WSPR2	97200	72206	2.6.1
2025-11-06 12:56	KF8EEZ	EM99	KQ2Y	FN31gn	14.097069	0.01	-11	0	681	68	WSPR2	68100	46697	v1.2.94
2025-11-06 12:56	KF8EEZ	EM99	N9AGL	EN62ad	14.097091	0.01	-21	0	653	299	WSPR2	65300	26120	2.6.1
2025-11-06 12:56	KF8EEZ	EM99	SWLKCL	FN04	14.097065	0.01	-21	0	580	16	WSPR2	58000	23200	2.3.0
2025-11-06 12:56	KF8EEZ	EM99	KA3LNA	FM29dc	14.097082	0.01	-15	0	461	93	WSPR2	46100	26343	2.3.1
2025-11-06 12:56	KF8EEZ	EM99	K4KR	EM74	14.097099	0.01	-8	0	660	214	WSPR2	66000	50914	2.7.0
2025-11-06 12:56	KF8EEZ	EM99	KC1CMT	FN31qp	14.097062	0.01	-25	0	750	69	WSPR2	75000	21429	2.7.0
2025-11-06 13:06	KF8EEZ	EM99	N2YCH	FN31jg	14.097067	0.01	-15	2	693	71	WSPR2	69300	39600	WD_3.3.2-2
2025-11-06 13:06	KF8EEZ	EM99	WA2TP	FN30lu	14.097067	0.01	-22	0	696	75	WSPR2	69600	25851	WD_3.2.1
2025-11-06 13:06	KF8EEZ	EM99	W2KGY	FN31aj	14.097066	0.01	-22	0	636	68	WSPR2	63600	23623	WD_3.3.2-2
2025-11-06 13:06	KF8EEZ	EM99	KD2OM	FN12gx	14.097067	0.01	-12	1	491	36	WSPR2	49100	32266	WD_3.3.2-2
2025-11-06 13:06	KF8EEZ	EM99	WW4ET	FM14bb	14.097075	0.01	-22	0	665	154	WSPR2	66500	24700	2.7.0
2025-11-06 13:06	KF8EEZ	EM99	N2YCH-1	FN31jg	14.097067	0.01	-15	2	693	71	WSPR2	69300	39600	WD_3.3.2-2
2025-11-06 13:06	KF8EEZ	EM99	KC2G	FN21wa	14.097067	0.01	-24	1	611	72	WSPR2	61100	19203	WD_3.3.2-2
2025-11-06 13:06	KF8EEZ	EM99	W2NAF-3	FN21ei	14.097067	0.01	-24	0	504	64	WSPR2	50400	15840	WD_3.3.2-2
2025-11-06 13:06	KF8EEZ	EM99	UACNJ	FN20mv	14.097067	0.01	-13	3	540	71	WSPR2	54000	33943	WD_3.3.2-2
2025-11-06 13:06	KF8EEZ	EM99	N3AGE-2	FN30hw	14.097067	0.01	-23	0	671	74	WSPR2	67100	23006	WD_3.3.2-2
2025-11-06 13:06	KF8EEZ	EM99	KX4AZ/T	EN74gc	14.097066	0.01	-18	2	631	326	WSPR2	63100	30649	WD_3.3.2-2
2025-11-06 13:06	KF8EEZ	EM99	W2NAF-2	FN21ei	14.097067	0.01	-24	0	504	64	WSPR2	50400	15840	WD_3.3.2-2
2025-11-06 13:06	KF8EEZ	EM99	W3HH	EL89vb	14.097081	0.01	-22	2	1163	186	WSPR2	116300	43197	2.6.1
2025-11-06 13:46	KF8EEZ	EM98	KM3T-3	FN42et	14.097036	0.01	-18	2	928	56	WSPR2	92800	45074	CWSL_DIGI
2025-11-06 13:46	KF8EEZ	EM98	N2YCH	FN31jg	14.097067	0.01	-8	0	737	63	WSPR2	73700	56854	WD_3.3.2-2
2025-11-06 13:46	KF8EEZ	EM98	WA2TP	FN30lu	14.097067	0.01	-11	0	734	66	WSPR2	73400	50331	WD_3.2.1
2025-11-06 13:46	KF8EEZ	EM98	WA2N	EM85ll	14.097068	0.01	-12	1	378	209	WSPR2	37800	24840	WD_3.2.3-1
2025-11-06 13:46	KF8EEZ	EM98	KD2OM	FN12gx	14.097067	0.01	-12	0	584	30	WSPR2	58400	38377	WD_3.3.2-2
2025-11-06 13:46	KF8EEZ	EM98	KC2G	FN21wa	14.097067	0.01	-14	0	655	62	WSPR2	65500	39300	WD_3.3.2-2
2025-11-06 13:46	KF8EEZ	EM98	N2YCH-1	FN31jg	14.097067	0.01	-12	-1	737	63	WSPR2	73700	48431	WD_3.3.2-2
2025-11-06 13:46	KF8EEZ	EM98	UACNJ	FN20mv	14.097067	0.01	-9	1	586	61	WSPR2	58600	43531	WD_3.3.2-2
2025-11-06 13:46	KF8EEZ	EM98	W4BDE	EL89pr	14.097076	0.01	-18	0	985	189	WSPR2	98500	47843	2.6.1
2025-11-06 13:46	KF8EEZ	EM98	KX4AZ/T	EN74gc	14.097065	0.01	-12	1	726	331	WSPR2	72600	47709	WD_3.3.2-2
2025-11-06 13:46	KF8EEZ	EM98	FN41RY	FN41ks	14.097077	0.01	-21	0	918	63	WSPR2	91800	36720	v1.2.97
2025-11-06 13:46	KF8EEZ	EM98	KD9KHZ	EN53wa	14.097151	0.01	-7	1	781	313	WSPR2	78100	62480	1.4A Kiwi
2025-11-06 13:46	KF8EEZ	EM98	KC9GHZ	EN62bk	14.097069	0.01	-20	2	726	309	WSPR2	72600	31114	v1.2.93
2025-11-06 13:46	KF8EEZ	EM98	KQ2Y	FN31gn	14.09707	0.01	-19	1	731	60	WSPR2	73100	33417	v1.2.94
2025-11-06 13:46	KF8EEZ	EM98	K4KR	EM74	14.0971	0.01	-15	0	571	220	WSPR2	57100	32629	2.7.0
2025-11-06 13:46	KF8EEZ	EM98	K5XL	EM12kp	14.097065	0.01	-18	-1	1590	251	WSPR2	159000	77229	3.0.0-rc1
2025-11-06 13:56	KF8EEZ	EM98	N2YCH	FN31jg	14.097065	0.01	-13	-3	737	63	WSPR2	73700	46326	WD_3.3.2-2
2025-11-06 13:56	KF8EEZ	EM98	WA2TP	FN30lu	14.097067	0.01	-10	0	734	66	WSPR2	73400	52429	WD_3.2.1
2025-11-07 08:26	KF8EEZ	FM95	WD4ELG	FM06be	14.097064	0.01	-12	0	1697	278	WSPR2	169700	111517	WD_3.3.2-1
2025-11-07 08:26	KF8EEZ	FM95	KV4CW	EM96we	14.097065	0.01	-21	0	1719	278	WSPR2	171900	68760	1.4A Kiwi
2025-11-07 08:26	KF8EEZ	FM95	K5KHK	FN13dc	14.097131	0.01	-21	0	1662	306	WSPR2	166200	66480	1.4A Kiwi
2025-11-07 08:26	KF8EEZ	FM95	WZ7I	FN20kk	14.097067	0.01	-19	0	1350	298	WSPR2	135000	61714	CWSL_DIGI
2025-11-07 08:26	KF8EEZ	FM95	K6RFT	EM47bg	14.097064	0.01	-17	0	2755	283	WSPR2	275500	141686	WD_3.2.3
2025-11-07 08:26	KF8EEZ	FM95	N2YCH	FN31jg	14.097176	0.01	-16	0	1239	305	WSPR2	123900	67260	WD_3.3.2-2
2025-11-07 08:26	KF8EEZ	FM95	WA2TP	FN30lu	14.097064	0.01	-17	0	1206	303	WSPR2	120600	62023	WD_3.2.1
2025-11-07 08:26	KF8EEZ	FM95	K1RA-PI	FM18cr	14.097064	0.01	-17	1	1526	289	WSPR2	152600	78480	DS_0.35.1
2025-11-07 08:26	KF8EEZ	FM95	K1RA	FM18cr	14.097093	0.01	-16	0	1526	289	WSPR2	152600	82840	CWSL_DIGI
2025-11-07 08:26	KF8EEZ	FM95	W2KGY	FN31aj	14.097064	0.01	-24	0	1301	304	WSPR2	130100	40889	WD_3.3.2-2
2025-11-07 08:26	KF8EEZ	FM95	VE3EID	FN05gk	14.097083	0.01	-21	0	1904	311	WSPR2	190400	76160	CWSL_DIGI
2025-11-07 08:26	KF8EEZ	FM95	KD2OM	FN12gx	14.097064	0.01	-9	0	1637	306	WSPR2	163700	121606	WD_3.3.2-2
2025-11-07 08:26	KF8EEZ	FM95	W3OA	EM95mn	14.096998	0.01	-12	0	1799	276	WSPR2	179900	118220	CWSL_DIGI
2025-11-07 08:26	KF8EEZ	FM95	K3GMQ-B	FN20lh	14.097064	0.01	-23	0	1339	298	WSPR2	133900	45909	WD_3.3.2-2
2025-11-07 08:26	KF8EEZ	FM95	K3LR	EN91se	14.097064	0.01	-13	0	1804	296	WSPR2	180400	113394	WD_3.3.2-2
2025-11-07 08:26	KF8EEZ	FM95	UACNJ	FN20mv	14.097064	0.01	-15	0	1355	301	WSPR2	135500	77429	WD_3.3.2-2
2025-11-07 08:26	KF8EEZ	FM95	KC2G	FN21wa	14.097064	0.01	-18	0	1296	302	WSPR2	129600	62949	WD_3.3.2-2
2025-11-07 08:26	KF8EEZ	FM95	K9TRV-4	EN82bi	14.097064	0.01	-19	0	2110	298	WSPR2	211000	96457	WD_3.3.2-2
2025-11-07 08:26	KF8EEZ	FM95	AC0G/B2	EM38ww	14.097064	0.01	-22	0	2766	287	WSPR2	276600	102737	WD_3.3.2-2
2025-11-07 08:26	KF8EEZ	FM95	K9TRV-2	EN82bi	14.097065	0.01	-13	0	2110	298	WSPR2	211000	132629	WD_3.3.2-2
2025-11-07 08:26	KF8EEZ	FM95	W4BDE	EL89pr	14.097075	0.01	-22	0	2123	259	WSPR2	212300	78854	2.6.1
2025-11-07 08:26	KF8EEZ	FM95	W2NAF-2	FN21ei	14.097064	0.01	-26	0	1426	302	WSPR2	142600	36669	WD_3.3.2-2
2025-11-07 08:26	KF8EEZ	FM95	K4JK	FM07vs	14.097065	0.01	-8	0	1551	285	WSPR2	155100	119649	WD_3.3.2-2
2025-11-07 08:26	KF8EEZ	FM95	K9TRV	EN82bi	14.097063	0.01	-14	0	2110	298	WSPR2	211000	126600	WD_3.3.2-2
2025-11-07 08:26	KF8EEZ	FM95	W2NAF-3	FN21ei	14.097064	0.01	-20	0	1426	302	WSPR2	142600	61114	WD_3.3.2-2
2025-11-07 08:26	KF8EEZ	FM95	K4COD	EM73sc	14.097064	0.01	-15	0	2162	270	WSPR2	216200	123543	2.6.0
2025-11-07 08:26	KF8EEZ	FM95	KV4TT	FM03pt	14.097059	0.01	-22	0	1624	269	WSPR2	162400	60320	SparkSDR
2025-11-07 08:26	KF8EEZ	FM95	WA3VPZ	FM19kn	14.097049	0.01	-25	0	1487	293	WSPR2	148700	42486	2.5.4
2025-11-07 08:26	KF8EEZ	FM95	WS3W	FM19ng	14.09706	0.01	-27	0	1459	291	WSPR2	145900	33349	
2025-11-07 08:26	KF8EEZ	FM95	VE2EBM	FN36lb	14.097065	0.01	-21	0	1548	323	WSPR2	154800	61920	web-888
2025-11-07 08:26	KF8EEZ	FM95	KA3LNA	FM29dc	14.097079	0.01	-15	0	1357	292	WSPR2	135700	77543	2.3.1
2025-11-07 08:26	KF8EEZ	FM95	K1HTV-4	FM18ap	14.097062	0.01	-16	0	1539	288	WSPR2	153900	83546	SparkSDR
2025-11-07 08:26	KF8EEZ	FM95	KQ2Y	FN31gn	14.097066	0.01	-10	0	1273	306	WSPR2	127300	90929	v1.2.94
2025-11-07 08:26	KF8EEZ	FM95	KB3CNS	FN00mt	14.097077	0.01	-25	0	1671	296	WSPR2	167100	47743	v1.2.95
2025-11-07 08:26	KF8EEZ	FM95	KM4RK	EM93td	14.097078	0.01	-22	0	1792	267	WSPR2	179200	66560	2.6.1
2025-11-07 08:26	KF8EEZ	FM95	AB4ER	FM18hw	14.09706	0.01	-20	0	1494	290	WSPR2	149400	64029	2.7.0
2025-11-07 08:26	KF8EEZ	FM95	SWLKCL	FN04	14.097063	0.01	-25	0	1825	309	WSPR2	182500	52143	2.3.0
2025-11-07 08:26	KF8EEZ	FM95	KK4MBI	FM18kv	14.097081	0.01	-16	0	1472	290	WSPR2	147200	79909	2.6.1
2025-11-07 08:26	KF8EEZ	FM95	VE6JY	DO33or	14.097075	0.01	-16	0	4446	314	WSPR2	444600	241354	2.7.0
2025-11-07 08:26	KF8EEZ	FM95	K3AV	FM19nc	14.097063	0.01	-20	0	1455	291	WSPR2	145500	62357	2.5.4
2025-11-07 08:26	KF8EEZ	FM95	W8EDU	EN91em	14.097065	0.01	-25	1	1907	297	WSPR2	190700	54486	2.7.0
2025-11-07 08:36	KF8EEZ	FM95	WD4ELG	FM06be	14.097065	0.01	-12	0	1697	278	WSPR2	169700	111517	WD_3.3.2-1
2025-11-07 08:36	KF8EEZ	FM95	K5KHK	FN13dc	14.097131	0.01	-19	-1	1662	306	WSPR2	166200	75977	1.4A Kiwi
2025-11-07 08:36	KF8EEZ	FM95	WZ7I	FN20kk	14.097067	0.01	-15	0	1350	298	WSPR2	135000	77143	CWSL_DIGI
2025-11-07 08:36	KF8EEZ	FM95	N2YCH	FN31jg	14.097064	0.01	-15	-1	1239	305	WSPR2	123900	70800	WD_3.3.2-2
2025-11-07 08:36	KF8EEZ	FM95	WA2TP	FN30lu	14.097064	0.01	-21	0	1206	303	WSPR2	120600	48240	WD_3.2.1
2025-11-07 08:36	KF8EEZ	FM95	KD2OM	FN12gx	14.097064	0.01	-11	0	1637	306	WSPR2	163700	112251	WD_3.3.2-2
2025-11-07 08:36	KF8EEZ	FM95	K4JK	FM07vs	14.097065	0.01	-12	0	1551	285	WSPR2	155100	101923	WD_3.3.2-2
2025-11-07 08:36	KF8EEZ	FM95	K3LR	EN91se	14.097063	0.01	-16	-3	1804	296	WSPR2	180400	97931	WD_3.3.2-2
2025-11-07 08:36	KF8EEZ	FM95	W2NAF-3	FN21ei	14.097065	0.01	-11	0	1426	302	WSPR2	142600	97783	WD_3.3.2-2
2025-11-07 08:36	KF8EEZ	FM95	W2NAF-2	FN21ei	14.097064	0.01	-16	0	1426	302	WSPR2	142600	77411	WD_3.3.2-2
2025-11-07 08:36	KF8EEZ	FM95	W3OA	EM95mn	14.096999	0.01	-15	0	1799	276	WSPR2	179900	102800	CWSL_DIGI
2025-11-07 08:36	KF8EEZ	FM95	KA3LNA	FM29dc	14.09708	0.01	-16	0	1357	292	WSPR2	135700	73666	2.3.1
2025-11-07 08:36	KF8EEZ	FM95	KQ2Y	FN31gn	14.097067	0.01	-16	-1	1273	306	WSPR2	127300	69106	v1.2.94
2025-11-07 08:36	KF8EEZ	FM95	KK4MBI	FM18kv	14.09708	0.01	-21	-1	1472	290	WSPR2	147200	58880	2.6.1
2025-11-07 08:46	KF8EEZ	FM95	WD4ELG	FM06be	14.097065	0.01	-13	0	1697	278	WSPR2	169700	106669	WD_3.3.2-1
2025-11-07 08:46	KF8EEZ	FM95	K5KHK	FN13dc	14.097133	0.01	-22	0	1662	306	WSPR2	166200	61731	1.4A Kiwi
2025-11-07 08:46	KF8EEZ	FM95	KV4CW	EM96we	14.097065	0.01	-24	0	1719	278	WSPR2	171900	54026	1.4A Kiwi
2025-11-07 08:46	KF8EEZ	FM95	SWLFNS	FN20hu	14.097066	0.01	-17	0	1386	300	WSPR2	138600	71280	1.4A Kiwi
2025-11-07 08:46	KF8EEZ	FM95	N2YCH	FN31jg	14.097065	0.01	-14	0	1239	305	WSPR2	123900	74340	WD_3.3.2-2
2025-11-07 08:46	KF8EEZ	FM95	K1RA	FM18cr	14.097094	0.01	-15	0	1526	289	WSPR2	152600	87200	CWSL_DIGI
2025-11-07 08:46	KF8EEZ	FM95	K6RFT	EM47bg	14.097065	0.01	-23	0	2755	283	WSPR2	275500	94457	WD_3.2.3
2025-11-07 08:46	KF8EEZ	FM95	WA2TP	FN30lu	14.097065	0.01	-15	0	1206	303	WSPR2	120600	68914	WD_3.2.1
2025-11-07 08:46	KF8EEZ	FM95	K1RA-PI	FM18cr	14.097065	0.01	-15	0	1526	289	WSPR2	152600	87200	DS_0.35.1
2025-11-07 08:46	KF8EEZ	FM95	W2KGY	FN31aj	14.097065	0.01	-21	0	1301	304	WSPR2	130100	52040	WD_3.3.2-2
2025-11-07 08:46	KF8EEZ	FM95	WZ7I	FN20kk	14.097068	0.01	-9	0	1350	298	WSPR2	135000	100286	CWSL_DIGI
2025-11-07 08:46	KF8EEZ	FM95	K3LR	EN91se	14.097065	0.01	-13	0	1804	296	WSPR2	180400	113394	WD_3.3.2-2
2025-11-07 08:46	KF8EEZ	FM95	AC0G/B2	EM38ww	14.097065	0.01	-22	0	2766	287	WSPR2	276600	102737	WD_3.3.2-2
2025-11-07 08:46	KF8EEZ	FM95	W3PM	EM64or	14.097065	0.01	-22	0	2337	275	WSPR2	233700	86803	WD_3.3.2-2
2025-11-07 08:46	KF8EEZ	FM95	K4JK	FM07vs	14.097065	0.01	-7	0	1551	285	WSPR2	155100	124080	WD_3.3.2-2
2025-11-07 08:46	KF8EEZ	FM95	KD2OM	FN12gx	14.097065	0.01	-12	0	1637	306	WSPR2	163700	107574	WD_3.3.2-2
2025-11-07 08:46	KF8EEZ	FM95	K9TRV-2	EN82bi	14.097066	0.01	-18	0	2110	298	WSPR2	211000	102486	WD_3.3.2-2
2025-11-07 08:46	KF8EEZ	FM95	W3OA	EM95mn	14.097	0.01	-12	0	1799	276	WSPR2	179900	118220	CWSL_DIGI
2025-11-07 08:46	KF8EEZ	FM95	UACNJ	FN20mv	14.097065	0.01	-4	0	1355	301	WSPR2	135500	120014	WD_3.3.2-2
2025-11-07 08:46	KF8EEZ	FM95	K9TRV	EN82bi	14.097064	0.01	-21	0	2110	298	WSPR2	211000	84400	WD_3.3.2-2
2025-11-07 08:46	KF8EEZ	FM95	K3GMQ-B	FN20lh	14.097065	0.01	-15	0	1339	298	WSPR2	133900	76514	WD_3.3.2-2
2025-11-07 08:46	KF8EEZ	FM95	KD3ALD	FN21ni	14.097065	0.01	-20	0	1369	303	WSPR2	136900	58671	WD_3.3.2-1
2025-11-07 08:46	KF8EEZ	FM95	KC2G	FN21wa	14.097065	0.01	-19	0	1296	302	WSPR2	129600	59246	WD_3.3.2-2
2025-11-07 08:46	KF8EEZ	FM95	K9TRV-4	EN82bi	14.097065	0.01	-23	0	2110	298	WSPR2	211000	72343	WD_3.3.2-2
2025-11-07 08:46	KF8EEZ	FM95	W2NAF-2	FN21ei	14.097065	0.01	-19	0	1426	302	WSPR2	142600	65189	WD_3.3.2-2
2025-11-07 08:46	KF8EEZ	FM95	W4BDE	EL89pr	14.097076	0.01	-24	0	2123	259	WSPR2	212300	66723	2.6.1
2025-11-07 08:46	KF8EEZ	FM95	VE3EID	FN05gk	14.097085	0.01	-20	0	1904	311	WSPR2	190400	81600	CWSL_DIGI
2025-11-07 08:46	KF8EEZ	FM95	W2NAF-3	FN21ei	14.097065	0.01	-13	0	1426	302	WSPR2	142600	89634	WD_3.3.2-2
2025-11-07 08:46	KF8EEZ	FM95	WA3TTS	EN90xn	14.097073	0.01	-25	1	1753	294	WSPR2	175300	50086	2.6.1
2025-11-07 08:46	KF8EEZ	FM95	K3GMQ	FN20lh	14.097065	0.01	-20	0	1339	298	WSPR2	133900	57386	QMTECH
2025-11-07 08:46	KF8EEZ	FM95	AB4ER	FM18hw	14.097061	0.01	-18	0	1494	290	WSPR2	149400	72566	2.7.0
2025-11-07 08:46	KF8EEZ	FM95	K4COD	EM73sc	14.097065	0.01	-13	0	2162	270	WSPR2	216200	135897	2.6.0
2025-11-07 08:46	KF8EEZ	FM95	KM4RK	EM93td	14.097079	0.01	-19	0	1792	267	WSPR2	179200	81920	2.6.1
2025-11-07 08:46	KF8EEZ	FM95	VE6JY	DO33or	14.097076	0.01	-22	0	4446	314	WSPR2	444600	165137	2.7.0
2025-11-07 08:46	KF8EEZ	FM95	KA3LNA	FM29dc	14.09708	0.01	-7	0	1357	292	WSPR2	135700	108560	2.3.1
2025-11-07 08:46	KF8EEZ	FM95	K1HTV-4	FM18ap	14.097063	0.01	-14	0	1539	288	WSPR2	153900	92340	SparkSDR
2025-11-07 08:46	KF8EEZ	FM95	KQ2Y	FN31gn	14.097067	0.01	-20	0	1273	306	WSPR2	127300	54557	v1.2.94
2025-11-07 08:46	KF8EEZ	FM95	KK4MBI	FM18kv	14.097081	0.01	-23	0	1472	290	WSPR2	147200	50469	2.6.1
2025-11-07 08:46	KF8EEZ	FM95	W8EDU	EN91em	14.097066	0.01	-24	0	1907	297	WSPR2	190700	59934	2.7.0
2025-11-07 08:56	KF8EEZ	FM95	WD4ELG	FM06be	14.097065	0.01	-13	0	1697	278	WSPR2	169700	106669	WD_3.3.2-1
2025-11-07 08:56	KF8EEZ	FM95	VE2EBM	FN36lb	14.097065	0.01	-24	0	1548	323	WSPR2	154800	48651	web-888
2025-11-07 08:56	KF8EEZ	FM95	SWLFNS	FN20hu	14.097065	0.01	-20	0	1386	300	WSPR2	138600	59400	1.4A Kiwi
2025-11-07 08:56	KF8EEZ	FM95	K5KHK	FN13dc	14.097132	0.01	-21	0	1662	306	WSPR2	166200	66480	1.4A Kiwi
2025-11-07 08:56	KF8EEZ	FM95	KD7EFG-1	DN31uo	14.097066	0.01	-22	0	4443	295	WSPR2	444300	165026	WD_3.1.7
2025-11-07 08:56	KF8EEZ	FM95	K6RFT	EM47bg	14.097065	0.01	-22	0	2755	283	WSPR2	275500	102329	WD_3.2.3
2025-11-07 08:56	KF8EEZ	FM95	N2YCH	FN31jg	14.097176	0.01	-5	0	1239	305	WSPR2	123900	106200	WD_3.3.2-2
2025-11-07 08:56	KF8EEZ	FM95	WA2TP	FN30lu	14.097065	0.01	-8	0	1206	303	WSPR2	120600	93034	WD_3.2.1
2025-11-07 08:56	KF8EEZ	FM95	W3OA	EM95mn	14.096999	0.01	-15	0	1799	276	WSPR2	179900	102800	CWSL_DIGI
2025-11-07 08:56	KF8EEZ	FM95	K1RA-PI	FM18cr	14.097064	0.01	-19	0	1526	289	WSPR2	152600	69760	DS_0.35.1
2025-11-07 08:56	KF8EEZ	FM95	W2KGY	FN31aj	14.097065	0.01	-19	0	1301	304	WSPR2	130100	59474	WD_3.3.2-2
2025-11-07 08:56	KF8EEZ	FM95	KV4CW	EM96we	14.097065	0.01	-21	0	1719	278	WSPR2	171900	68760	1.4A Kiwi
2025-11-07 08:56	KF8EEZ	FM95	K8NVH	EN82lm	14.097065	0.01	-27	0	2048	299	WSPR2	204800	46811	WD_3.2.3
2025-11-07 08:56	KF8EEZ	FM95	KD2OM	FN12gx	14.097065	0.01	-16	0	1637	306	WSPR2	163700	88866	WD_3.3.2-2
2025-11-07 08:56	KF8EEZ	FM95	K1RA	FM18cr	14.097094	0.01	-20	0	1526	289	WSPR2	152600	65400	CWSL_DIGI
2025-11-07 08:56	KF8EEZ	FM95	AC0G/B2	EM38ww	14.097065	0.01	-25	0	2766	287	WSPR2	276600	79029	WD_3.3.2-2
2025-11-07 08:56	KF8EEZ	FM95	K9TRV-2	EN82bi	14.097066	0.01	-19	0	2110	298	WSPR2	211000	96457	WD_3.3.2-2
2025-11-07 08:56	KF8EEZ	FM95	K3LR	EN91se	14.097065	0.01	-16	0	1804	296	WSPR2	180400	97931	WD_3.3.2-2
2025-11-07 08:56	KF8EEZ	FM95	K4JK	FM07vs	14.097065	0.01	-14	0	1551	285	WSPR2	155100	93060	WD_3.3.2-2
2025-11-07 08:56	KF8EEZ	FM95	UACNJ	FN20mv	14.097065	0.01	-11	0	1355	301	WSPR2	135500	92914	WD_3.3.2-2
2025-11-07 08:56	KF8EEZ	FM95	W3PM	EM64or	14.097064	0.01	-24	0	2337	275	WSPR2	233700	73449	WD_3.3.2-2
2025-11-07 08:56	KF8EEZ	FM95	K9TRV-4	EN82bi	14.097064	0.01	-24	-1	2110	298	WSPR2	211000	66314	WD_3.3.2-2
2025-11-07 08:56	KF8EEZ	FM95	N2YCH-1	FN31jg	14.097065	0.01	-17	0	1239	305	WSPR2	123900	63720	WD_3.3.2-2
2025-11-07 08:56	KF8EEZ	FM95	KD7EFG	DN31uo	14.097066	0.01	-24	0	4443	295	WSPR2	444300	139637	WD_3.3.2-2
2025-11-07 08:56	KF8EEZ	FM95	K3GMQ-B	FN20lh	14.097064	0.01	-17	0	1339	298	WSPR2	133900	68863	WD_3.3.2-2
2025-11-07 08:56	KF8EEZ	FM95	K9TRV	EN82bi	14.097064	0.01	-22	0	2110	298	WSPR2	211000	78371	WD_3.3.2-2
2025-11-07 08:56	KF8EEZ	FM95	W2NAF-2	FN21ei	14.097065	0.01	-20	0	1426	302	WSPR2	142600	61114	WD_3.3.2-2
2025-11-07 08:56	KF8EEZ	FM95	KD3ALD	FN21ni	14.097065	0.01	-20	0	1369	303	WSPR2	136900	58671	WD_3.3.2-1
2025-11-07 08:56	KF8EEZ	FM95	KC2G	FN21wa	14.097065	0.01	-15	0	1296	302	WSPR2	129600	74057	WD_3.3.2-2
2025-11-07 08:56	KF8EEZ	FM95	K9IMM	EN52cv	14.097048	0.01	-27	-1	2597	297	WSPR2	259700	59360	CWSL_DIGI
2025-11-07 08:56	KF8EEZ	FM95	W4BDE	EL89pr	14.097075	0.01	-18	0	2123	259	WSPR2	212300	103117	2.6.1
2025-11-07 08:56	KF8EEZ	FM95	VE3EID	FN05gk	14.097085	0.01	-23	0	1904	311	WSPR2	190400	65280	CWSL_DIGI
2025-11-07 08:56	KF8EEZ	FM95	W2NAF-3	FN21ei	14.097065	0.01	-15	0	1426	302	WSPR2	142600	81486	WD_3.3.2-2
2025-11-07 08:56	KF8EEZ	FM95	WZ7I	FN20kk	14.097068	0.01	-11	0	1350	298	WSPR2	135000	92571	CWSL_DIGI
2025-11-07 08:56	KF8EEZ	FM95	WA3NAN	FM19na	14.097099	0.01	-21	0	1454	290	WSPR2	145400	58160	2.7.0-rc3
2025-11-07 08:56	KF8EEZ	FM95	WY1U	FN31nl	14.097072	0.01	-24	0	1226	307	WSPR2	122600	38531	2.0.0
2025-11-07 08:56	KF8EEZ	FM95	WP4CIE	FK68wg	14.097069	0.01	-23	0	1978	196	WSPR2	197800	67817	v1.2.84
2025-11-07 08:56	KF8EEZ	FM95	K3GMQ	FN20lh	14.097065	0.01	-22	0	1339	298	WSPR2	133900	49734	QMTECH
2025-11-07 08:56	KF8EEZ	FM95	W8EDU	EN91em	14.097066	0.01	-24	0	1907	297	WSPR2	190700	59934	2.7.0
2025-11-07 08:56	KF8EEZ	FM95	KC1CMT	FN31qp	14.09706	0.01	-25	0	1217	308	WSPR2	121700	34771	2.7.0
2025-11-07 08:56	KF8EEZ	FM95	AB4ER	FM18hw	14.09706	0.01	-26	0	1494	290	WSPR2	149400	38417	2.7.0
2025-11-07 08:56	KF8EEZ	FM95	KM4RK	EM93td	14.097079	0.01	-22	0	1792	267	WSPR2	179200	66560	2.6.1
2025-11-07 08:56	KF8EEZ	FM95	K4COD	EM73sc	14.097065	0.01	-21	0	2162	270	WSPR2	216200	86480	2.6.0
2025-11-07 08:56	KF8EEZ	FM95	K4KR	EM74	14.097091	0.01	-19	0	2184	274	WSPR2	218400	99840	2.7.0
2025-11-07 08:56	KF8EEZ	FM95	KQ2Y	FN31gn	14.097067	0.01	-18	0	1273	306	WSPR2	127300	61831	v1.2.94
2025-11-07 08:56	KF8EEZ	FM95	VE6JY	DO33or	14.097075	0.01	-20	0	4446	314	WSPR2	444600	190543	2.7.0
2025-11-07 08:56	KF8EEZ	FM95	KA3LNA	FM29dc	14.09708	0.01	-20	0	1357	292	WSPR2	135700	58157	2.3.1
2025-11-07 08:56	KF8EEZ	FM95	SWLKCL	FN04	14.097063	0.01	-30	0	1825	309	WSPR2	182500	26071	2.3.0
2025-11-07 09:06	KF8EEZ	GM05	WD4ELG	FM06be	14.097065	0.01	-19	0	1876	279	WSPR2	187600	85760	WD_3.3.2-1
2025-11-07 09:06	KF8EEZ	GM05	VE2EBM	FN36lb	14.097066	0.01	-17	0	1661	319	WSPR2	166100	85423	web-888
2025-11-07 09:06	KF8EEZ	GM05	SWLFNS	FN20hu	14.097066	0.01	-19	0	1545	298	WSPR2	154500	70629	1.4A Kiwi
2025-11-07 09:06	KF8EEZ	GM05	K1RA	FM18cr	14.097095	0.01	-20	0	1698	288	WSPR2	169800	72771	CWSL_DIGI
2025-11-07 09:06	KF8EEZ	GM05	K6RFT	EM47bg	14.097065	0.01	-23	0	2932	284	WSPR2	293200	100526	WD_3.2.3
2025-11-07 09:06	KF8EEZ	GM05	N2YCH	FN31jg	14.097064	0.01	-9	0	1390	302	WSPR2	139000	103257	WD_3.3.2-2
2025-11-07 09:06	KF8EEZ	GM05	WA2TP	FN30lu	14.097065	0.01	-11	0	1360	300	WSPR2	136000	93257	WD_3.2.1
2025-11-07 09:06	KF8EEZ	GM05	K1RA-PI	FM18cr	14.097065	0.01	-20	0	1698	288	WSPR2	169800	72771	DS_0.35.1
2025-11-07 09:06	KF8EEZ	GM05	EA8BFK	IL38bo	14.097068	0.01	-21	0	4288	87	WSPR2	428800	171520	WD_3.3.2-2
2025-11-07 09:06	KF8EEZ	GM05	WZ7I	FN20kk	14.097068	0.01	-10	0	1511	296	WSPR2	151100	107929	CWSL_DIGI
2025-11-07 09:06	KF8EEZ	GM05	W3OA	EM95mn	14.097	0.01	-14	0	1979	277	WSPR2	197900	118740	CWSL_DIGI
2025-11-07 09:06	KF8EEZ	GM05	N8GA	EN80ee	14.097065	0.01	-29	0	2214	291	WSPR2	221400	37954	WD_3.3.2-1
2025-11-07 09:06	KF8EEZ	GM05	W2KGY	FN31aj	14.097065	0.01	-22	0	1454	301	WSPR2	145400	54006	WD_3.3.2-2
2025-11-07 09:06	KF8EEZ	GM05	AB1KW	FN43fe	14.097066	0.01	-16	0	1372	312	WSPR2	137200	74480	DS_0.35.1
2025-11-07 09:06	KF8EEZ	GM05	KD2OM	FN12gx	14.097065	0.01	-14	0	1787	303	WSPR2	178700	107220	WD_3.3.2-2
2025-11-07 09:06	KF8EEZ	GM05	K9TRV	EN82bi	14.097064	0.01	-24	0	2271	297	WSPR2	227100	71374	WD_3.3.2-2
2025-11-07 09:06	KF8EEZ	GM05	K4JK	FM07vs	14.097066	0.01	-14	0	1726	284	WSPR2	172600	103560	WD_3.3.2-2
2025-11-07 09:06	KF8EEZ	GM05	K9TRV-2	EN82bi	14.097066	0.01	-22	0	2271	297	WSPR2	227100	84351	WD_3.3.2-2
2025-11-07 09:06	KF8EEZ	GM05	K3LR	EN91se	14.097065	0.01	-6	0	1967	295	WSPR2	196700	162980	WD_3.3.2-2
2025-11-07 09:06	KF8EEZ	GM05	K3GMQ-B	FN20lh	14.097065	0.01	-18	0	1501	296	WSPR2	150100	72906	WD_3.3.2-2
2025-11-07 09:06	KF8EEZ	GM05	N2YCH-1	FN31jg	14.097065	0.01	-26	0	1390	302	WSPR2	139000	35743	WD_3.3.2-2
2025-11-07 09:06	KF8EEZ	GM05	W3PM	EM64or	14.097065	0.01	-26	0	2517	276	WSPR2	251700	64723	WD_3.3.2-2
2025-11-07 09:06	KF8EEZ	GM05	WA3TTS	EN90xn	14.097073	0.01	-26	0	1919	293	WSPR2	191900	49346	2.6.1
2025-11-07 09:06	KF8EEZ	GM05	K5KHK	FN13dc	14.097133	0.01	-24	0	1811	304	WSPR2	181100	56917	1.4A Kiwi
2025-11-07 09:06	KF8EEZ	GM05	KC2G	FN21wa	14.097065	0.01	-21	0	1451	300	WSPR2	145100	58040	WD_3.3.2-2
2025-11-07 09:06	KF8EEZ	GM05	KD3ALD	FN21ni	14.097065	0.01	-26	0	1523	300	WSPR2	152300	39163	WD_3.3.2-1
2025-11-07 09:06	KF8EEZ	GM05	K9TRV-4	EN82bi	14.097065	0.01	-25	0	2271	297	WSPR2	227100	64886	WD_3.3.2-2
2025-11-07 09:06	KF8EEZ	GM05	KE4IP	EM73sx	14.097063	0.01	-23	0	2322	273	WSPR2	232200	79611	v1.2.28
2025-11-07 09:06	KF8EEZ	GM05	W2NAF-2	FN21ei	14.097065	0.01	-25	0	1582	299	WSPR2	158200	45200	WD_3.3.2-2
2025-11-07 09:06	KF8EEZ	GM05	W1XP	FN42fo	14.097065	0.01	-20	0	1337	310	WSPR2	133700	57300	WD_3.3.2-2
2025-11-07 09:06	KF8EEZ	GM05	KM3T-3	FN42et	14.097035	0.01	-26	0	1355	311	WSPR2	135500	34843	CWSL_DIGI
2025-11-07 09:06	KF8EEZ	GM05	UACNJ	FN20mv	14.097065	0.01	-18	0	1513	298	WSPR2	151300	73489	WD_3.3.2-2
2025-11-07 09:06	KF8EEZ	GM05	W2NAF-3	FN21ei	14.097065	0.01	-21	0	1582	299	WSPR2	158200	63280	WD_3.3.2-2
2025-11-07 09:06	KF8EEZ	GM05	K3GMQ	FN20lh	14.097065	0.01	-24	0	1501	296	WSPR2	150100	47174	QMTECH
2025-11-07 09:06	KF8EEZ	GM05	AB4ER	FM18hw	14.097062	0.01	-21	0	1665	289	WSPR2	166500	66600	2.7.0
2025-11-07 09:06	KF8EEZ	GM05	W4BDE	EL89pr	14.097076	0.01	-33	0	2301	261	WSPR2	230100	13149	2.6.1
2025-11-07 09:06	KF8EEZ	GM05	N8VIM	FN42fq	14.097067	0.01	-24	0	1342	310	WSPR2	134200	42177	2.7.0
2025-11-07 09:06	KF8EEZ	GM05	WP4CIE	FK68wg	14.097069	0.01	-25	0	2037	202	WSPR2	203700	58200	v1.2.84
2025-11-07 09:06	KF8EEZ	GM05	VO1AW	GN28qw	14.097099	0.01	-24	0	1539	12	WSPR2	153900	48369	2.7.0
2025-11-07 09:06	KF8EEZ	GM05	K4KR	EM74	14.097092	0.01	-18	0	2365	275	WSPR2	236500	114871	2.7.0
2025-11-07 09:06	KF8EEZ	GM05	KC1CMT	FN31qp	14.09706	0.01	-18	0	1363	304	WSPR2	136300	66203	2.7.0
2025-11-07 09:06	KF8EEZ	GM05	WA9FIO	EN43jt	14.097071	0.01	-22	0	2885	299	WSPR2	288500	107157	2.6.1
2025-11-07 09:06	KF8EEZ	GM05	WY1U	FN31nl	14.097074	0.01	-22	0	1374	303	WSPR2	137400	51034	2.0.0
2025-11-07 09:06	KF8EEZ	GM05	KQ2Y	FN31gn	14.097068	0.01	-9	0	1422	303	WSPR2	142200	105634	v1.2.94
2025-11-07 09:06	KF8EEZ	GM05	W3SP	EM73	14.097065	0.01	-20	0	2387	272	WSPR2	238700	102300	2.7.0
2025-11-07 09:06	KF8EEZ	GM05	K4COD	EM73sc	14.097065	0.01	-15	0	2343	271	WSPR2	234300	133886	2.6.0
2025-11-07 09:06	KF8EEZ	GM05	VE6JY	DO33or	14.097075	0.01	-18	0	4577	314	WSPR2	457700	222311	2.7.0
2025-11-07 09:06	KF8EEZ	GM05	VE3XLT	EN93uv	14.097111	0.01	-24	0	2037	304	WSPR2	203700	64020	v1.2.97
2025-11-07 09:06	KF8EEZ	GM05	W3HH	EL89vb	14.097079	0.01	-26	0	2286	258	WSPR2	228600	58783	2.6.1
2025-11-07 09:06	KF8EEZ	GM05	W8EDU	EN91em	14.097067	0.01	-26	0	2070	296	WSPR2	207000	53229	2.7.0
2025-11-07 09:06	KF8EEZ	GM05	SWLKCL	FN04	14.097064	0.01	-24	0	1968	307	WSPR2	196800	61851	2.3.0
2025-11-07 09:06	KF8EEZ	GM05	N2DED	FN20nh	14.097102	0.01	-16	0	1487	296	WSPR2	148700	80723	2.6.1
2025-11-07 09:06	KF8EEZ	GM05	KA3LNA	FM29dc	14.097081	0.01	-21	0	1526	290	WSPR2	152600	61040	2.3.1
2025-11-07 09:16	KF8EEZ	GM05	WD4ELG	FM06be	14.097065	0.01	-16	1	1876	279	WSPR2	187600	101840	WD_3.3.2-1
2025-11-07 09:16	KF8EEZ	GM05	N2YCH	FN31jg	14.097175	0.01	-7	1	1390	302	WSPR2	139000	111200	WD_3.3.2-2
2025-11-07 09:16	KF8EEZ	GM05	WZ7I	FN20kk	14.097068	0.01	-10	0	1511	296	WSPR2	151100	107929	CWSL_DIGI
2025-11-07 09:16	KF8EEZ	GM05	WA2TP	FN30lu	14.097065	0.01	-12	0	1360	300	WSPR2	136000	89371	WD_3.2.1
2025-11-07 09:16	KF8EEZ	GM05	KD2OM	FN12gx	14.097064	0.01	-11	-1	1787	303	WSPR2	178700	122537	WD_3.3.2-2
2025-11-07 09:16	KF8EEZ	GM05	K3LR	EN91se	14.097065	0.01	-15	1	1967	295	WSPR2	196700	112400	WD_3.3.2-2
2025-11-07 09:16	KF8EEZ	GM05	N2YCH-1	FN31jg	14.097065	0.01	-19	1	1390	302	WSPR2	139000	63543	WD_3.3.2-2
2025-11-07 09:16	KF8EEZ	GM05	W3OA	EM95mn	14.096999	0.01	-13	0	1979	277	WSPR2	197900	124394	CWSL_DIGI
2025-11-07 09:16	KF8EEZ	GM05	K1RA	FM18cr	14.097094	0.01	-17	1	1698	288	WSPR2	169800	87326	CWSL_DIGI
2025-11-07 09:16	KF8EEZ	GM05	K4JK	FM07vs	14.097066	0.01	-8	1	1726	284	WSPR2	172600	133149	WD_3.3.2-2
2025-11-07 09:16	KF8EEZ	GM05	K3GMQ-B	FN20lh	14.097064	0.01	-17	0	1501	296	WSPR2	150100	77194	WD_3.3.2-2
2025-11-07 09:16	KF8EEZ	GM05	KC2G	FN21wa	14.097065	0.01	-13	1	1451	300	WSPR2	145100	91206	WD_3.3.2-2
2025-11-07 09:16	KF8EEZ	GM05	UACNJ	FN20mv	14.097065	0.01	-11	0	1513	298	WSPR2	151300	103749	WD_3.3.2-2
2025-11-07 09:16	KF8EEZ	GM05	W2NAF-3	FN21ei	14.097065	0.01	-14	1	1582	299	WSPR2	158200	94920	WD_3.3.2-2
2025-11-07 09:16	KF8EEZ	GM05	KD3ALD	FN21ni	14.097064	0.01	-20	-1	1523	300	WSPR2	152300	65271	WD_3.3.2-1
2025-11-07 09:16	KF8EEZ	GM05	W2NAF-2	FN21ei	14.097065	0.01	-19	1	1582	299	WSPR2	158200	72320	WD_3.3.2-2
2025-11-07 09:16	KF8EEZ	GM05	W1XP	FN42fo	14.097065	0.01	-17	-1	1337	310	WSPR2	133700	68760	WD_3.3.2-2
2025-11-07 09:16	KF8EEZ	GM05	AB4ER	FM18hw	14.097061	0.01	-22	0	1665	289	WSPR2	166500	61843	2.7.0
2025-11-07 09:16	KF8EEZ	GM05	KC1CMT	FN31qp	14.09706	0.01	-20	0	1363	304	WSPR2	136300	58414	2.7.0
2025-11-07 09:16	KF8EEZ	GM05	KA3LNA	FM29dc	14.09708	0.01	-20	0	1526	290	WSPR2	152600	65400	2.3.1
2025-11-07 09:26	KF8EEZ	GM05	WD4ELG	FM06be	14.097064	0.01	-15	0	1876	279	WSPR2	187600	107200	WD_3.3.2-1
2025-11-07 09:26	KF8EEZ	GM05	KJ5HY	FN34fh	14.097065	0.01	-15	0	1575	313	WSPR2	157500	90000	WD_3.3.2-2
2025-11-07 09:26	KF8EEZ	GM05	K6RFT	EM47bg	14.097065	0.01	-19	0	2932	284	WSPR2	293200	134034	WD_3.2.3
2025-11-07 09:26	KF8EEZ	GM05	WZ7I	FN20kk	14.097068	0.01	-13	0	1511	296	WSPR2	151100	94977	CWSL_DIGI
2025-11-07 09:26	KF8EEZ	GM05	N2YCH	FN31jg	14.097064	0.01	-3	0	1390	302	WSPR2	139000	127086	WD_3.3.2-2
2025-11-07 09:26	KF8EEZ	GM05	W3OA	EM95mn	14.096999	0.01	-17	0	1979	277	WSPR2	197900	101777	CWSL_DIGI
2025-11-07 09:26	KF8EEZ	GM05	WA2TP	FN30lu	14.097065	0.01	-6	0	1360	300	WSPR2	136000	112686	WD_3.2.1
2025-11-07 09:26	KF8EEZ	GM05	K1RA	FM18cr	14.097094	0.01	-17	0	1698	288	WSPR2	169800	87326	CWSL_DIGI
2025-11-07 09:26	KF8EEZ	GM05	K1RA-PI	FM18cr	14.097064	0.01	-14	0	1698	288	WSPR2	169800	101880	DS_0.35.1
2025-11-07 09:26	KF8EEZ	GM05	KD2OM	FN12gx	14.097064	0.01	-13	0	1787	303	WSPR2	178700	112326	WD_3.3.2-2
2025-11-07 09:26	KF8EEZ	GM05	N2YCH-1	FN31jg	14.097065	0.01	-16	0	1390	302	WSPR2	139000	75457	WD_3.3.2-2
2025-11-07 09:26	KF8EEZ	GM05	K3LR	EN91se	14.097064	0.01	-13	0	1967	295	WSPR2	196700	123640	WD_3.3.2-2
2025-11-07 09:26	KF8EEZ	GM05	K4JK	FM07vs	14.097065	0.01	-11	0	1726	284	WSPR2	172600	118354	WD_3.3.2-2
2025-11-07 09:26	KF8EEZ	GM05	K9TRV-2	EN82bi	14.097065	0.01	-25	0	2271	297	WSPR2	227100	64886	WD_3.3.2-2
2025-11-07 09:26	KF8EEZ	GM05	K3GMQ-B	FN20lh	14.097064	0.01	-18	0	1501	296	WSPR2	150100	72906	WD_3.3.2-2
2025-11-07 09:26	KF8EEZ	GM05	W3PM	EM64or	14.097064	0.01	-20	0	2517	276	WSPR2	251700	107871	WD_3.3.2-2
2025-11-07 09:26	KF8EEZ	GM05	KD3ALD	FN21ni	14.097065	0.01	-26	0	1523	300	WSPR2	152300	39163	WD_3.3.2-1
2025-11-07 09:26	KF8EEZ	GM05	KM3T-3	FN42et	14.097034	0.01	-23	0	1355	311	WSPR2	135500	46457	CWSL_DIGI
2025-11-07 09:26	KF8EEZ	GM05	N1DQ-1	FN42hn	14.097064	0.01	-23	0	1323	310	WSPR2	132300	45360	WD_3.3.2-2
2025-11-07 09:26	KF8EEZ	GM05	WA3TTS	EN90xn	14.097072	0.01	-26	0	1919	293	WSPR2	191900	49346	2.6.1
2025-11-07 09:26	KF8EEZ	GM05	UACNJ	FN20mv	14.097065	0.01	-10	0	1513	298	WSPR2	151300	108071	WD_3.3.2-2
2025-11-07 09:26	KF8EEZ	GM05	W1XP	FN42fo	14.097065	0.01	-15	0	1337	310	WSPR2	133700	76400	WD_3.3.2-2
2025-11-07 09:26	KF8EEZ	GM05	KC2G	FN21wa	14.097064	0.01	-17	0	1451	300	WSPR2	145100	74623	WD_3.3.2-2
2025-11-07 09:26	KF8EEZ	GM05	K3GMQ	FN20lh	14.097065	0.01	-23	0	1501	296	WSPR2	150100	51463	QMTECH
2025-11-07 09:26	KF8EEZ	GM05	W2NAF-3	FN21ei	14.097064	0.01	-22	0	1582	299	WSPR2	158200	58760	WD_3.3.2-2
2025-11-07 09:26	KF8EEZ	GM05	W2NAF-2	FN21ei	14.097064	0.01	-24	0	1582	299	WSPR2	158200	49720	WD_3.3.2-2
2025-11-07 09:26	KF8EEZ	GM05	WP4CIE	FK68wg	14.097069	0.01	-19	0	2037	202	WSPR2	203700	93120	v1.2.84
2025-11-07 09:26	KF8EEZ	GM05	W4BDE	EL89pr	14.097075	0.01	-25	0	2301	261	WSPR2	230100	65743	2.6.1
2025-11-07 09:26	KF8EEZ	GM05	WW4ET	FM14bb	14.097072	0.01	-25	0	1725	270	WSPR2	172500	49286	2.7.0
2025-11-07 09:26	KF8EEZ	GM05	KA3LNA	FM29dc	14.09708	0.01	-22	0	1526	290	WSPR2	152600	56680	2.3.1
2025-11-07 09:26	KF8EEZ	GM05	WY1U	FN31nl	14.097072	0.01	-22	1	1374	303	WSPR2	137400	51034	2.0.0
2025-11-07 09:26	KF8EEZ	GM05	AB4ER	FM18hw	14.097061	0.01	-21	0	1665	289	WSPR2	166500	66600	2.7.0
2025-11-07 09:26	KF8EEZ	GM05	KQ2Y	FN31gn	14.097067	0.01	-11	0	1422	303	WSPR2	142200	97509	v1.2.94
2025-11-07 09:26	KF8EEZ	GM05	VE6JY	DO33or	14.097073	0.01	-18	0	4577	314	WSPR2	457700	222311	2.7.0
2025-11-07 09:26	KF8EEZ	GM05	SWLKCL	FN04	14.097063	0.01	-26	0	1968	307	WSPR2	196800	50606	2.3.0
2025-11-07 09:26	KF8EEZ	GM05	KC1CMT	FN31qp	14.097059	0.01	-22	0	1363	304	WSPR2	136300	50626	2.7.0
2025-11-07 09:26	KF8EEZ	GM05	N2DED	FN20nh	14.097101	0.01	-24	0	1487	296	WSPR2	148700	46734	2.6.1
2025-11-07 09:26	KF8EEZ	GM05	W8EDU	EN91em	14.097066	0.01	-27	0	2070	296	WSPR2	207000	47314	2.7.0
2025-11-07 09:36	KF8EEZ	GM05	WD4ELG	FM06be	14.097064	0.01	-15	0	1876	279	WSPR2	187600	107200	WD_3.3.2-1
2025-11-07 09:36	KF8EEZ	GM05	KV4CW	EM96we	14.097065	0.01	-26	0	1899	279	WSPR2	189900	48831	1.4A Kiwi
2025-11-07 09:36	KF8EEZ	GM05	SWLFNS	FN20hu	14.097065	0.01	-20	0	1545	298	WSPR2	154500	66214	1.4A Kiwi
2025-11-07 09:36	KF8EEZ	GM05	WZ7I	FN20kk	14.097068	0.01	-8	0	1511	296	WSPR2	151100	116563	CWSL_DIGI
2025-11-07 09:36	KF8EEZ	GM05	N2YCH	FN31jg	14.097064	0.01	-11	0	1390	302	WSPR2	139000	95314	WD_3.3.2-2
2025-11-07 09:36	KF8EEZ	GM05	K1RA	FM18cr	14.097094	0.01	-20	0	1698	288	WSPR2	169800	72771	CWSL_DIGI
2025-11-07 09:36	KF8EEZ	GM05	WA2TP	FN30lu	14.097065	0.01	-15	0	1360	300	WSPR2	136000	77714	WD_3.2.1
2025-11-07 09:36	KF8EEZ	GM05	K1RA-PI	FM18cr	14.097064	0.01	-20	0	1698	288	WSPR2	169800	72771	DS_0.35.1
2025-11-07 09:36	KF8EEZ	GM05	KD2OM	FN12gx	14.097065	0.01	-16	0	1787	303	WSPR2	178700	97009	WD_3.3.2-2
2025-11-07 09:36	KF8EEZ	GM05	W2KGY	FN31aj	14.097065	0.01	-25	1	1454	301	WSPR2	145400	41543	WD_3.3.2-2
2025-11-07 09:36	KF8EEZ	GM05	W1BW	FN54nh	14.097066	0.01	0	0	1290	323	WSPR2	129000	129000	
2025-11-07 09:36	KF8EEZ	GM05	EA8BFK	IL38bo	14.097067	0.01	-22	0	4288	87	WSPR2	428800	159269	WD_3.3.2-2
2025-11-07 09:36	KF8EEZ	GM05	W4BDE	EL89pr	14.097075	0.01	-24	0	2301	261	WSPR2	230100	72317	2.6.1
2025-11-07 09:36	KF8EEZ	GM05	VE3EID	FN05gk	14.097085	0.01	-21	0	2043	309	WSPR2	204300	81720	CWSL_DIGI
2025-11-07 09:36	KF8EEZ	GM05	K3GMQ-B	FN20lh	14.097064	0.01	-23	0	1501	296	WSPR2	150100	51463	WD_3.3.2-2
2025-11-07 09:36	KF8EEZ	GM05	K9TRV	EN82bi	14.097064	0.01	-28	0	2271	297	WSPR2	227100	45420	WD_3.3.2-2
2025-11-07 09:36	KF8EEZ	GM05	N3AGE-4	FN30hw	14.097065	0.01	-21	0	1389	300	WSPR2	138900	55560	WD_3.3.2-2
2025-11-07 09:36	KF8EEZ	GM05	KM3T-3	FN42et	14.097034	0.01	-27	0	1355	311	WSPR2	135500	30971	CWSL_DIGI
2025-11-07 09:36	KF8EEZ	GM05	W3PM	EM64or	14.097065	0.01	-22	0	2517	276	WSPR2	251700	93489	WD_3.3.2-2
2025-11-07 09:36	KF8EEZ	GM05	W3OA	EM95mn	14.096999	0.01	-15	0	1979	277	WSPR2	197900	113086	CWSL_DIGI
2025-11-07 09:36	KF8EEZ	GM05	K3LR	EN91se	14.097065	0.01	-14	0	1967	295	WSPR2	196700	118020	WD_3.3.2-2
2025-11-07 09:36	KF8EEZ	GM05	K9TRV-2	EN82bi	14.097065	0.01	-28	0	2271	297	WSPR2	227100	45420	WD_3.3.2-2
2025-11-07 09:36	KF8EEZ	GM05	KJ5HY	FN34fh	14.097065	0.01	-23	0	1575	313	WSPR2	157500	54000	WD_3.3.2-2
2025-11-07 09:36	KF8EEZ	GM05	W3USR-1	FN21ej	14.097066	0.01	-25	0	1584	300	WSPR2	158400	45257	WD_3.3.2-1
2025-11-07 09:36	KF8EEZ	GM05	KD3ALD	FN21ni	14.097065	0.01	-21	0	1523	300	WSPR2	152300	60920	WD_3.3.2-1
2025-11-07 09:36	KF8EEZ	GM05	UACNJ	FN20mv	14.097065	0.01	-12	0	1513	298	WSPR2	151300	99426	WD_3.3.2-2
2025-11-07 09:36	KF8EEZ	GM05	K4JK	FM07vs	14.097065	0.01	-8	0	1726	284	WSPR2	172600	133149	WD_3.3.2-2
2025-11-07 09:36	KF8EEZ	GM05	K9TRV-4	EN82bi	14.097065	0.01	-27	0	2271	297	WSPR2	227100	51909	WD_3.3.2-2
2025-11-07 09:36	KF8EEZ	GM05	W2NAF-2	FN21ei	14.097065	0.01	-24	0	1582	299	WSPR2	158200	49720	WD_3.3.2-2
2025-11-07 09:36	KF8EEZ	GM05	W1XP	FN42fo	14.097065	0.01	-16	0	1337	310	WSPR2	133700	72580	WD_3.3.2-2
2025-11-07 09:36	KF8EEZ	GM05	KC2G	FN21wa	14.097065	0.01	-18	0	1451	300	WSPR2	145100	70477	WD_3.3.2-2
2025-11-07 09:36	KF8EEZ	GM05	N1DQ-1	FN42hn	14.097065	0.01	-21	0	1323	310	WSPR2	132300	52920	WD_3.3.2-2
2025-11-07 09:36	KF8EEZ	GM05	W2NAF-3	FN21ei	14.097065	0.01	-19	0	1582	299	WSPR2	158200	72320	WD_3.3.2-2
2025-11-07 09:36	KF8EEZ	GM05	NM1Z	FN41qp	14.097063	0.01	-27	0	1217	308	WSPR2	121700	27817	
2025-11-07 09:36	KF8EEZ	GM05	KE4IP	EM73sx	14.097062	0.01	-22	0	2322	273	WSPR2	232200	86246	v1.2.28
2025-11-07 09:36	KF8EEZ	GM05	FN41RY	FN41ks	14.097074	0.01	-18	0	1260	307	WSPR2	126000	61200	v1.2.97
2025-11-07 09:36	KF8EEZ	GM05	N8VIM	FN42fq	14.097066	0.01	-20	0	1342	310	WSPR2	134200	57514	2.7.0
2025-11-07 09:36	KF8EEZ	GM05	N9AWU	EM69sm	14.097065	0.01	-17	0	2450	289	WSPR2	245000	126000	web-888
2025-11-07 09:36	KF8EEZ	GM05	N2DED	FN20nh	14.0971	0.01	-21	0	1487	296	WSPR2	148700	59480	2.6.1
2025-11-07 09:36	KF8EEZ	GM05	WP4CIE	FK68wg	14.097069	0.01	-24	0	2037	202	WSPR2	203700	64020	v1.2.84
2025-11-07 09:36	KF8EEZ	GM05	W4HOD	EM72eo	14.097082	0.01	-15	0	2463	270	WSPR2	246300	140743	3.0.0-rc1
2025-11-07 09:36	KF8EEZ	GM05	AB4ER	FM18hw	14.097061	0.01	-23	0	1665	289	WSPR2	166500	57086	2.7.0
2025-11-07 09:36	KF8EEZ	GM05	K4KR	EM74	14.097092	0.01	-18	0	2365	275	WSPR2	236500	114871	2.7.0
2025-11-07 09:36	KF8EEZ	GM05	WA3VPZ	FM19kn	14.097049	0.01	-29	0	1655	291	WSPR2	165500	28371	2.5.4
2025-11-07 09:36	KF8EEZ	GM05	KQ2Y	FN31gn	14.097067	0.01	-12	0	1422	303	WSPR2	142200	93446	v1.2.94
2025-11-07 09:36	KF8EEZ	GM05	W8EDU	EN91em	14.097066	0.01	-27	0	2070	296	WSPR2	207000	47314	2.7.0
2025-11-07 09:36	KF8EEZ	GM05	KA3LNA	FM29dc	14.09708	0.01	-16	0	1526	290	WSPR2	152600	82840	2.3.1
2025-11-07 09:36	KF8EEZ	GM05	WY1U	FN31nl	14.097072	0.01	-23	0	1374	303	WSPR2	137400	47109	2.0.0
2025-11-07 09:36	KF8EEZ	GM05	KC1CMT	FN31qp	14.09706	0.01	-23	0	1363	304	WSPR2	136300	46731	2.7.0
2025-11-07 09:36	KF8EEZ	GM05	K4COD	EM73sc	14.097065	0.01	-15	0	2343	271	WSPR2	234300	133886	2.6.0
2025-11-07 09:46	KF8EEZ	GM05	WD4ELG	FM06be	14.097064	0.01	-16	0	1876	279	WSPR2	187600	101840	WD_3.3.2-1
2025-11-07 09:46	KF8EEZ	GM05	N9AWU	EM69sm	14.097064	0.01	-19	0	2450	289	WSPR2	245000	112000	web-888
2025-11-07 09:46	KF8EEZ	GM05	SWLFNS	FN20hu	14.097065	0.01	-23	0	1545	298	WSPR2	154500	52971	1.4A Kiwi
2025-11-07 09:46	KF8EEZ	GM05	K5KHK	FN13dc	14.097132	0.01	-21	0	1811	304	WSPR2	181100	72440	1.4A Kiwi
2025-11-07 09:46	KF8EEZ	GM05	K6RFT	EM47bg	14.097064	0.01	-22	0	2932	284	WSPR2	293200	108903	WD_3.2.3
2025-11-07 09:46	KF8EEZ	GM05	WZ7I	FN20kk	14.097067	0.01	-7	0	1511	296	WSPR2	151100	120880	CWSL_DIGI
2025-11-07 09:46	KF8EEZ	GM05	N2YCH	FN31jg	14.097064	0.01	-7	0	1390	302	WSPR2	139000	111200	WD_3.3.2-2
2025-11-07 09:46	KF8EEZ	GM05	WA2TP	FN30lu	14.097064	0.01	-8	0	1360	300	WSPR2	136000	104914	WD_3.2.1
2025-11-07 09:46	KF8EEZ	GM05	K1RA-PI	FM18cr	14.097064	0.01	-17	-1	1698	288	WSPR2	169800	87326	DS_0.35.1
2025-11-07 09:46	KF8EEZ	GM05	WA2N	EM85ll	14.097064	0.01	-23	0	2168	277	WSPR2	216800	74331	WD_3.2.3-1
2025-11-07 09:46	KF8EEZ	GM05	KD2OM	FN12gx	14.097064	0.01	-15	0	1787	303	WSPR2	178700	102114	WD_3.3.2-2
2025-11-07 09:46	KF8EEZ	GM05	W4BDE	EL89pr	14.097074	0.01	-24	0	2301	261	WSPR2	230100	72317	2.6.1
2025-11-07 09:46	KF8EEZ	GM05	W2KGY	FN31aj	14.097064	0.01	-28	0	1454	301	WSPR2	145400	29080	WD_3.3.2-2
2025-11-07 09:46	KF8EEZ	GM05	W3OA	EM95mn	14.096998	0.01	-14	0	1979	277	WSPR2	197900	118740	CWSL_DIGI
2025-11-07 09:46	KF8EEZ	GM05	AB1KW	FN43fe	14.097064	0.01	-29	0	1372	312	WSPR2	137200	23520	DS_0.35.1
2025-11-07 09:46	KF8EEZ	GM05	WW4ET	FM14bb	14.097072	0.01	-22	0	1725	270	WSPR2	172500	64071	2.7.0
2025-11-07 09:46	KF8EEZ	GM05	K3LR	EN91se	14.097064	0.01	-14	0	1967	295	WSPR2	196700	118020	WD_3.3.2-2
2025-11-07 09:46	KF8EEZ	GM05	KJ5HY	FN34fh	14.097064	0.01	-24	0	1575	313	WSPR2	157500	49500	WD_3.3.2-2
2025-11-07 09:46	KF8EEZ	GM05	N2YCH-1	FN31jg	14.097064	0.01	-23	0	1390	302	WSPR2	139000	47657	WD_3.3.2-2
2025-11-07 09:46	KF8EEZ	GM05	K1YZY	FN41xr	14.097044	0.01	-19	0	1180	309	WSPR2	118000	53943	2.0_r1714
2025-11-07 09:46	KF8EEZ	GM05	VE3EID	FN05gk	14.097085	0.01	-22	0	2043	309	WSPR2	204300	75883	CWSL_DIGI
2025-11-07 09:46	KF8EEZ	GM05	K1RA	FM18cr	14.097094	0.01	-17	0	1698	288	WSPR2	169800	87326	CWSL_DIGI
2025-11-07 09:46	KF8EEZ	GM05	W3PM	EM64or	14.097064	0.01	-16	0	2517	276	WSPR2	251700	136637	WD_3.3.2-2
2025-11-07 09:46	KF8EEZ	GM05	UACNJ	FN20mv	14.097064	0.01	-7	0	1513	298	WSPR2	151300	121040	WD_3.3.2-2
2025-11-07 09:46	KF8EEZ	GM05	K4JK	FM07vs	14.097065	0.01	-11	0	1726	284	WSPR2	172600	118354	WD_3.3.2-2
2025-11-07 09:46	KF8EEZ	GM05	K3GMQ-B	FN20lh	14.097063	0.01	-18	0	1501	296	WSPR2	150100	72906	WD_3.3.2-2
2025-11-07 09:46	KF8EEZ	GM05	K9TRV-2	EN82bi	14.097065	0.01	-24	0	2271	297	WSPR2	227100	71374	WD_3.3.2-2
2025-11-07 09:46	KF8EEZ	GM05	KD3ALD	FN21ni	14.097064	0.01	-21	0	1523	300	WSPR2	152300	60920	WD_3.3.2-1
2025-11-07 09:46	KF8EEZ	GM05	K9TRV	EN82bi	14.097063	0.01	-25	0	2271	297	WSPR2	227100	64886	WD_3.3.2-2
2025-11-07 09:46	KF8EEZ	GM05	KC2G	FN21wa	14.097064	0.01	-14	0	1451	300	WSPR2	145100	87060	WD_3.3.2-2
2025-11-07 09:46	KF8EEZ	GM05	KX4AZ/T	EN74gc	14.097065	0.01	-25	0	2439	301	WSPR2	243900	69686	WD_3.3.2-2
2025-11-07 09:46	KF8EEZ	GM05	W2NAF-2	FN21ei	14.097064	0.01	-23	0	1582	299	WSPR2	158200	54240	WD_3.3.2-2
2025-11-07 09:46	KF8EEZ	GM05	WA3TTS	EN90xn	14.097054	0.01	-17	0	1919	293	WSPR2	191900	98691	2.6.1
2025-11-07 09:46	KF8EEZ	GM05	W2NAF-3	FN21ei	14.097064	0.01	-18	0	1582	299	WSPR2	158200	76840	WD_3.3.2-2
2025-11-07 09:46	KF8EEZ	GM05	KM3T-3	FN42et	14.097033	0.01	-31	0	1355	311	WSPR2	135500	15486	CWSL_DIGI
2025-11-07 09:46	KF8EEZ	GM05	N1DQ-1	FN42hn	14.097064	0.01	-21	0	1323	310	WSPR2	132300	52920	WD_3.3.2-2
2025-11-07 09:46	KF8EEZ	GM05	K3GMQ	FN20lh	14.097064	0.01	-22	0	1501	296	WSPR2	150100	55751	QMTECH
2025-11-07 09:46	KF8EEZ	GM05	W1XP	FN42fo	14.097064	0.01	-20	0	1337	310	WSPR2	133700	57300	WD_3.3.2-2
2025-11-07 09:46	KF8EEZ	GM05	N8VIM	FN42fq	14.097065	0.01	-22	0	1342	310	WSPR2	134200	49846	2.7.0
2025-11-07 09:46	KF8EEZ	GM05	WY1U	FN31nl	14.097072	0.01	-21	0	1374	303	WSPR2	137400	54960	2.0.0
2025-11-07 09:46	KF8EEZ	GM05	AB4ER	FM18hw	14.09706	0.01	-21	0	1665	289	WSPR2	166500	66600	2.7.0
2025-11-07 09:46	KF8EEZ	GM05	K4COD	EM73sc	14.097064	0.01	-13	0	2343	271	WSPR2	234300	147274	2.6.0
2025-11-07 09:46	KF8EEZ	GM05	KC9GHZ	EN62bk	14.097067	0.01	-21	0	2596	296	WSPR2	259600	103840	v1.2.93
2025-11-07 09:46	KF8EEZ	GM05	K4KR	EM74	14.097092	0.01	-15	0	2365	275	WSPR2	236500	135143	2.7.0
2025-11-07 09:46	KF8EEZ	GM05	VE2EBM	FN36lb	14.097065	0.01	-20	0	1661	319	WSPR2	166100	71186	web-888
2025-11-07 09:46	KF8EEZ	GM05	KQ2Y	FN31gn	14.097067	0.01	-4	0	1422	303	WSPR2	142200	125949	v1.2.94
2025-11-07 09:46	KF8EEZ	GM05	FN41RY	FN41ks	14.097073	0.01	-21	0	1260	307	WSPR2	126000	50400	v1.2.97
2025-11-07 09:46	KF8EEZ	GM05	N2DED	FN20nh	14.0971	0.01	-20	0	1487	296	WSPR2	148700	63729	2.6.1
2025-11-07 09:46	KF8EEZ	GM05	VE6JY	DO33or	14.097072	0.01	-25	0	4577	314	WSPR2	457700	130771	2.7.0
2025-11-07 09:46	KF8EEZ	GM05	KC1CMT	FN31qp	14.097059	0.01	-26	0	1363	304	WSPR2	136300	35049	2.7.0
2025-11-07 09:46	KF8EEZ	GM05	KM4RK	EM93td	14.097078	0.01	-14	0	1973	269	WSPR2	197300	118380	2.6.1
2025-11-07 09:46	KF8EEZ	GM05	K1HTV-4	FM18ap	14.097063	0.01	-16	0	1712	287	WSPR2	171200	92937	SparkSDR
2025-11-07 09:46	KF8EEZ	GM05	WA9FIO	EN43jt	14.09707	0.01	-15	0	2885	299	WSPR2	288500	164857	2.6.1
2025-11-07 09:46	KF8EEZ	GM05	W3SP	EM73	14.097063	0.01	-20	0	2387	272	WSPR2	238700	102300	2.7.0
2025-11-07 09:46	KF8EEZ	GM05	KA3LNA	FM29dc	14.097079	0.01	-16	0	1526	290	WSPR2	152600	82840	2.3.1
2025-11-07 09:56	KF8EEZ	GM05	WD4ELG	FM06be	14.097065	0.01	-14	0	1876	279	WSPR2	187600	112560	WD_3.3.2-1
2025-11-07 09:56	KF8EEZ	GM05	SWLFNS	FN20hu	14.097066	0.01	-19	0	1545	298	WSPR2	154500	70629	1.4A Kiwi
2025-11-07 09:56	KF8EEZ	GM05	VE2EBM	FN36lb	14.097066	0.01	-16	0	1661	319	WSPR2	166100	90169	web-888
2025-11-07 09:56	KF8EEZ	GM05	K5KHK	FN13dc	14.097133	0.01	-16	0	1811	304	WSPR2	181100	98311	1.4A Kiwi
2025-11-07 09:56	KF8EEZ	GM05	KD7EFG-1	DN31uo	14.097065	0.01	-20	0	4607	295	WSPR2	460700	197443	WD_3.1.7
2025-11-07 09:56	KF8EEZ	GM05	VE3EID	FN05gk	14.097085	0.01	-15	-1	2043	309	WSPR2	204300	116743	CWSL_DIGI
2025-11-07 09:56	KF8EEZ	GM05	K6RFT	EM47bg	14.097065	0.01	-17	0	2932	284	WSPR2	293200	150789	WD_3.2.3
2025-11-07 09:56	KF8EEZ	GM05	N2YCH	FN31jg	14.097175	0.01	-7	0	1390	302	WSPR2	139000	111200	WD_3.3.2-2
2025-11-07 09:56	KF8EEZ	GM05	WZ7I	FN20kk	14.097068	0.01	-7	0	1511	296	WSPR2	151100	120880	CWSL_DIGI
2025-11-07 09:56	KF8EEZ	GM05	WA2TP	FN30lu	14.097065	0.01	-3	0	1360	300	WSPR2	136000	124343	WD_3.2.1
2025-11-07 09:56	KF8EEZ	GM05	K1RA-PI	FM18cr	14.097064	0.01	-10	0	1698	288	WSPR2	169800	121286	DS_0.35.1
2025-11-07 09:56	KF8EEZ	GM05	K1RA	FM18cr	14.097095	0.01	-10	0	1698	288	WSPR2	169800	121286	CWSL_DIGI
2025-11-07 09:56	KF8EEZ	GM05	EA8BFK	IL38bo	14.097067	0.01	-15	0	4288	87	WSPR2	428800	245029	WD_3.3.2-2
2025-11-07 09:56	KF8EEZ	GM05	N3AGE-4	FN30hw	14.097065	0.01	-17	0	1389	300	WSPR2	138900	71434	WD_3.3.2-2
2025-11-07 09:56	KF8EEZ	GM05	KD2OM	FN12gx	14.097065	0.01	-5	0	1787	303	WSPR2	178700	153171	WD_3.3.2-2
2025-11-07 09:56	KF8EEZ	GM05	AC0G/B2	EM38ww	14.097065	0.01	-18	0	2939	287	WSPR2	293900	142751	WD_3.3.2-2
2025-11-07 09:56	KF8EEZ	GM05	K9TRV-2	EN82bi	14.097066	0.01	-9	0	2271	297	WSPR2	227100	168703	WD_3.3.2-2
2025-11-07 09:56	KF8EEZ	GM05	K4JK	FM07vs	14.097065	0.01	-5	0	1726	284	WSPR2	172600	147943	WD_3.3.2-2
2025-11-07 09:56	KF8EEZ	GM05	W2KGY	FN31aj	14.097065	0.01	-21	0	1454	301	WSPR2	145400	58160	WD_3.3.2-2
2025-11-07 09:56	KF8EEZ	GM05	K9TRV	EN82bi	14.097064	0.01	-12	0	2271	297	WSPR2	227100	149237	WD_3.3.2-2
2025-11-07 09:56	KF8EEZ	GM05	W3PM	EM64or	14.097065	0.01	-18	-1	2517	276	WSPR2	251700	122254	WD_3.3.2-2
2025-11-07 09:56	KF8EEZ	GM05	N2YCH-1	FN31jg	14.097065	0.01	-19	0	1390	302	WSPR2	139000	63543	WD_3.3.2-2
2025-11-07 09:56	KF8EEZ	GM05	K3GMQ-B	FN20lh	14.097064	0.01	-13	0	1501	296	WSPR2	150100	94349	WD_3.3.2-2
2025-11-07 09:56	KF8EEZ	GM05	WW4ET	FM14bb	14.097072	0.01	-19	0	1725	270	WSPR2	172500	78857	2.7.0
2025-11-07 09:56	KF8EEZ	GM05	KC2G	FN21wa	14.097065	0.01	-14	0	1451	300	WSPR2	145100	87060	WD_3.3.2-2
2025-11-07 09:56	KF8EEZ	GM05	K3LR	EN91se	14.097065	0.01	-11	0	1967	295	WSPR2	196700	134880	WD_3.3.2-2
2025-11-07 09:56	KF8EEZ	GM05	UACNJ	FN20mv	14.097065	0.01	-7	0	1513	298	WSPR2	151300	121040	WD_3.3.2-2
2025-11-07 09:56	KF8EEZ	GM05	W3USR-1	FN21ej	14.097066	0.01	-28	-1	1584	300	WSPR2	158400	31680	WD_3.3.2-1
2025-11-07 09:56	KF8EEZ	GM05	KJ5HY	FN34fh	14.097065	0.01	-17	0	1575	313	WSPR2	157500	81000	WD_3.3.2-2
2025-11-07 09:56	KF8EEZ	GM05	N9WTG	EL87ql	14.097065	0.01	-20	0	2399	255	WSPR2	239900	102814	v1.2.94
2025-11-07 09:56	KF8EEZ	GM05	KX4AZ/T	EN74gc	14.097065	0.01	-19	-1	2439	301	WSPR2	243900	111497	WD_3.3.2-2
2025-11-07 09:56	KF8EEZ	GM05	W3OA	EM95mn	14.096999	0.01	-12	0	1979	277	WSPR2	197900	130049	CWSL_DIGI
2025-11-07 09:56	KF8EEZ	GM05	K9TRV-4	EN82bi	14.097065	0.01	-13	0	2271	297	WSPR2	227100	142749	WD_3.3.2-2
2025-11-07 09:56	KF8EEZ	GM05	KD3ALD	FN21ni	14.097065	0.01	-20	0	1523	300	WSPR2	152300	65271	WD_3.3.2-1
2025-11-07 09:56	KF8EEZ	GM05	W2NAF-2	FN21ei	14.097065	0.01	-16	0	1582	299	WSPR2	158200	85880	WD_3.3.2-2
2025-11-07 09:56	KF8EEZ	GM05	WA3TTS	EN90xn	14.097055	0.01	-12	0	1919	293	WSPR2	191900	126106	2.6.1
2025-11-07 09:56	KF8EEZ	GM05	W2NAF-3	FN21ei	14.097065	0.01	-11	0	1582	299	WSPR2	158200	108480	WD_3.3.2-2
2025-11-07 09:56	KF8EEZ	GM05	KM3T-3	FN42et	14.097034	0.01	-24	0	1355	311	WSPR2	135500	42586	CWSL_DIGI
2025-11-07 09:56	KF8EEZ	GM05	N1DQ-1	FN42hn	14.097065	0.01	-19	0	1323	310	WSPR2	132300	60480	WD_3.3.2-2
2025-11-07 09:56	KF8EEZ	GM05	W1XP	FN42fo	14.097065	0.01	-19	0	1337	310	WSPR2	133700	61120	WD_3.3.2-2
2025-11-07 09:56	KF8EEZ	GM05	K3GMQ	FN20lh	14.097065	0.01	-20	0	1501	296	WSPR2	150100	64329	QMTECH
2025-11-07 09:56	KF8EEZ	GM05	W4BDE	EL89pr	14.097076	0.01	-21	0	2301	261	WSPR2	230100	92040	2.6.1
2025-11-07 09:56	KF8EEZ	GM05	KF4JU	EL87pt	14.09708	0.01	-23	0	2390	256	WSPR2	239000	81943	2.1.2
2025-11-07 09:56	KF8EEZ	GM05	WA3VPZ	FM19kn	14.09705	0.01	-25	0	1655	291	WSPR2	165500	47286	2.5.4
2025-11-07 09:56	KF8EEZ	GM05	N8VIM	FN42fq	14.097066	0.01	-19	0	1342	310	WSPR2	134200	61349	2.7.0
2025-11-07 09:56	KF8EEZ	GM05	KE4IP	EM73sx	14.097062	0.01	-21	0	2322	273	WSPR2	232200	92880	v1.2.28
2025-11-07 09:56	KF8EEZ	GM05	W3SP	EM73	14.097065	0.01	-23	-1	2387	272	WSPR2	238700	81840	2.7.0
2025-11-07 09:56	KF8EEZ	GM05	WA3NAN	FM19na	14.097102	0.01	-11	0	1624	289	WSPR2	162400	111360	2.7.0-rc3
2025-11-07 09:56	KF8EEZ	GM05	VO1AW	GN28qw	14.097098	0.01	-25	-1	1539	12	WSPR2	153900	43971	2.7.0
2025-11-07 09:56	KF8EEZ	GM05	FN41RY	FN41ks	14.097074	0.01	-14	0	1260	307	WSPR2	126000	75600	v1.2.97
2025-11-07 09:56	KF8EEZ	GM05	K1HTV-4	FM18ap	14.097063	0.01	-10	0	1712	287	WSPR2	171200	122286	SparkSDR
2025-11-07 09:56	KF8EEZ	GM05	NM1Z	FN41qp	14.097063	0.01	-25	-1	1217	308	WSPR2	121700	34771	
2025-11-07 09:56	KF8EEZ	GM05	W8EDU	EN91em	14.097066	0.01	-25	0	2070	296	WSPR2	207000	59143	2.7.0
2025-11-07 09:56	KF8EEZ	GM05	W4HOD	EM72eo	14.097082	0.01	-13	0	2463	270	WSPR2	246300	154817	3.0.0-rc1
2025-11-07 09:56	KF8EEZ	GM05	AB4ER	FM18hw	14.097061	0.01	-17	0	1665	289	WSPR2	166500	85629	2.7.0
2025-11-07 09:56	KF8EEZ	GM05	WP4CIE	FK68wg	14.097069	0.01	-21	0	2037	202	WSPR2	203700	81480	v1.2.84
2025-11-07 09:56	KF8EEZ	GM05	WA9FIO	EN43jt	14.097072	0.01	-28	0	2885	299	WSPR2	288500	57700	2.6.1
2025-11-07 09:56	KF8EEZ	GM05	KQ2Y	FN31gn	14.097067	0.01	1	0	1422	303	WSPR2	142200	146263	v1.2.94
2025-11-07 09:56	KF8EEZ	GM05	WY1U	FN31nl	14.097073	0.01	-18	0	1374	303	WSPR2	137400	66737	2.0.0
2025-11-07 09:56	KF8EEZ	GM05	KV4TT	FM03pt	14.097061	0.01	-14	0	1806	270	WSPR2	180600	108360	SparkSDR
2025-11-07 09:56	KF8EEZ	GM05	WS3W	FM19ng	14.09706	0.01	-27	0	1628	290	WSPR2	162800	37211	
2025-11-07 09:56	KF8EEZ	GM05	K4KR	EM74	14.097093	0.01	-15	0	2365	275	WSPR2	236500	135143	2.7.0
2025-11-07 09:56	KF8EEZ	GM05	W3HH	EL89vb	14.097079	0.01	-21	0	2286	258	WSPR2	228600	91440	2.6.1
2025-11-07 09:56	KF8EEZ	GM05	KB3CNS	FN00mt	14.097078	0.01	-23	0	1835	295	WSPR2	183500	62914	v1.2.95
2025-11-07 09:56	KF8EEZ	GM05	K4COD	EM73sc	14.097065	0.01	-17	0	2343	271	WSPR2	234300	120497	2.6.0
2025-11-07 09:56	KF8EEZ	GM05	KE8MYP	EM79ti	14.097063	0.01	-22	0	2271	289	WSPR2	227100	84351	2.7.0
2025-11-07 09:56	KF8EEZ	GM05	KM4RK	EM93td	14.097079	0.01	-9	0	1973	269	WSPR2	197300	146566	2.6.1
2025-11-07 09:56	KF8EEZ	GM05	K5XL	EM12kp	14.097065	0.01	-23	-1	3501	276	WSPR2	350100	120034	3.0.0-rc1
2025-11-07 09:56	KF8EEZ	GM05	KC1CMT	FN31qp	14.09706	0.01	-22	0	1363	304	WSPR2	136300	50626	2.7.0
2025-11-07 09:56	KF8EEZ	GM05	KA3LNA	FM29dc	14.09708	0.01	-10	0	1526	290	WSPR2	152600	109000	2.3.1
2025-11-07 10:06	KF8EEZ	GM05	WD4ELG	FM06be	14.097065	0.01	-10	0	1876	279	WSPR2	187600	134000	WD_3.3.2-1
2025-11-07 10:06	KF8EEZ	GM05	WZ7I	FN20kk	14.097068	0.01	-8	-1	1511	296	WSPR2	151100	116563	CWSL_DIGI
2025-11-07 10:06	KF8EEZ	GM05	SWLFNS	FN20hu	14.097066	0.01	-21	0	1545	298	WSPR2	154500	61800	1.4A Kiwi
2025-11-07 10:06	KF8EEZ	GM05	K5KHK	FN13dc	14.097133	0.01	-13	-1	1811	304	WSPR2	181100	113834	1.4A Kiwi
2025-11-07 10:06	KF8EEZ	GM05	N2YCH	FN31jg	14.097065	0.01	-7	-1	1390	302	WSPR2	139000	111200	WD_3.3.2-2
2025-11-07 10:06	KF8EEZ	GM05	WA2TP	FN30lu	14.097065	0.01	-5	0	1360	300	WSPR2	136000	116571	WD_3.2.1
2025-11-07 10:06	KF8EEZ	GM05	K1RA	FM18cr	14.097095	0.01	-11	0	1698	288	WSPR2	169800	116434	CWSL_DIGI
2025-11-07 10:06	KF8EEZ	GM05	K1RA-PI	FM18cr	14.097065	0.01	-11	-1	1698	288	WSPR2	169800	116434	DS_0.35.1
2025-11-07 10:06	KF8EEZ	GM05	WA2N	EM85ll	14.097065	0.01	-19	0	2168	277	WSPR2	216800	99109	WD_3.2.3-1
2025-11-07 10:06	KF8EEZ	GM05	KD2OM	FN12gx	14.097065	0.01	-9	-1	1787	303	WSPR2	178700	132749	WD_3.3.2-2
2025-11-07 10:06	KF8EEZ	GM05	N8GA	EN80ee	14.097065	0.01	-23	0	2214	291	WSPR2	221400	75909	WD_3.3.2-1
2025-11-07 10:06	KF8EEZ	GM05	EA8BFK	IL38bo	14.097067	0.01	-17	0	4288	87	WSPR2	428800	220526	WD_3.3.2-2
2025-11-07 10:06	KF8EEZ	GM05	VE3EID	FN05gk	14.097085	0.01	-19	-1	2043	309	WSPR2	204300	93394	CWSL_DIGI
2025-11-07 10:06	KF8EEZ	GM05	K3GMQ-B	FN20lh	14.097064	0.01	-21	-1	1501	296	WSPR2	150100	60040	WD_3.3.2-2
2025-11-07 10:06	KF8EEZ	GM05	KM3T-3	FN42et	14.097035	0.01	-29	0	1355	311	WSPR2	135500	23229	CWSL_DIGI
2025-11-07 10:06	KF8EEZ	GM05	K4JK	FM07vs	14.097066	0.01	-7	-1	1726	284	WSPR2	172600	138080	WD_3.3.2-2
2025-11-07 10:06	KF8EEZ	GM05	W2KGY	FN31aj	14.097065	0.01	-19	0	1454	301	WSPR2	145400	66469	WD_3.3.2-2
2025-11-07 10:06	KF8EEZ	GM05	K3LR	EN91se	14.097065	0.01	-16	-1	1967	295	WSPR2	196700	106780	WD_3.3.2-2
2025-11-07 10:06	KF8EEZ	GM05	K9TRV	EN82bi	14.097064	0.01	-15	0	2271	297	WSPR2	227100	129771	WD_3.3.2-2
2025-11-07 10:06	KF8EEZ	GM05	KC2G	FN21wa	14.097065	0.01	-11	0	1451	300	WSPR2	145100	99497	WD_3.3.2-2
2025-11-07 10:06	KF8EEZ	GM05	W3USR-1	FN21ej	14.097066	0.01	-24	0	1584	300	WSPR2	158400	49783	WD_3.3.2-1
2025-11-07 10:06	KF8EEZ	GM05	W3OA	EM95mn	14.096999	0.01	-13	0	1979	277	WSPR2	197900	124394	CWSL_DIGI
2025-11-07 10:06	KF8EEZ	GM05	W2NAF-3	FN21ei	14.097065	0.01	-10	0	1582	299	WSPR2	158200	113000	WD_3.3.2-2
2025-11-07 10:06	KF8EEZ	GM05	K9TRV-4	EN82bi	14.097065	0.01	-17	0	2271	297	WSPR2	227100	116794	WD_3.3.2-2
2025-11-07 10:06	KF8EEZ	GM05	K9TRV-2	EN82bi	14.097066	0.01	-14	-1	2271	297	WSPR2	227100	136260	WD_3.3.2-2
2025-11-07 10:06	KF8EEZ	GM05	WW4ET	FM14bb	14.097074	0.01	-20	-1	1725	270	WSPR2	172500	73929	2.7.0
2025-11-07 10:06	KF8EEZ	GM05	KD3ALD	FN21ni	14.097065	0.01	-22	0	1523	300	WSPR2	152300	56569	WD_3.3.2-1
2025-11-07 10:06	KF8EEZ	GM05	UACNJ	FN20mv	14.097065	0.01	-9	0	1513	298	WSPR2	151300	112394	WD_3.3.2-2
2025-11-07 10:06	KF8EEZ	GM05	W2NAF-2	FN21ei	14.097065	0.01	-15	0	1582	299	WSPR2	158200	90400	WD_3.3.2-2
2025-11-07 10:06	KF8EEZ	GM05	WA3TTS	EN90xn	14.097058	0.01	-15	0	1919	293	WSPR2	191900	109657	2.6.1
2025-11-07 10:06	KF8EEZ	GM05	KJ5HY	FN34fh	14.097065	0.01	-13	0	1575	313	WSPR2	157500	99000	WD_3.3.2-2
2025-11-07 10:06	KF8EEZ	GM05	KX4AZ/T	EN74gc	14.097065	0.01	-17	0	2439	301	WSPR2	243900	125434	WD_3.3.2-2
2025-11-07 10:06	KF8EEZ	GM05	N1DQ-1	FN42hn	14.097065	0.01	-19	0	1323	310	WSPR2	132300	60480	WD_3.3.2-2
2025-11-07 10:06	KF8EEZ	GM05	W1XP	FN42fo	14.097065	0.01	-15	0	1337	310	WSPR2	133700	76400	WD_3.3.2-2
2025-11-07 10:06	KF8EEZ	GM05	WA3VPZ	FM19kn	14.09705	0.01	-31	0	1655	291	WSPR2	165500	18914	2.5.4
2025-11-07 10:06	KF8EEZ	GM05	FN41RY	FN41ks	14.097074	0.01	-15	-1	1260	307	WSPR2	126000	72000	v1.2.97
2025-11-07 10:06	KF8EEZ	GM05	WA9FIO	EN43jt	14.097071	0.01	-16	0	2885	299	WSPR2	288500	156614	2.6.1
2025-11-07 10:06	KF8EEZ	GM05	KM4RK	EM93td	14.097079	0.01	-16	0	1973	269	WSPR2	197300	107106	2.6.1
2025-11-07 10:06	KF8EEZ	GM05	K4COD	EM73sc	14.097065	0.01	-12	-1	2343	271	WSPR2	234300	153969	2.6.0
2025-11-07 10:06	KF8EEZ	GM05	KQ2Y	FN31gn	14.097067	0.01	-1	0	1422	303	WSPR2	142200	138137	v1.2.94
2025-11-07 10:06	KF8EEZ	GM05	KA3LNA	FM29dc	14.09708	0.01	-15	-1	1526	290	WSPR2	152600	87200	2.3.1
2025-11-07 10:06	KF8EEZ	GM05	W8EDU	EN91em	14.097066	0.01	-27	0	2070	296	WSPR2	207000	47314	2.7.0
2025-11-07 10:06	KF8EEZ	GM05	WY1U	FN31nl	14.097074	0.01	-18	0	1374	303	WSPR2	137400	66737	2.0.0
2025-11-07 10:06	KF8EEZ	GM05	W3SP	EM73	14.097065	0.01	-19	0	2387	272	WSPR2	238700	109120	2.7.0
2025-11-07 10:06	KF8EEZ	GM05	KV4TT	FM03pt	14.09706	0.01	-18	0	1806	270	WSPR2	180600	87720	SparkSDR
2025-11-07 10:06	KF8EEZ	GM05	N2DED	FN20nh	14.0971	0.01	-25	-1	1487	296	WSPR2	148700	42486	2.6.1
2025-11-07 10:06	KF8EEZ	GM05	K4KR	EM74	14.097094	0.01	-20	0	2365	275	WSPR2	236500	101357	2.7.0
2025-11-07 10:06	KF8EEZ	GM05	KC1CMT	FN31qp	14.09706	0.01	-22	0	1363	304	WSPR2	136300	50626	2.7.0
2025-11-07 10:16	KF8EEZ	GM05	WD4ELG	FM06be	14.097065	0.01	-19	0	1876	279	WSPR2	187600	85760	WD_3.3.2-1
2025-11-07 10:16	KF8EEZ	GM05	SWLFNS	FN20hu	14.097066	0.01	-22	0	1545	298	WSPR2	154500	57386	1.4A Kiwi
2025-11-07 10:16	KF8EEZ	GM05	K5KHK	FN13dc	14.097133	0.01	-21	0	1811	304	WSPR2	181100	72440	1.4A Kiwi
2025-11-07 10:16	KF8EEZ	GM05	WZ7I	FN20kk	14.097068	0.01	-11	0	1511	296	WSPR2	151100	103611	CWSL_DIGI
2025-11-07 10:16	KF8EEZ	GM05	K1RA	FM18cr	14.097095	0.01	-15	-1	1698	288	WSPR2	169800	97029	CWSL_DIGI
2025-11-07 10:16	KF8EEZ	GM05	N2YCH	FN31jg	14.097065	0.01	-7	0	1390	302	WSPR2	139000	111200	WD_3.3.2-2
2025-11-07 10:16	KF8EEZ	GM05	W3OA	EM95mn	14.096999	0.01	-12	0	1979	277	WSPR2	197900	130049	CWSL_DIGI
2025-11-07 10:16	KF8EEZ	GM05	WA2TP	FN30lu	14.097065	0.01	-13	0	1360	300	WSPR2	136000	85486	WD_3.2.1
2025-11-07 10:16	KF8EEZ	GM05	K1YZY	FN41xr	14.097045	0.01	-17	0	1180	309	WSPR2	118000	60686	2.0_r1714
2025-11-07 10:16	KF8EEZ	GM05	K1RA-PI	FM18cr	14.097064	0.01	-16	0	1698	288	WSPR2	169800	92177	DS_0.35.1
2025-11-07 10:16	KF8EEZ	GM05	W2KGY	FN31aj	14.097065	0.01	-26	0	1454	301	WSPR2	145400	37389	WD_3.3.2-2
2025-11-07 10:16	KF8EEZ	GM05	KD2OM	FN12gx	14.097065	0.01	-11	0	1787	303	WSPR2	178700	122537	WD_3.3.2-2
2025-11-07 10:16	KF8EEZ	GM05	AB1KW	FN43fe	14.097065	0.01	-21	-1	1372	312	WSPR2	137200	54880	DS_0.35.1
2025-11-07 10:16	KF8EEZ	GM05	K3GMQ-B	FN20lh	14.097064	0.01	-25	0	1501	296	WSPR2	150100	42886	WD_3.3.2-2
2025-11-07 10:16	KF8EEZ	GM05	VE3EID	FN05gk	14.097085	0.01	-19	-1	2043	309	WSPR2	204300	93394	CWSL_DIGI
2025-11-07 10:16	KF8EEZ	GM05	W4BDE	EL89pr	14.097076	0.01	-21	0	2301	261	WSPR2	230100	92040	2.6.1
2025-11-07 10:16	KF8EEZ	GM05	K3LR	EN91se	14.097065	0.01	-23	0	1967	295	WSPR2	196700	67440	WD_3.3.2-2
2025-11-07 10:16	KF8EEZ	GM05	W3PM	EM64or	14.097065	0.01	-26	0	2517	276	WSPR2	251700	64723	WD_3.3.2-2
2025-11-07 10:16	KF8EEZ	GM05	K4JK	FM07vs	14.097066	0.01	-14	0	1726	284	WSPR2	172600	103560	WD_3.3.2-2
2025-11-07 10:16	KF8EEZ	GM05	KJ5HY	FN34fh	14.097065	0.01	-19	-1	1575	313	WSPR2	157500	72000	WD_3.3.2-2
2025-11-07 10:16	KF8EEZ	GM05	K9TRV-2	EN82bi	14.097066	0.01	-23	-1	2271	297	WSPR2	227100	77863	WD_3.3.2-2
2025-11-07 10:16	KF8EEZ	GM05	KC2G	FN21wa	14.097065	0.01	-19	0	1451	300	WSPR2	145100	66331	WD_3.3.2-2
2025-11-07 10:16	KF8EEZ	GM05	UACNJ	FN20mv	14.097065	0.01	-8	0	1513	298	WSPR2	151300	116717	WD_3.3.2-2
2025-11-07 10:16	KF8EEZ	GM05	WW4ET	FM14bb	14.097073	0.01	-26	0	1725	270	WSPR2	172500	44357	2.7.0
2025-11-07 10:16	KF8EEZ	GM05	KM3T-3	FN42et	14.097035	0.01	-28	0	1355	311	WSPR2	135500	27100	CWSL_DIGI
2025-11-07 10:16	KF8EEZ	GM05	W2NAF-3	FN21ei	14.097065	0.01	-13	0	1582	299	WSPR2	158200	99440	WD_3.3.2-2
2025-11-07 10:16	KF8EEZ	GM05	KX4AZ/T	EN74gc	14.097064	0.01	-25	-1	2439	301	WSPR2	243900	69686	WD_3.3.2-2
2025-11-07 10:16	KF8EEZ	GM05	W2NAF-2	FN21ei	14.097065	0.01	-19	0	1582	299	WSPR2	158200	72320	WD_3.3.2-2
2025-11-07 10:16	KF8EEZ	GM05	W1XP	FN42fo	14.097065	0.01	-22	0	1337	310	WSPR2	133700	49660	WD_3.3.2-2
2025-11-07 10:16	KF8EEZ	GM05	N8VIM	FN42fq	14.097066	0.01	-22	0	1342	310	WSPR2	134200	49846	2.7.0
2025-11-07 10:16	KF8EEZ	GM05	KM4RK	EM93td	14.097079	0.01	-18	0	1973	269	WSPR2	197300	95831	2.6.1
2025-11-07 10:16	KF8EEZ	GM05	K4COD	EM73sc	14.097065	0.01	-21	0	2343	271	WSPR2	234300	93720	2.6.0
2025-11-07 10:16	KF8EEZ	GM05	FN41RY	FN41ks	14.097074	0.01	-24	-1	1260	307	WSPR2	126000	39600	v1.2.97
2025-11-07 10:16	KF8EEZ	GM05	KE8MYP	EM79ti	14.097063	0.01	-28	-1	2271	289	WSPR2	227100	45420	2.7.0
2025-11-07 10:16	KF8EEZ	GM05	KV4TT	FM03pt	14.09706	0.01	-21	0	1806	270	WSPR2	180600	72240	SparkSDR
2025-11-07 10:16	KF8EEZ	GM05	KQ2Y	FN31gn	14.097067	0.01	-8	-1	1422	303	WSPR2	142200	109697	v1.2.94
2025-11-07 10:16	KF8EEZ	GM05	K4KR	EM74	14.097094	0.01	-14	-1	2365	275	WSPR2	236500	141900	2.7.0
2025-11-07 10:16	KF8EEZ	GM05	WY1U	FN31nl	14.097075	0.01	-18	0	1374	303	WSPR2	137400	66737	2.0.0
2025-11-07 10:16	KF8EEZ	GM05	KC1CMT	FN31qp	14.09706	0.01	-22	0	1363	304	WSPR2	136300	50626	2.7.0
2025-11-07 10:16	KF8EEZ	GM05	KA3LNA	FM29dc	14.09708	0.01	-20	0	1526	290	WSPR2	152600	65400	2.3.1
2025-11-07 10:26	KF8EEZ	GM05	WD4ELG	FM06be	14.097065	0.01	-19	0	1876	279	WSPR2	187600	85760	WD_3.3.2-1
2025-11-07 10:26	KF8EEZ	GM05	WZ7I	FN20kk	14.097068	0.01	-7	0	1511	296	WSPR2	151100	120880	CWSL_DIGI
2025-11-07 10:26	KF8EEZ	GM05	N2YCH	FN31jg	14.097064	0.01	-8	0	1390	302	WSPR2	139000	107229	WD_3.3.2-2
2025-11-07 10:26	KF8EEZ	GM05	WA2TP	FN30lu	14.097065	0.01	-7	0	1360	300	WSPR2	136000	108800	WD_3.2.1
2025-11-07 10:26	KF8EEZ	GM05	K1RA	FM18cr	14.097095	0.01	-21	0	1698	288	WSPR2	169800	67920	CWSL_DIGI
2025-11-07 10:26	KF8EEZ	GM05	K1RA-PI	FM18cr	14.097064	0.01	-20	-2	1698	288	WSPR2	169800	72771	DS_0.35.1
2025-11-07 10:26	KF8EEZ	GM05	WW4ET	FM14bb	14.097072	0.01	-23	0	1725	270	WSPR2	172500	59143	2.7.0
2025-11-07 10:26	KF8EEZ	GM05	W2KGY	FN31aj	14.097064	0.01	-26	0	1454	301	WSPR2	145400	37389	WD_3.3.2-2
2025-11-07 10:26	KF8EEZ	GM05	N3AGE-4	FN30hw	14.097064	0.01	-19	0	1389	300	WSPR2	138900	63497	WD_3.3.2-2
2025-11-07 10:26	KF8EEZ	GM05	KD2OM	FN12gx	14.097064	0.01	-12	0	1787	303	WSPR2	178700	117431	WD_3.3.2-2
2025-11-07 10:26	KF8EEZ	GM05	VE3EID	FN05gk	14.097085	0.01	-22	0	2043	309	WSPR2	204300	75883	CWSL_DIGI
2025-11-07 10:26	KF8EEZ	GM05	K4JK	FM07vs	14.097065	0.01	-13	0	1726	284	WSPR2	172600	108491	WD_3.3.2-2
2025-11-07 10:26	KF8EEZ	GM05	K3GMQ-B	FN20lh	14.097064	0.01	-18	0	1501	296	WSPR2	150100	72906	WD_3.3.2-2
2025-11-07 10:26	KF8EEZ	GM05	K3LR	EN91se	14.097064	0.01	-19	0	1967	295	WSPR2	196700	89920	WD_3.3.2-2
2025-11-07 10:26	KF8EEZ	GM05	W3OA	EM95mn	14.096999	0.01	-16	0	1979	277	WSPR2	197900	107431	CWSL_DIGI
2025-11-07 10:26	KF8EEZ	GM05	K9TRV	EN82bi	14.097064	0.01	-19	0	2271	297	WSPR2	227100	103817	WD_3.3.2-2
2025-11-07 10:26	KF8EEZ	GM05	K9TRV-2	EN82bi	14.097066	0.01	-16	0	2271	297	WSPR2	227100	123283	WD_3.3.2-2
2025-11-07 10:26	KF8EEZ	GM05	KD3ALD	FN21ni	14.097064	0.01	-22	0	1523	300	WSPR2	152300	56569	WD_3.3.2-1
2025-11-07 10:26	KF8EEZ	GM05	KC2G	FN21wa	14.097064	0.01	-16	0	1451	300	WSPR2	145100	78769	WD_3.3.2-2
2025-11-07 10:26	KF8EEZ	GM05	KJ5HY	FN34fh	14.097065	0.01	-13	-1	1575	313	WSPR2	157500	99000	WD_3.3.2-2
2025-11-07 10:26	KF8EEZ	GM05	UACNJ	FN20mv	14.097064	0.01	-12	0	1513	298	WSPR2	151300	99426	WD_3.3.2-2
2025-11-07 10:26	KF8EEZ	GM05	K9TRV-4	EN82bi	14.097065	0.01	-19	0	2271	297	WSPR2	227100	103817	WD_3.3.2-2
2025-11-07 10:26	KF8EEZ	GM05	W2NAF-2	FN21ei	14.097064	0.01	-24	0	1582	299	WSPR2	158200	49720	WD_3.3.2-2
2025-11-07 10:26	KF8EEZ	GM05	N1DQ-1	FN42hn	14.097064	0.01	-25	0	1323	310	WSPR2	132300	37800	WD_3.3.2-2
2025-11-07 10:26	KF8EEZ	GM05	W2NAF-3	FN21ei	14.097064	0.01	-17	0	1582	299	WSPR2	158200	81360	WD_3.3.2-2
2025-11-07 10:26	KF8EEZ	GM05	K3GMQ	FN20lh	14.097065	0.01	-27	0	1501	296	WSPR2	150100	34309	QMTECH
2025-11-07 10:26	KF8EEZ	GM05	FN41RY	FN41ks	14.097074	0.01	-19	0	1260	307	WSPR2	126000	57600	v1.2.97
2025-11-07 10:26	KF8EEZ	GM05	W1XP	FN42fo	14.097064	0.01	-22	0	1337	310	WSPR2	133700	49660	WD_3.3.2-2
2025-11-07 10:26	KF8EEZ	GM05	K1HTV-4	FM18ap	14.097063	0.01	-16	0	1712	287	WSPR2	171200	92937	SparkSDR
2025-11-07 10:26	KF8EEZ	GM05	KQ2Y	FN31gn	14.097067	0.01	-8	0	1422	303	WSPR2	142200	109697	v1.2.94
2025-11-07 10:26	KF8EEZ	GM05	KA3LNA	FM29dc	14.09708	0.01	-24	0	1526	290	WSPR2	152600	47960	2.3.1
2025-11-07 10:26	KF8EEZ	GM05	WY1U	FN31nl	14.097073	0.01	-17	-1	1374	303	WSPR2	137400	70663	2.0.0
2025-11-07 10:36	KF8EEZ	GM05	WD4ELG	FM06be	14.097065	0.01	-16	0	1876	279	WSPR2	187600	101840	WD_3.3.2-1
2025-11-07 10:36	KF8EEZ	GM05	WZ7I	FN20kk	14.097068	0.01	-11	0	1511	296	WSPR2	151100	103611	CWSL_DIGI
2025-11-07 10:36	KF8EEZ	GM05	N2YCH	FN31jg	14.097065	0.01	-7	0	1390	302	WSPR2	139000	111200	WD_3.3.2-2
2025-11-07 10:36	KF8EEZ	GM05	WA2TP	FN30lu	14.097065	0.01	-5	0	1360	300	WSPR2	136000	116571	WD_3.2.1
2025-11-07 10:36	KF8EEZ	GM05	W2KGY	FN31aj	14.097065	0.01	-16	0	1454	301	WSPR2	145400	78931	WD_3.3.2-2
2025-11-07 10:36	KF8EEZ	GM05	KD2OM	FN12gx	14.097064	0.01	-14	0	1787	303	WSPR2	178700	107220	WD_3.3.2-2
2025-11-07 10:36	KF8EEZ	GM05	VE3EID	FN05gk	14.097085	0.01	-22	0	2043	309	WSPR2	204300	75883	CWSL_DIGI
2025-11-07 10:36	KF8EEZ	GM05	K3LR	EN91se	14.097065	0.01	-21	0	1967	295	WSPR2	196700	78680	WD_3.3.2-2
2025-11-07 10:36	KF8EEZ	GM05	KC2G	FN21wa	14.097065	0.01	-19	0	1451	300	WSPR2	145100	66331	WD_3.3.2-2
2025-11-07 10:36	KF8EEZ	GM05	W1BW	FN54nh	14.097065	0.01	-6	0	1290	323	WSPR2	129000	106886	
2025-11-07 10:36	KF8EEZ	GM05	N2YCH-1	FN31jg	14.097065	0.01	-24	0	1390	302	WSPR2	139000	43686	WD_3.3.2-2
2025-11-07 10:36	KF8EEZ	GM05	K3GMQ-B	FN20lh	14.097064	0.01	-18	0	1501	296	WSPR2	150100	72906	WD_3.3.2-2
2025-11-07 10:36	KF8EEZ	GM05	K4JK	FM07vs	14.097065	0.01	-17	0	1726	284	WSPR2	172600	88766	WD_3.3.2-2
2025-11-07 10:36	KF8EEZ	GM05	K9TRV	EN82bi	14.097064	0.01	-21	0	2271	297	WSPR2	227100	90840	WD_3.3.2-2
2025-11-07 10:36	KF8EEZ	GM05	K9TRV-2	EN82bi	14.097066	0.01	-20	0	2271	297	WSPR2	227100	97329	WD_3.3.2-2
2025-11-07 10:36	KF8EEZ	GM05	KJ5HY	FN34fh	14.097065	0.01	-19	0	1575	313	WSPR2	157500	72000	WD_3.3.2-2
2025-11-07 10:36	KF8EEZ	GM05	WA3TTS	EN90xn	14.097055	0.01	-21	0	1919	293	WSPR2	191900	76760	2.6.1
2025-11-07 10:36	KF8EEZ	GM05	UACNJ	FN20mv	14.097065	0.01	-12	0	1513	298	WSPR2	151300	99426	WD_3.3.2-2
2025-11-07 10:36	KF8EEZ	GM05	KD3ALD	FN21ni	14.097065	0.01	-20	0	1523	300	WSPR2	152300	65271	WD_3.3.2-1
2025-11-07 10:36	KF8EEZ	GM05	W2NAF-2	FN21ei	14.097065	0.01	-22	0	1582	299	WSPR2	158200	58760	WD_3.3.2-2
2025-11-07 10:36	KF8EEZ	GM05	W2NAF-3	FN21ei	14.097064	0.01	-17	0	1582	299	WSPR2	158200	81360	WD_3.3.2-2
2025-11-07 10:36	KF8EEZ	GM05	W3OA	EM95mn	14.096999	0.01	-15	0	1979	277	WSPR2	197900	113086	CWSL_DIGI
2025-11-07 10:36	KF8EEZ	GM05	W1XP	FN42fo	14.097065	0.01	-20	0	1337	310	WSPR2	133700	57300	WD_3.3.2-2
2025-11-07 10:36	KF8EEZ	GM05	WA3NAN	FM19na	14.097104	0.01	-14	0	1624	289	WSPR2	162400	97440	2.7.0-rc3
2025-11-07 10:36	KF8EEZ	GM05	FN41RY	FN41ks	14.097074	0.01	-19	0	1260	307	WSPR2	126000	57600	v1.2.97
2025-11-07 10:36	KF8EEZ	GM05	WY1U	FN31nl	14.097073	0.01	-23	0	1374	303	WSPR2	137400	47109	2.0.0
2025-11-07 10:36	KF8EEZ	GM05	K4KR	EM74	14.097094	0.01	-21	0	2365	275	WSPR2	236500	94600	2.7.0-rc7
2025-11-07 10:36	KF8EEZ	GM05	KQ2Y	FN31gn	14.097067	0.01	-1	0	1422	303	WSPR2	142200	138137	v1.2.94
2025-11-07 10:36	KF8EEZ	GM05	KA3LNA	FM29dc	14.09708	0.01	-19	0	1526	290	WSPR2	152600	69760	2.3.1
2025-11-07 10:46	KF8EEZ	GM05	WD4ELG	FM06be	14.097065	0.01	-11	0	1876	279	WSPR2	187600	128640	WD_3.3.2-1
2025-11-07 10:46	KF8EEZ	GM05	DK6UG	JN49cm	14.097066	0.01	-17	0	5534	52	WSPR2	553400	284606	WD_3.2.3
2025-11-07 10:46	KF8EEZ	GM05	KV4CW	EM96we	14.097066	0.01	-19	0	1899	279	WSPR2	189900	86811	1.4A Kiwi
2025-11-07 10:46	KF8EEZ	GM05	N2YCH	FN31jg	14.097065	0.01	-1	0	1390	302	WSPR2	139000	135029	WD_3.3.2-2
2025-11-07 10:46	KF8EEZ	GM05	WZ7I	FN20kk	14.097068	0.01	-4	0	1511	296	WSPR2	151100	133831	CWSL_DIGI
2025-11-07 10:46	KF8EEZ	GM05	KD7EFG-1	DN31uo	14.097065	0.01	-20	0	4607	295	WSPR2	460700	197443	WD_3.1.7
2025-11-07 10:46	KF8EEZ	GM05	K6RFT	EM47bg	14.097065	0.01	-20	0	2932	284	WSPR2	293200	125657	WD_3.2.3
2025-11-07 10:46	KF8EEZ	GM05	K1RA	FM18cr	14.097095	0.01	-20	0	1698	288	WSPR2	169800	72771	CWSL_DIGI
2025-11-07 10:46	KF8EEZ	GM05	W3OA	EM95mn	14.096999	0.01	-10	0	1979	277	WSPR2	197900	141357	CWSL_DIGI
2025-11-07 10:46	KF8EEZ	GM05	WA2TP	FN30lu	14.097065	0.01	-5	0	1360	300	WSPR2	136000	116571	WD_3.2.1
2025-11-07 10:46	KF8EEZ	GM05	WA2N	EM85ll	14.097065	0.01	-25	0	2168	277	WSPR2	216800	61943	WD_3.2.3-1
2025-11-07 10:46	KF8EEZ	GM05	EA8BFK	IL38bo	14.097067	0.01	-17	0	4288	87	WSPR2	428800	220526	WD_3.3.2-2
2025-11-07 10:46	KF8EEZ	GM05	KD2OM	FN12gx	14.097065	0.01	-11	0	1787	303	WSPR2	178700	122537	WD_3.3.2-2
2025-11-07 10:46	KF8EEZ	GM05	N8GA	EN80ee	14.097065	0.01	-25	0	2214	291	WSPR2	221400	63257	WD_3.3.2-1
2025-11-07 10:46	KF8EEZ	GM05	VE3EID	FN05gk	14.097085	0.01	-19	0	2043	309	WSPR2	204300	93394	CWSL_DIGI
2025-11-07 10:46	KF8EEZ	GM05	K5MO	FM05	14.097067	0.01	-19	0	1808	276	WSPR2	180800	82651	WD_3.2.3
2025-11-07 10:46	KF8EEZ	GM05	W2KGY	FN31aj	14.097065	0.01	-19	0	1454	301	WSPR2	145400	66469	WD_3.3.2-2
2025-11-07 10:46	KF8EEZ	GM05	K3LR	EN91se	14.097065	0.01	-15	0	1967	295	WSPR2	196700	112400	WD_3.3.2-2
2025-11-07 10:46	KF8EEZ	GM05	N2YCH-1	FN31jg	14.097065	0.01	-21	0	1390	302	WSPR2	139000	55600	WD_3.3.2-2
2025-11-07 10:46	KF8EEZ	GM05	K4JK	FM07vs	14.097065	0.01	-12	0	1726	284	WSPR2	172600	113423	WD_3.3.2-2
2025-11-07 10:46	KF8EEZ	GM05	K3GMQ-B	FN20lh	14.097064	0.01	-13	0	1501	296	WSPR2	150100	94349	WD_3.3.2-2
2025-11-07 10:46	KF8EEZ	GM05	WA3TTS	EN90xn	14.097055	0.01	-21	0	1919	293	WSPR2	191900	76760	2.6.1
2025-11-07 10:46	KF8EEZ	GM05	K9TRV	EN82bi	14.097064	0.01	-16	0	2271	297	WSPR2	227100	123283	WD_3.3.2-2
2025-11-07 10:46	KF8EEZ	GM05	K9TRV-4	EN82bi	14.097065	0.01	-16	0	2271	297	WSPR2	227100	123283	WD_3.3.2-2
2025-11-07 10:46	KF8EEZ	GM05	K9TRV-2	EN82bi	14.097066	0.01	-13	0	2271	297	WSPR2	227100	142749	WD_3.3.2-2
2025-11-07 10:46	KF8EEZ	GM05	KJ5HY	FN34fh	14.097065	0.01	-11	0	1575	313	WSPR2	157500	108000	WD_3.3.2-2
2025-11-07 10:46	KF8EEZ	GM05	WA7LNW	DM37gd	14.097042	0.01	-24	0	4811	289	WSPR2	481100	151203	RP122-16
2025-11-07 10:46	KF8EEZ	GM05	KC2G	FN21wa	14.097065	0.01	-14	0	1451	300	WSPR2	145100	87060	WD_3.3.2-2
2025-11-07 10:46	KF8EEZ	GM05	KX4AZ/T	EN74gc	14.097063	0.01	-20	0	2439	301	WSPR2	243900	104529	WD_3.3.2-2
2025-11-07 10:46	KF8EEZ	GM05	W3USR-1	FN21ej	14.097066	0.01	-22	0	1584	300	WSPR2	158400	58834	WD_3.3.2-1
2025-11-07 10:46	KF8EEZ	GM05	AC0G/B2	EM38ww	14.097065	0.01	-21	0	2939	287	WSPR2	293900	117560	WD_3.3.2-2
2025-11-07 10:46	KF8EEZ	GM05	W3PM	EM64or	14.097065	0.01	-19	0	2517	276	WSPR2	251700	115063	WD_3.3.2-2
2025-11-07 10:46	KF8EEZ	GM05	UACNJ	FN20mv	14.097065	0.01	-8	0	1513	298	WSPR2	151300	116717	WD_3.3.2-2
2025-11-07 10:46	KF8EEZ	GM05	KD3ALD	FN21ni	14.097065	0.01	-19	0	1523	300	WSPR2	152300	69623	WD_3.3.2-1
2025-11-07 10:46	KF8EEZ	GM05	W4BDE	EL89pr	14.097075	0.01	-20	0	2301	261	WSPR2	230100	98614	2.6.1
2025-11-07 10:46	KF8EEZ	GM05	K3GMQ	FN20lh	14.097065	0.01	-20	0	1501	296	WSPR2	150100	64329	QMTECH
2025-11-07 10:46	KF8EEZ	GM05	WW4ET	FM14bb	14.097072	0.01	-13	0	1725	270	WSPR2	172500	108429	2.7.0
2025-11-07 10:46	KF8EEZ	GM05	N1DQ-1	FN42hn	14.097065	0.01	-16	0	1323	310	WSPR2	132300	71820	WD_3.3.2-2
2025-11-07 10:46	KF8EEZ	GM05	W2NAF-3	FN21ei	14.097065	0.01	-11	0	1582	299	WSPR2	158200	108480	WD_3.3.2-2
2025-11-07 10:46	KF8EEZ	GM05	W2NAF-2	FN21ei	14.097065	0.01	-15	0	1582	299	WSPR2	158200	90400	WD_3.3.2-2
2025-11-07 10:46	KF8EEZ	GM05	W1XP	FN42fo	14.097065	0.01	-16	0	1337	310	WSPR2	133700	72580	WD_3.3.2-2
2025-11-07 10:46	KF8EEZ	GM05	KE4IP	EM73sx	14.097062	0.01	-24	0	2322	273	WSPR2	232200	72977	v1.2.28
2025-11-07 10:46	KF8EEZ	GM05	KM3T-3	FN42et	14.097034	0.01	-22	0	1355	311	WSPR2	135500	50329	CWSL_DIGI
2025-11-07 10:46	KF8EEZ	GM05	N8VIM	FN42fq	14.097066	0.01	-15	0	1342	310	WSPR2	134200	76686	2.7.0
2025-11-07 10:46	KF8EEZ	GM05	WY1U	FN31nl	14.097074	0.01	-19	-1	1374	303	WSPR2	137400	62811	2.0.0
2025-11-07 10:46	KF8EEZ	GM05	FN41RY	FN41ks	14.097074	0.01	-13	0	1260	307	WSPR2	126000	79200	v1.2.97
2025-11-07 10:46	KF8EEZ	GM05	W3SP	EM73	14.097064	0.01	-24	0	2387	272	WSPR2	238700	75020	2.7.0
2025-11-07 10:46	KF8EEZ	GM05	AE5AU	EM34rq	14.097066	0.01	-22	0	3035	278	WSPR2	303500	112729	SparkSDR
2025-11-07 10:46	KF8EEZ	GM05	KA3LNA	FM29dc	14.09708	0.01	-17	0	1526	290	WSPR2	152600	78480	2.3.1
2025-11-07 10:46	KF8EEZ	GM05	K4COD	EM73sc	14.097065	0.01	-17	0	2343	271	WSPR2	234300	120497	2.6.0
2025-11-07 10:46	KF8EEZ	GM05	N2DED	FN20nh	14.0971	0.01	-13	0	1487	296	WSPR2	148700	93469	2.6.1
2025-11-07 10:46	KF8EEZ	GM05	KC1CMT	FN31qp	14.09706	0.01	-20	0	1363	304	WSPR2	136300	58414	2.7.0
2025-11-07 10:46	KF8EEZ	GM05	KQ2Y	FN31gn	14.097067	0.01	2	0	1422	303	WSPR2	142200	150326	v1.2.94
2025-11-07 10:46	KF8EEZ	GM05	WA9FIO	EN43jt	14.09707	0.01	-23	0	2885	299	WSPR2	288500	98914	2.6.1
2025-11-07 10:46	KF8EEZ	GM05	K4KR	EM74	14.097095	0.01	-16	0	2365	275	WSPR2	236500	128386	2.7.0-rc7
2025-11-07 10:46	KF8EEZ	GM05	W8COE	EN80md	14.097079	0.01	-21	0	2157	291	WSPR2	215700	86280	v1.2.96
2025-11-07 10:46	KF8EEZ	GM05	KV4TT	FM03pt	14.09706	0.01	-16	0	1806	270	WSPR2	180600	98040	SparkSDR
2025-11-07 10:56	KF8EEZ	GM15	WD4ELG	FM06be	14.097064	0.01	-11	0	2055	279	WSPR2	205500	140914	WD_3.3.2-1
2025-11-07 10:56	KF8EEZ	GM15	VE2EBM	FN36lb	14.097065	0.01	-18	0	1783	316	WSPR2	178300	86603	web-888
2025-11-07 10:56	KF8EEZ	GM15	K5KHK	FN13dc	14.097132	0.01	-21	-1	1963	302	WSPR2	196300	78520	1.4A Kiwi
2025-11-07 10:56	KF8EEZ	GM15	SWLFNS	FN20hu	14.097064	0.01	-20	0	1707	296	WSPR2	170700	73157	1.4A Kiwi
2025-11-07 10:56	KF8EEZ	GM15	KV4CW	EM96we	14.097065	0.01	-22	0	2078	279	WSPR2	207800	77183	1.4A Kiwi
2025-11-07 10:56	KF8EEZ	GM15	KD9KHZ	EN53wa	14.097149	0.01	-13	0	2787	297	WSPR2	278700	175183	1.4A Kiwi
2025-11-07 10:56	KF8EEZ	GM15	N2YCH	FN31jg	14.097064	0.01	-6	0	1546	299	WSPR2	154600	128097	WD_3.3.2-2
2025-11-07 10:56	KF8EEZ	GM15	K1RA	FM18cr	14.097095	0.01	-20	0	1871	287	WSPR2	187100	80186	CWSL_DIGI
2025-11-07 10:56	KF8EEZ	GM15	WZ7I	FN20kk	14.097067	0.01	-6	0	1675	295	WSPR2	167500	138786	CWSL_DIGI
2025-11-07 10:56	KF8EEZ	GM15	WA2TP	FN30lu	14.097064	0.01	-6	0	1518	298	WSPR2	151800	125777	WD_3.2.1
2025-11-07 10:56	KF8EEZ	GM15	EA8BFK	IL38bo	14.097066	0.01	-17	-1	4107	88	WSPR2	410700	211217	WD_3.3.2-2
2025-11-07 10:56	KF8EEZ	GM15	KD2OM	FN12gx	14.097064	0.01	-8	0	1939	302	WSPR2	193900	149580	WD_3.3.2-2
2025-11-07 10:56	KF8EEZ	GM15	K1RA-PI	FM18cr	14.097063	0.01	-14	0	1871	287	WSPR2	187100	112260	DS_0.35.1
2025-11-07 10:56	KF8EEZ	GM15	N3AGE-4	FN30hw	14.097064	0.01	-18	-1	1548	298	WSPR2	154800	75189	WD_3.3.2-2
2025-11-07 10:56	KF8EEZ	GM15	W3OA	EM95mn	14.096998	0.01	-12	-1	2159	277	WSPR2	215900	141877	CWSL_DIGI
2025-11-07 10:56	KF8EEZ	GM15	W2KGY	FN31aj	14.097064	0.01	-19	-1	1610	299	WSPR2	161000	73600	WD_3.3.2-2
2025-11-07 10:56	KF8EEZ	GM15	K4JK	FM07vs	14.097065	0.01	-15	0	1902	284	WSPR2	190200	108686	WD_3.3.2-2
2025-11-07 10:56	KF8EEZ	GM15	K5MO	FM05	14.097065	0.01	-23	0	1988	276	WSPR2	198800	68160	WD_3.2.3
2025-11-07 10:56	KF8EEZ	GM15	K3LR	EN91se	14.097064	0.01	-17	0	2131	294	WSPR2	213100	109594	WD_3.3.2-2
2025-11-07 10:56	KF8EEZ	GM15	WW4ET	FM14bb	14.097072	0.01	-22	-1	1906	271	WSPR2	190600	70794	2.7.0
2025-11-07 10:56	KF8EEZ	GM15	K9TRV-2	EN82bi	14.097065	0.01	-17	0	2432	296	WSPR2	243200	125074	WD_3.3.2-2
2025-11-07 10:56	KF8EEZ	GM15	W3PM	EM64or	14.097064	0.01	-19	-1	2697	277	WSPR2	269700	123291	WD_3.3.2-2
2025-11-07 10:56	KF8EEZ	GM15	KJ5HY	FN34fh	14.097064	0.01	-15	0	1711	310	WSPR2	171100	97771	WD_3.3.2-2
2025-11-07 10:56	KF8EEZ	GM15	K9TRV	EN82bi	14.097063	0.01	-22	0	2432	296	WSPR2	243200	90331	WD_3.3.2-2
2025-11-07 10:56	KF8EEZ	GM15	K3GMQ-B	FN20lh	14.097063	0.01	-20	-1	1665	294	WSPR2	166500	71357	WD_3.3.2-2
2025-11-07 10:56	KF8EEZ	GM15	KM3T-3	FN42et	14.097033	0.01	-24	0	1496	307	WSPR2	149600	47017	CWSL_DIGI
2025-11-07 10:56	KF8EEZ	GM15	N2YCH-1	FN31jg	14.097064	0.01	-19	-1	1546	299	WSPR2	154600	70674	WD_3.3.2-2
2025-11-07 10:56	KF8EEZ	GM15	KD3ALD	FN21ni	14.097064	0.01	-20	-1	1681	298	WSPR2	168100	72043	WD_3.3.2-1
2025-11-07 10:56	KF8EEZ	GM15	UACNJ	FN20mv	14.097064	0.01	-9	0	1674	296	WSPR2	167400	124354	WD_3.3.2-2
2025-11-07 10:56	KF8EEZ	GM15	KM3T	FN42et	14.097054	0.01	-27	0	1496	307	WSPR2	149600	34194	CWSL_DIGI
2025-11-07 10:56	KF8EEZ	GM15	W4BDE	EL89pr	14.097074	0.01	-18	0	2480	262	WSPR2	248000	120457	2.6.1
2025-11-07 10:56	KF8EEZ	GM15	W2NAF-2	FN21ei	14.097064	0.01	-17	-1	1741	298	WSPR2	174100	89537	WD_3.3.2-2
2025-11-07 10:56	KF8EEZ	GM15	N1DQ-1	FN42hn	14.097064	0.01	-19	0	1464	307	WSPR2	146400	66926	WD_3.3.2-2
2025-11-07 10:56	KF8EEZ	GM15	KC2G	FN21wa	14.097064	0.01	-12	-1	1611	298	WSPR2	161100	105866	WD_3.3.2-2
2025-11-07 10:56	KF8EEZ	GM15	W2NAF-3	FN21ei	14.097064	0.01	-13	0	1741	298	WSPR2	174100	109434	WD_3.3.2-2
2025-11-07 10:56	KF8EEZ	GM15	W1XP	FN42fo	14.097064	0.01	-15	-1	1479	307	WSPR2	147900	84514	WD_3.3.2-2
2025-11-07 10:56	KF8EEZ	GM15	FN41RY	FN41ks	14.097073	0.01	-15	0	1407	304	WSPR2	140700	80400	v1.2.97
2025-11-07 10:56	KF8EEZ	GM15	WY1U	FN31nl	14.097073	0.01	-18	-1	1528	301	WSPR2	152800	74217	2.0.0
2025-11-07 10:56	KF8EEZ	GM15	N8VIM	FN42fq	14.097065	0.01	-15	0	1483	307	WSPR2	148300	84743	2.7.0
2025-11-07 10:56	KF8EEZ	GM15	VO1AW	GN28qw	14.097097	0.01	-27	-1	1509	7	WSPR2	150900	34491	2.7.0
2025-11-07 10:56	KF8EEZ	GM15	K3GMQ	FN20lh	14.097064	0.01	-22	0	1665	294	WSPR2	166500	61843	QMTECH
2025-11-07 10:56	KF8EEZ	GM15	KQ2Y	FN31gn	14.097066	0.01	-3	0	1577	300	WSPR2	157700	144183	v1.2.94
2025-11-07 10:56	KF8EEZ	GM15	K4COD	EM73sc	14.097064	0.01	-22	0	2524	272	WSPR2	252400	93749	2.6.0
2025-11-07 10:56	KF8EEZ	GM15	W8COE	EN80md	14.097078	0.01	-23	0	2326	291	WSPR2	232600	79749	v1.2.96
2025-11-07 10:56	KF8EEZ	GM15	KA3LNA	FM29dc	14.097079	0.01	-16	-1	1696	289	WSPR2	169600	92069	2.3.1
2025-11-07 10:56	KF8EEZ	GM15	KV4TT	FM03pt	14.09706	0.01	-20	0	1987	271	WSPR2	198700	85157	SparkSDR
2025-11-07 10:56	KF8EEZ	GM15	KC1CMT	FN31qp	14.097059	0.01	-17	-1	1515	302	WSPR2	151500	77914	2.7.0
2025-11-07 10:56	KF8EEZ	GM15	K4KR	EM74	14.097094	0.01	-17	0	2545	276	WSPR2	254500	130886	2.7.0-rc7
2025-11-07 11:06	KF8EEZ	GM15	WD4ELG	FM06be	14.097065	0.01	-11	0	2055	279	WSPR2	205500	140914	WD_3.3.2-1
2025-11-07 11:06	KF8EEZ	GM15	KD9KHZ	EN53wa	14.09715	0.01	-11	-1	2787	297	WSPR2	278700	191109	1.4A Kiwi
2025-11-07 11:06	KF8EEZ	GM15	SWLFNS	FN20hu	14.097065	0.01	-19	0	1707	296	WSPR2	170700	78034	1.4A Kiwi
2025-11-07 11:06	KF8EEZ	GM15	K5KHK	FN13dc	14.097133	0.01	-16	-1	1963	302	WSPR2	196300	106563	1.4A Kiwi
2025-11-07 11:06	KF8EEZ	GM15	KD7EFG-1	DN31uo	14.097065	0.01	-19	0	4771	296	WSPR2	477100	218103	WD_3.1.7
2025-11-07 11:06	KF8EEZ	GM15	K6RFT	EM47bg	14.097065	0.01	-20	0	3107	284	WSPR2	310700	133157	WD_3.2.3
2025-11-07 11:06	KF8EEZ	GM15	W3OA	EM95mn	14.096999	0.01	-13	0	2159	277	WSPR2	215900	135709	CWSL_DIGI
2025-11-07 11:06	KF8EEZ	GM15	N2YCH	FN31jg	14.097065	0.01	-4	0	1546	299	WSPR2	154600	136931	WD_3.3.2-2
2025-11-07 11:06	KF8EEZ	GM15	KV4CW	EM96we	14.097065	0.01	-22	-1	2078	279	WSPR2	207800	77183	1.4A Kiwi
2025-11-07 11:06	KF8EEZ	GM15	K1RA	FM18cr	14.097095	0.01	-21	-1	1871	287	WSPR2	187100	74840	CWSL_DIGI
2025-11-07 11:06	KF8EEZ	GM15	WA2TP	FN30lu	14.097065	0.01	-3	0	1518	298	WSPR2	151800	138789	WD_3.2.1
2025-11-07 11:06	KF8EEZ	GM15	K1RA-PI	FM18cr	14.097065	0.01	-21	-1	1871	287	WSPR2	187100	74840	DS_0.35.1
2025-11-07 11:06	KF8EEZ	GM15	K1YZY	FN41xr	14.097044	0.01	-12	0	1324	306	WSPR2	132400	87006	2.0_r1714
2025-11-07 11:06	KF8EEZ	GM15	K5MO	FM05	14.097065	0.01	-18	0	1988	276	WSPR2	198800	96560	WD_3.2.3
2025-11-07 11:06	KF8EEZ	GM15	AB1KW	FN43fe	14.097065	0.01	-20	0	1510	309	WSPR2	151000	64714	DS_0.35.1
2025-11-07 11:06	KF8EEZ	GM15	KD2OM	FN12gx	14.097065	0.01	-9	-1	1939	302	WSPR2	193900	144040	WD_3.3.2-2
2025-11-07 11:06	KF8EEZ	GM15	EA8BFK	IL38bo	14.097067	0.01	-12	0	4107	88	WSPR2	410700	269889	WD_3.3.2-2
2025-11-07 11:06	KF8EEZ	GM15	WW4ET	FM14bb	14.097073	0.01	-26	-1	1906	271	WSPR2	190600	49011	2.7.0
2025-11-07 11:06	KF8EEZ	GM15	K4JK	FM07vs	14.097065	0.01	-12	0	1902	284	WSPR2	190200	124989	WD_3.3.2-2
2025-11-07 11:06	KF8EEZ	GM15	N2YCH-1	FN31jg	14.097065	0.01	-22	0	1546	299	WSPR2	154600	57423	WD_3.3.2-2
2025-11-07 11:06	KF8EEZ	GM15	KJ5HY	FN34fh	14.097065	0.01	-16	0	1711	310	WSPR2	171100	92883	WD_3.3.2-2
2025-11-07 11:06	KF8EEZ	GM15	KC2G	FN21wa	14.097065	0.01	-14	-1	1611	298	WSPR2	161100	96660	WD_3.3.2-2
2025-11-07 11:06	KF8EEZ	GM15	W2KGY	FN31aj	14.097065	0.01	-20	-1	1610	299	WSPR2	161000	69000	WD_3.3.2-2
2025-11-07 11:06	KF8EEZ	GM15	WZ7I	FN20kk	14.097067	0.01	-3	-1	1675	295	WSPR2	167500	153143	CWSL_DIGI
2025-11-07 11:06	KF8EEZ	GM15	K3GMQ-B	FN20lh	14.097064	0.01	-12	0	1665	294	WSPR2	166500	109414	WD_3.3.2-2
2025-11-07 11:06	KF8EEZ	GM15	UACNJ	FN20mv	14.097065	0.01	-8	-1	1674	296	WSPR2	167400	129137	WD_3.3.2-2
2025-11-07 11:06	KF8EEZ	GM15	W3USR-1	FN21ej	14.097066	0.01	-25	-1	1743	298	WSPR2	174300	49800	WD_3.3.2-1
2025-11-07 11:06	KF8EEZ	GM15	W3PM	EM64or	14.097065	0.01	-23	-1	2697	277	WSPR2	269700	92469	WD_3.3.2-2
2025-11-07 11:06	KF8EEZ	GM15	KD3ALD	FN21ni	14.097065	0.01	-21	-1	1681	298	WSPR2	168100	67240	WD_3.3.2-1
2025-11-07 11:06	KF8EEZ	GM15	W2NAF-2	FN21ei	14.097065	0.01	-15	-1	1741	298	WSPR2	174100	99486	WD_3.3.2-2
2025-11-07 11:06	KF8EEZ	GM15	VE3EID	FN05gk	14.097085	0.01	-19	0	2185	307	WSPR2	218500	99886	CWSL_DIGI
2025-11-07 11:06	KF8EEZ	GM15	KM3T-3	FN42et	14.097034	0.01	-25	-1	1496	307	WSPR2	149600	42743	CWSL_DIGI
2025-11-07 11:06	KF8EEZ	GM15	K9TRV-2	EN82bi	14.097066	0.01	-24	0	2432	296	WSPR2	243200	76434	WD_3.3.2-2
2025-11-07 11:06	KF8EEZ	GM15	AC0G/B2	EM38ww	14.097065	0.01	-24	-1	3111	288	WSPR2	311100	97774	WD_3.3.2-2
2025-11-07 11:06	KF8EEZ	GM15	W2NAF-3	FN21ei	14.097065	0.01	-11	-1	1741	298	WSPR2	174100	119383	WD_3.3.2-2
2025-11-07 11:06	KF8EEZ	GM15	K3LR	EN91se	14.097064	0.01	-22	0	2131	294	WSPR2	213100	79151	WD_3.3.2-2
2025-11-07 11:06	KF8EEZ	GM15	KX4AZ/T	EN74gc	14.097066	0.01	-25	0	2594	300	WSPR2	259400	74114	WD_3.3.2-2
2025-11-07 11:06	KF8EEZ	GM15	WA3TTS	EN90xn	14.097055	0.01	-26	0	2086	293	WSPR2	208600	53640	2.6.1
2025-11-07 11:06	KF8EEZ	GM15	K3GMQ	FN20lh	14.097065	0.01	-21	0	1665	294	WSPR2	166500	66600	QMTECH
2025-11-07 11:06	KF8EEZ	GM15	N8VIM	FN42fq	14.097066	0.01	-13	0	1483	307	WSPR2	148300	93217	2.7.0
2025-11-07 11:06	KF8EEZ	GM15	W1XP	FN42fo	14.097065	0.01	-17	0	1479	307	WSPR2	147900	76063	WD_3.3.2-2
2025-11-07 11:06	KF8EEZ	GM15	KE4IP	EM73sx	14.097062	0.01	-22	0	2503	274	WSPR2	250300	92969	v1.2.28
2025-11-07 11:06	KF8EEZ	GM15	N1DQ-1	FN42hn	14.097065	0.01	-19	0	1464	307	WSPR2	146400	66926	WD_3.3.2-2
2025-11-07 11:06	KF8EEZ	GM15	N2DED	FN20nh	14.097101	0.01	-17	0	1651	294	WSPR2	165100	84909	2.6.1
2025-11-07 11:06	KF8EEZ	GM15	W4BDE	EL89pr	14.097075	0.01	-26	0	2480	262	WSPR2	248000	63771	2.6.1
2025-11-07 11:06	KF8EEZ	GM15	KM3T	FN42et	14.097055	0.01	-30	0	1496	307	WSPR2	149600	21371	CWSL_DIGI
2025-11-07 11:06	KF8EEZ	GM15	VO1AW	GN28qw	14.097098	0.01	-27	-1	1509	7	WSPR2	150900	34491	2.7.0
2025-11-07 11:06	KF8EEZ	GM15	W3HH	EL89vb	14.097079	0.01	-25	-1	2464	260	WSPR2	246400	70400	2.6.1
2025-11-07 11:06	KF8EEZ	GM15	WA9FIO	EN43jt	14.09707	0.01	-21	-1	3044	298	WSPR2	304400	121760	2.6.1
2025-11-07 11:06	KF8EEZ	GM15	KC9GHZ	EN62bk	14.097067	0.01	-18	0	2759	296	WSPR2	275900	134009	v1.2.93
2025-11-07 11:06	KF8EEZ	GM15	FN41RY	FN41ks	14.097074	0.01	-14	0	1407	304	WSPR2	140700	84420	v1.2.97
2025-11-07 11:06	KF8EEZ	GM15	KA3LNA	FM29dc	14.09708	0.01	-15	0	1696	289	WSPR2	169600	96914	2.3.1
2025-11-07 11:06	KF8EEZ	GM15	KV4TT	FM03pt	14.09706	0.01	-20	0	1987	271	WSPR2	198700	85157	SparkSDR
2025-11-07 11:06	KF8EEZ	GM15	K4KR	EM74	14.097096	0.01	-22	-1	2545	276	WSPR2	254500	94529	2.7.0-rc7
2025-11-07 11:06	KF8EEZ	GM15	KC1CMT	FN31qp	14.09706	0.01	-18	0	1515	302	WSPR2	151500	73586	2.7.0
2025-11-07 11:06	KF8EEZ	GM15	KQ2Y	FN31gn	14.097067	0.01	-2	0	1577	300	WSPR2	157700	148689	v1.2.94
2025-11-07 11:06	KF8EEZ	GM15	K4COD	EM73sc	14.097064	0.01	-20	0	2524	272	WSPR2	252400	108171	2.6.0
2025-11-07 11:06	KF8EEZ	GM15	VE2EBM	FN36lb	14.097065	0.01	-17	-1	1783	316	WSPR2	178300	91697	web-888
2025-11-07 11:06	KF8EEZ	GM15	WY1U	FN31nl	14.097074	0.01	-18	-1	1528	301	WSPR2	152800	74217	2.0.0
2025-11-07 11:06	KF8EEZ	GM15	KF0UQI	EM48	14.097059	0.01	-20	0	3021	287	WSPR2	302100	129471	2.7.0
2025-11-07 11:16	KF8EEZ	GM15	WD4ELG	FM06be	14.097065	0.01	-15	0	2055	279	WSPR2	205500	117429	WD_3.3.2-1
2025-11-07 11:16	KF8EEZ	GM15	KD9KHZ	EN53wa	14.09715	0.01	-14	0	2787	297	WSPR2	278700	167220	1.4A Kiwi
2025-11-07 11:16	KF8EEZ	GM15	SWLFNS	FN20hu	14.097065	0.01	-18	0	1707	296	WSPR2	170700	82911	1.4A Kiwi
2025-11-07 11:16	KF8EEZ	GM15	KV4CW	EM96we	14.097065	0.01	-19	0	2078	279	WSPR2	207800	94994	1.4A Kiwi
2025-11-07 11:16	KF8EEZ	GM15	K6RFT	EM47bg	14.097064	0.01	-20	0	3107	284	WSPR2	310700	133157	WD_3.2.3
2025-11-07 11:16	KF8EEZ	GM15	N2YCH	FN31jg	14.097064	0.01	-5	0	1546	299	WSPR2	154600	132514	WD_3.3.2-2
2025-11-07 11:16	KF8EEZ	GM15	WZ7I	FN20kk	14.097068	0.01	-6	0	1675	295	WSPR2	167500	138786	CWSL_DIGI
2025-11-07 11:16	KF8EEZ	GM15	WA2TP	FN30lu	14.097065	0.01	-3	0	1518	298	WSPR2	151800	138789	WD_3.2.1
2025-11-07 11:16	KF8EEZ	GM15	K1RA	FM18cr	14.097095	0.01	-15	0	1871	287	WSPR2	187100	106914	CWSL_DIGI
2025-11-07 11:16	KF8EEZ	GM15	EA8BFK	IL38bo	14.097067	0.01	-9	0	4107	88	WSPR2	410700	305091	WD_3.3.2-2
2025-11-07 11:16	KF8EEZ	GM15	AB1KW	FN43fe	14.097065	0.01	-21	0	1510	309	WSPR2	151000	60400	DS_0.35.1
2025-11-07 11:16	KF8EEZ	GM15	K1RA-PI	FM18cr	14.097064	0.01	-12	0	1871	287	WSPR2	187100	122951	DS_0.35.1
2025-11-07 11:16	KF8EEZ	GM15	KD2OM	FN12gx	14.097064	0.01	-12	0	1939	302	WSPR2	193900	127420	WD_3.3.2-2
2025-11-07 11:16	KF8EEZ	GM15	VE3EID	FN05gk	14.097085	0.01	-21	0	2185	307	WSPR2	218500	87400	CWSL_DIGI
2025-11-07 11:16	KF8EEZ	GM15	K3LR	EN91se	14.097064	0.01	-22	0	2131	294	WSPR2	213100	79151	WD_3.3.2-2
2025-11-07 11:16	KF8EEZ	GM15	W3PM	EM64or	14.097064	0.01	-18	0	2697	277	WSPR2	269700	130997	WD_3.3.2-2
2025-11-07 11:16	KF8EEZ	GM15	N2YCH-1	FN31jg	14.097064	0.01	-21	0	1546	299	WSPR2	154600	61840	WD_3.3.2-2
2025-11-07 11:16	KF8EEZ	GM15	W2KGY	FN31aj	14.097064	0.01	-22	0	1610	299	WSPR2	161000	59800	WD_3.3.2-2
2025-11-07 11:16	KF8EEZ	GM15	K4JK	FM07vs	14.097065	0.01	-6	0	1902	284	WSPR2	190200	157594	WD_3.3.2-2
2025-11-07 11:16	KF8EEZ	GM15	KJ5HY	FN34fh	14.097065	0.01	-17	-1	1711	310	WSPR2	171100	87994	WD_3.3.2-2
2025-11-07 11:16	KF8EEZ	GM15	KM3T-3	FN42et	14.097034	0.01	-25	0	1496	307	WSPR2	149600	42743	CWSL_DIGI
2025-11-07 11:16	KF8EEZ	GM15	K3GMQ-B	FN20lh	14.097064	0.01	-16	-1	1665	294	WSPR2	166500	90386	WD_3.3.2-2
2025-11-07 11:16	KF8EEZ	GM15	W3USR-1	FN21ej	14.097065	0.01	-26	0	1743	298	WSPR2	174300	44820	WD_3.3.2-1
2025-11-07 11:16	KF8EEZ	GM15	KD3ALD	FN21ni	14.097065	0.01	-22	0	1681	298	WSPR2	168100	62437	WD_3.3.2-1
2025-11-07 11:16	KF8EEZ	GM15	KX4AZ/T	EN74gc	14.097063	0.01	-18	0	2594	300	WSPR2	259400	125994	WD_3.3.2-2
2025-11-07 11:16	KF8EEZ	GM15	KC2G	FN21wa	14.097064	0.01	-15	-1	1611	298	WSPR2	161100	92057	WD_3.3.2-2
2025-11-07 11:16	KF8EEZ	GM15	UACNJ	FN20mv	14.097064	0.01	-10	0	1674	296	WSPR2	167400	119571	WD_3.3.2-2
2025-11-07 11:16	KF8EEZ	GM15	WW4ET	FM14bb	14.097072	0.01	-20	0	1906	271	WSPR2	190600	81686	2.7.0
2025-11-07 11:16	KF8EEZ	GM15	N8VIM	FN42fq	14.097066	0.01	-19	0	1483	307	WSPR2	148300	67794	2.7.0
2025-11-07 11:16	KF8EEZ	GM15	W2NAF-3	FN21ei	14.097064	0.01	-14	0	1741	298	WSPR2	174100	104460	WD_3.3.2-2
2025-11-07 11:16	KF8EEZ	GM15	W1XP	FN42fo	14.097065	0.01	-19	0	1479	307	WSPR2	147900	67611	WD_3.3.2-2
2025-11-07 11:16	KF8EEZ	GM15	W3OA	EM95mn	14.096999	0.01	-11	0	2159	277	WSPR2	215900	148046	CWSL_DIGI
2025-11-07 11:16	KF8EEZ	GM15	W2NAF-2	FN21ei	14.097064	0.01	-21	0	1741	298	WSPR2	174100	69640	WD_3.3.2-2
2025-11-07 11:16	KF8EEZ	GM15	K3GMQ	FN20lh	14.097065	0.01	-23	0	1665	294	WSPR2	166500	57086	QMTECH
2025-11-07 11:16	KF8EEZ	GM15	N1DQ-1	FN42hn	14.097065	0.01	-20	-1	1464	307	WSPR2	146400	62743	WD_3.3.2-2
2025-11-07 11:16	KF8EEZ	GM15	WA3NAN	FM19na	14.097104	0.01	-10	0	1795	289	WSPR2	179500	128214	2.7.0-rc3
2025-11-07 11:16	KF8EEZ	GM15	WY1U	FN31nl	14.097073	0.01	-14	0	1528	301	WSPR2	152800	91680	2.0.0
2025-11-07 11:16	KF8EEZ	GM15	N2DED	FN20nh	14.0971	0.01	-15	0	1651	294	WSPR2	165100	94343	2.6.1
2025-11-07 11:16	KF8EEZ	GM15	FN41RY	FN41ks	14.097074	0.01	-19	-1	1407	304	WSPR2	140700	64320	v1.2.97
2025-11-07 11:16	KF8EEZ	GM15	WA3TTS	EN90xn	14.097054	0.01	-23	0	2086	293	WSPR2	208600	71520	2.6.1
2025-11-07 11:16	KF8EEZ	GM15	K1YZY	FN41xr	14.097044	0.01	-13	0	1324	306	WSPR2	132400	83223	2.0_r1714
2025-11-07 11:16	KF8EEZ	GM15	K4KR	EM74	14.097095	0.01	-19	0	2545	276	WSPR2	254500	116343	2.7.0-rc7
2025-11-07 11:16	KF8EEZ	GM15	VO1AW	GN28qw	14.097098	0.01	-26	0	1509	7	WSPR2	150900	38803	2.7.0
2025-11-07 11:16	KF8EEZ	GM15	KV4TT	FM03pt	14.09706	0.01	-17	0	1987	271	WSPR2	198700	102189	SparkSDR
2025-11-07 11:16	KF8EEZ	GM15	KB8VME	EN61as	14.097079	0.01	-26	0	2759	294	WSPR2	275900	70946	2.7.0
2025-11-07 11:16	KF8EEZ	GM15	KQ2Y	FN31gn	14.097067	0.01	-9	0	1577	300	WSPR2	157700	117149	v1.2.94
2025-11-07 11:16	KF8EEZ	GM15	KC1CMT	FN31qp	14.09706	0.01	-17	-1	1515	302	WSPR2	151500	77914	2.7.0
2025-11-07 11:16	KF8EEZ	GM15	K4COD	EM73sc	14.097064	0.01	-18	0	2524	272	WSPR2	252400	122594	2.6.0
2025-11-07 11:16	KF8EEZ	GM15	KO4ZIK	FM18it	14.097061	0.01	-24	0	1829	288	WSPR2	182900	57483	2.6.1
2025-11-07 11:16	KF8EEZ	GM15	KA3LNA	FM29dc	14.09708	0.01	-15	0	1696	289	WSPR2	169600	96914	2.3.1
2025-11-07 11:26	KF8EEZ	GM15	WD4ELG	FM06be	14.097065	0.01	-10	0	2055	279	WSPR2	205500	146786	WD_3.3.2-1
2025-11-07 11:26	KF8EEZ	GM15	DK6UG	JN49cm	14.097065	0.01	-22	0	5391	52	WSPR2	539100	200237	WD_3.2.3
2025-11-07 11:26	KF8EEZ	GM15	SWLFNS	FN20hu	14.097064	0.01	-21	0	1707	296	WSPR2	170700	68280	1.4A Kiwi
2025-11-07 11:26	KF8EEZ	GM15	K5KHK	FN13dc	14.097132	0.01	-20	0	1963	302	WSPR2	196300	84129	1.4A Kiwi
2025-11-07 11:26	KF8EEZ	GM15	KV4CW	EM96we	14.097064	0.01	-19	0	2078	279	WSPR2	207800	94994	1.4A Kiwi
2025-11-07 11:26	KF8EEZ	GM15	KD7EFG-1	DN31uo	14.097064	0.01	-23	0	4771	296	WSPR2	477100	163577	WD_3.1.7
2025-11-07 11:26	KF8EEZ	GM15	K6RFT	EM47bg	14.097064	0.01	-15	0	3107	284	WSPR2	310700	177543	WD_3.2.3
2025-11-07 11:26	KF8EEZ	GM15	N2YCH	FN31jg	14.097064	0.01	-2	0	1546	299	WSPR2	154600	145766	WD_3.3.2-2
2025-11-07 11:26	KF8EEZ	GM15	WA2TP	FN30lu	14.097064	0.01	-8	0	1518	298	WSPR2	151800	117103	WD_3.2.1
2025-11-07 11:26	KF8EEZ	GM15	ON5KQ	JO10os	14.097065	0.01	-17	0	5021	51	WSPR2	502100	258223	WD_3.3.2-2
2025-11-07 11:26	KF8EEZ	GM15	K1RA	FM18cr	14.097095	0.01	-13	0	1871	287	WSPR2	187100	117606	CWSL_DIGI
2025-11-07 11:26	KF8EEZ	GM15	K1RA-PI	FM18cr	14.097063	0.01	-15	0	1871	287	WSPR2	187100	106914	DS_0.35.1
2025-11-07 11:26	KF8EEZ	GM15	EA8BFK	IL38bo	14.097066	0.01	-16	0	4107	88	WSPR2	410700	222951	WD_3.3.2-2
2025-11-07 11:26	KF8EEZ	GM15	WZ7I	FN20kk	14.097067	0.01	-7	0	1675	295	WSPR2	167500	134000	CWSL_DIGI
2025-11-07 11:26	KF8EEZ	GM15	K1YZY	FN41xr	14.097043	0.01	-19	0	1324	306	WSPR2	132400	60526	2.0_r1714
2025-11-07 11:26	KF8EEZ	GM15	KD2OM	FN12gx	14.097064	0.01	-11	0	1939	302	WSPR2	193900	132960	WD_3.3.2-2
2025-11-07 11:26	KF8EEZ	GM15	W3OA	EM95mn	14.096998	0.01	-10	0	2159	277	WSPR2	215900	154214	CWSL_DIGI
2025-11-07 11:26	KF8EEZ	GM15	DK4RW/1	JO40oe	14.097065	0.01	-23	0	5451	51	WSPR2	545100	186891	
2025-11-07 11:26	KF8EEZ	GM15	W2KGY	FN31aj	14.097064	0.01	-21	0	1610	299	WSPR2	161000	64400	WD_3.3.2-2
2025-11-07 11:26	KF8EEZ	GM15	N8GA	EN80ee	14.097063	0.01	-17	0	2383	291	WSPR2	238300	122554	WD_3.3.2-1
2025-11-07 11:26	KF8EEZ	GM15	K4JK	FM07vs	14.097064	0.01	-12	0	1902	284	WSPR2	190200	124989	WD_3.3.2-2
2025-11-07 11:26	KF8EEZ	GM15	K5MO	FM05	14.097065	0.01	-22	-1	1988	276	WSPR2	198800	73840	WD_3.2.3
2025-11-07 11:26	KF8EEZ	GM15	VE3EID	FN05gk	14.097084	0.01	-25	-1	2185	307	WSPR2	218500	62429	CWSL_DIGI
2025-11-07 11:26	KF8EEZ	GM15	N3AGE-4	FN30hw	14.097064	0.01	-21	0	1548	298	WSPR2	154800	61920	WD_3.3.2-2
2025-11-07 11:26	KF8EEZ	GM15	N2YCH-1	FN31jg	14.097064	0.01	-17	0	1546	299	WSPR2	154600	79509	WD_3.3.2-2
2025-11-07 11:26	KF8EEZ	GM15	K3LR	EN91se	14.097064	0.01	-7	0	2131	294	WSPR2	213100	170480	WD_3.3.2-2
2025-11-07 11:26	KF8EEZ	GM15	OE9XRV	JN47um	14.097065	0.01	-20	0	5540	54	WSPR2	554000	237429	WD_3.3.2-2
2025-11-07 11:26	KF8EEZ	GM15	K3GMQ-B	FN20lh	14.097063	0.01	-16	0	1665	294	WSPR2	166500	90386	WD_3.3.2-2
2025-11-07 11:26	KF8EEZ	GM15	VE2EBM	FN36lb	14.097064	0.01	-18	0	1783	316	WSPR2	178300	86603	web-888
2025-11-07 11:26	KF8EEZ	GM15	K9TRV-2	EN82bi	14.097065	0.01	-10	0	2432	296	WSPR2	243200	173714	WD_3.3.2-2
2025-11-07 11:26	KF8EEZ	GM15	AC0G/B2	EM38ww	14.097063	0.01	-22	0	3111	288	WSPR2	311100	115551	WD_3.3.2-2
2025-11-07 11:26	KF8EEZ	GM15	K9TRV-4	EN82bi	14.097064	0.01	-13	0	2432	296	WSPR2	243200	152869	WD_3.3.2-2
2025-11-07 11:26	KF8EEZ	GM15	K9TRV	EN82bi	14.097063	0.01	-13	0	2432	296	WSPR2	243200	152869	WD_3.3.2-2
2025-11-07 11:26	KF8EEZ	GM15	W3PM	EM64or	14.097063	0.01	-16	0	2697	277	WSPR2	269700	146409	WD_3.3.2-2
2025-11-07 11:26	KF8EEZ	GM15	KC2G	FN21wa	14.097064	0.01	-11	0	1611	298	WSPR2	161100	110469	WD_3.3.2-2
2025-11-07 11:26	KF8EEZ	GM15	W2NAF-3	FN21ei	14.097064	0.01	-14	0	1741	298	WSPR2	174100	104460	WD_3.3.2-2
2025-11-07 11:26	KF8EEZ	GM15	N1DQ-1	FN42hn	14.097064	0.01	-20	-1	1464	307	WSPR2	146400	62743	WD_3.3.2-2
2025-11-07 11:26	KF8EEZ	GM15	KJ5HY	FN34fh	14.097064	0.01	-22	0	1711	310	WSPR2	171100	63551	WD_3.3.2-2
2025-11-07 11:26	KF8EEZ	GM15	WA3TTS	EN90xn	14.097053	0.01	-9	0	2086	293	WSPR2	208600	154960	2.6.1
2025-11-07 11:26	KF8EEZ	GM15	KD3ALD	FN21ni	14.097064	0.01	-20	0	1681	298	WSPR2	168100	72043	WD_3.3.2-1
2025-11-07 11:26	KF8EEZ	GM15	UACNJ	FN20mv	14.097064	0.01	-9	0	1674	296	WSPR2	167400	124354	WD_3.3.2-2
2025-11-07 11:26	KF8EEZ	GM15	KX4AZ/T	EN74gc	14.097064	0.01	-17	0	2594	300	WSPR2	259400	133406	WD_3.3.2-2
2025-11-07 11:26	KF8EEZ	GM15	W2NAF-2	FN21ei	14.097064	0.01	-18	0	1741	298	WSPR2	174100	84563	WD_3.3.2-2
2025-11-07 11:26	KF8EEZ	GM15	KM3T-3	FN42et	14.097033	0.01	-26	0	1496	307	WSPR2	149600	38469	CWSL_DIGI
2025-11-07 11:26	KF8EEZ	GM15	W1XP	FN42fo	14.097064	0.01	-22	0	1479	307	WSPR2	147900	54934	WD_3.3.2-2
2025-11-07 11:26	KF8EEZ	GM15	FN41RY	FN41ks	14.097073	0.01	-13	0	1407	304	WSPR2	140700	88440	v1.2.97
2025-11-07 11:26	KF8EEZ	GM15	EA1FAQ	IN71pn	14.097055	0.01	-22	0	4533	65	WSPR2	453300	168369	v1.2.96
2025-11-07 11:26	KF8EEZ	GM15	KE4IP	EM73sx	14.097061	0.01	-22	0	2503	274	WSPR2	250300	92969	v1.2.28
2025-11-07 11:26	KF8EEZ	GM15	K3GMQ	FN20lh	14.097064	0.01	-23	0	1665	294	WSPR2	166500	57086	QMTECH
2025-11-07 11:26	KF8EEZ	GM15	WY1U	FN31nl	14.097073	0.01	-15	0	1528	301	WSPR2	152800	87314	2.0.0
2025-11-07 11:26	KF8EEZ	GM15	N9AWU	EM69sm	14.097064	0.01	-18	0	2622	289	WSPR2	262200	127354	web-888
2025-11-07 11:26	KF8EEZ	GM15	KD9KHZ	EN53wa	14.097149	0.01	-10	0	2787	297	WSPR2	278700	199071	1.4A Kiwi
2025-11-07 11:26	KF8EEZ	GM15	KC9GHZ	EN62bk	14.097066	0.01	-24	0	2759	296	WSPR2	275900	86711	v1.2.93
2025-11-07 11:26	KF8EEZ	GM15	GM0DHD	IO85gw	14.097065	0.01	-15	0	4589	43	WSPR2	458900	262229	2.7.0
2025-11-07 11:26	KF8EEZ	GM15	VE6JY	DO33or	14.09707	0.01	-24	0	4709	313	WSPR2	470900	147997	2.7.0
2025-11-07 11:26	KF8EEZ	GM15	K4KR	EM74	14.097095	0.01	-14	0	2545	276	WSPR2	254500	152700	2.7.0-rc7
2025-11-07 11:26	KF8EEZ	GM15	KC1CMT	FN31qp	14.097059	0.01	-19	0	1515	302	WSPR2	151500	69257	2.7.0
2025-11-07 11:26	KF8EEZ	GM15	N8VIM	FN42fq	14.097065	0.01	-23	0	1483	307	WSPR2	148300	50846	2.7.0
2025-11-07 11:26	KF8EEZ	GM15	WA9FIO	EN43jt	14.09707	0.01	-19	-1	3044	298	WSPR2	304400	139154	2.6.1
2025-11-07 11:26	KF8EEZ	GM15	K1HTV-4	FM18ap	14.097062	0.01	-10	0	1885	287	WSPR2	188500	134643	SparkSDR
2025-11-07 11:26	KF8EEZ	GM15	VO1AW	GN28qw	14.097097	0.01	-27	0	1509	7	WSPR2	150900	34491	2.7.0
2025-11-07 11:26	KF8EEZ	GM15	KQ2Y	FN31gn	14.097066	0.01	-10	0	1577	300	WSPR2	157700	112643	v1.2.94
2025-11-07 11:26	KF8EEZ	GM15	KA3LNA	FM29dc	14.097079	0.01	-15	0	1696	289	WSPR2	169600	96914	2.3.1
2025-11-07 11:26	KF8EEZ	GM15	KO4ZIK	FM18it	14.09706	0.01	-24	0	1829	288	WSPR2	182900	57483	2.6.1
2025-11-07 11:26	KF8EEZ	GM15	K5XL	EM12kp	14.097064	0.01	-22	0	3681	277	WSPR2	368100	136723	3.0.0-rc1
2025-11-07 11:26	KF8EEZ	GM15	OZ7IT	JO65df	14.097065	0.01	-14	0	5577	44	WSPR2	557700	334620	2.5.2
2025-11-07 11:26	KF8EEZ	GM15	KV4TT	FM03pt	14.097059	0.01	-14	0	1987	271	WSPR2	198700	119220	SparkSDR
2025-11-07 11:26	KF8EEZ	GM15	K4COD	EM73sc	14.097063	0.01	-15	0	2524	272	WSPR2	252400	144229	2.6.0
2025-11-07 11:36	KF8EEZ	GM15	DK6UG	JN49cm	14.097066	0.01	-17	-1	5391	52	WSPR2	539100	277251	WD_3.2.3
2025-11-07 11:36	KF8EEZ	GM15	WD4ELG	FM06be	14.097065	0.01	-24	-1	2055	279	WSPR2	205500	64586	WD_3.3.2-1
2025-11-07 11:36	KF8EEZ	GM15	N2YCH	FN31jg	14.097064	0.01	-11	0	1546	299	WSPR2	154600	106011	WD_3.3.2-2
2025-11-07 11:36	KF8EEZ	GM15	WZ7I	FN20kk	14.097067	0.01	-6	-1	1675	295	WSPR2	167500	138786	CWSL_DIGI
2025-11-07 11:36	KF8EEZ	GM15	K1RA-PI	FM18cr	14.097064	0.01	-21	0	1871	287	WSPR2	187100	74840	DS_0.35.1
2025-11-07 11:36	KF8EEZ	GM15	WA2TP	FN30lu	14.097064	0.01	-10	0	1518	298	WSPR2	151800	108429	WD_3.2.1
2025-11-07 11:36	KF8EEZ	GM15	ON5KQ	JO10os	14.097066	0.01	-20	-1	5021	51	WSPR2	502100	215186	WD_3.3.2-2
2025-11-07 11:36	KF8EEZ	GM15	EA8BFK	IL38bo	14.097066	0.01	-15	0	4107	88	WSPR2	410700	234686	WD_3.3.2-2
2025-11-07 11:36	KF8EEZ	GM15	W1BW	FN54nh	14.097065	0.01	-6	0	1406	318	WSPR2	140600	116497	
2025-11-07 11:36	KF8EEZ	GM15	W2KGY	FN31aj	14.097064	0.01	-21	0	1610	299	WSPR2	161000	64400	WD_3.3.2-2
2025-11-07 11:36	KF8EEZ	GM15	KM3T	FN42et	14.097055	0.01	-29	0	1496	307	WSPR2	149600	25646	CWSL_DIGI
2025-11-07 11:36	KF8EEZ	GM15	KD2OM	FN12gx	14.097064	0.01	-24	-1	1939	302	WSPR2	193900	60940	WD_3.3.2-2
2025-11-07 11:36	KF8EEZ	GM15	K4JK	FM07vs	14.097065	0.01	-21	0	1902	284	WSPR2	190200	76080	WD_3.3.2-2
2025-11-07 11:36	KF8EEZ	GM15	K1RA	FM18cr	14.097095	0.01	-24	0	1871	287	WSPR2	187100	58803	CWSL_DIGI
2025-11-07 11:36	KF8EEZ	GM15	K9TRV	EN82bi	14.097063	0.01	-25	0	2432	296	WSPR2	243200	69486	WD_3.3.2-2
2025-11-07 11:36	KF8EEZ	GM15	KJ5HY	FN34fh	14.097065	0.01	-16	-1	1711	310	WSPR2	171100	92883	WD_3.3.2-2
2025-11-07 11:36	KF8EEZ	GM15	K9TRV-4	EN82bi	14.097064	0.01	-26	0	2432	296	WSPR2	243200	62537	WD_3.3.2-2
2025-11-07 11:36	KF8EEZ	GM15	K3GMQ-B	FN20lh	14.097064	0.01	-17	0	1665	294	WSPR2	166500	85629	WD_3.3.2-2
2025-11-07 11:36	KF8EEZ	GM15	OE9XRV	JN47um	14.097066	0.01	-19	0	5540	54	WSPR2	554000	253257	WD_3.3.2-2
2025-11-07 11:36	KF8EEZ	GM15	WW4ET	FM14bb	14.097072	0.01	-22	0	1906	271	WSPR2	190600	70794	2.7.0
2025-11-07 11:36	KF8EEZ	GM15	UACNJ	FN20mv	14.097064	0.01	-15	0	1674	296	WSPR2	167400	95657	WD_3.3.2-2
2025-11-07 11:36	KF8EEZ	GM15	K3LR	EN91se	14.097064	0.01	-22	0	2131	294	WSPR2	213100	79151	WD_3.3.2-2
2025-11-07 11:36	KF8EEZ	GM15	W2NAF-3	FN21ei	14.097064	0.01	-18	0	1741	298	WSPR2	174100	84563	WD_3.3.2-2
2025-11-07 11:36	KF8EEZ	GM15	KD3ALD	FN21ni	14.097064	0.01	-21	0	1681	298	WSPR2	168100	67240	WD_3.3.2-1
2025-11-07 11:36	KF8EEZ	GM15	KC2G	FN21wa	14.097064	0.01	-13	0	1611	298	WSPR2	161100	101263	WD_3.3.2-2
2025-11-07 11:36	KF8EEZ	GM15	W2NAF-2	FN21ei	14.097064	0.01	-22	0	1741	298	WSPR2	174100	64666	WD_3.3.2-2
2025-11-07 11:36	KF8EEZ	GM15	GM0DHD	IO85gw	14.097078	0.01	-22	0	4589	43	WSPR2	458900	170449	2.7.0-rc3
2025-11-07 11:36	KF8EEZ	GM15	N8VIM	FN42fq	14.097065	0.01	-22	-1	1483	307	WSPR2	148300	55083	2.7.0
2025-11-07 11:36	KF8EEZ	GM15	N1DQ-1	FN42hn	14.097064	0.01	-21	0	1464	307	WSPR2	146400	58560	WD_3.3.2-2
2025-11-07 11:36	KF8EEZ	GM15	K3GMQ	FN20lh	14.097065	0.01	-20	-1	1665	294	WSPR2	166500	71357	QMTECH
2025-11-07 11:36	KF8EEZ	GM15	WY1U	FN31nl	14.097072	0.01	-22	0	1528	301	WSPR2	152800	56754	2.0.0
2025-11-07 11:36	KF8EEZ	GM15	W1XP	FN42fo	14.097064	0.01	-22	0	1479	307	WSPR2	147900	54934	WD_3.3.2-2
2025-11-07 11:36	KF8EEZ	GM15	KM3T-3	FN42et	14.097033	0.01	-29	0	1496	307	WSPR2	149600	25646	CWSL_DIGI
2025-11-07 11:36	KF8EEZ	GM15	W3OA	EM95mn	14.096999	0.01	-21	0	2159	277	WSPR2	215900	86360	CWSL_DIGI
2025-11-07 11:36	KF8EEZ	GM15	N2DED	FN20nh	14.0971	0.01	-19	0	1651	294	WSPR2	165100	75474	2.6.1
2025-11-07 11:36	KF8EEZ	GM15	KQ2Y	FN31gn	14.097066	0.01	-13	-1	1577	300	WSPR2	157700	99126	v1.2.94
2025-11-07 11:36	KF8EEZ	GM15	K1HTV-4	FM18ap	14.097063	0.01	-15	0	1885	287	WSPR2	188500	107714	SparkSDR
2025-11-07 11:36	KF8EEZ	GM15	KA3LNA	FM29dc	14.09708	0.01	-19	0	1696	289	WSPR2	169600	77531	2.3.1
2025-11-07 11:46	KF8EEZ	GM15	WD4ELG	FM06be	14.097065	0.01	-16	0	2055	279	WSPR2	205500	111557	WD_3.3.2-1
2025-11-07 11:46	KF8EEZ	GM15	KV4CW	EM96we	14.097065	0.01	-21	1	2078	279	WSPR2	207800	83120	1.4A Kiwi
2025-11-07 11:46	KF8EEZ	GM15	N2YCH	FN31jg	14.097065	0.01	-13	1	1546	299	WSPR2	154600	97177	WD_3.3.2-2
2025-11-07 11:46	KF8EEZ	GM15	WA2TP	FN30lu	14.097064	0.01	-15	0	1518	298	WSPR2	151800	86743	WD_3.2.1
2025-11-07 11:46	KF8EEZ	GM15	WZ7I	FN20kk	14.097067	0.01	-13	1	1675	295	WSPR2	167500	105286	CWSL_DIGI
2025-11-07 11:46	KF8EEZ	GM15	ON5KQ	JO10os	14.097067	0.01	-21	0	5021	51	WSPR2	502100	200840	WD_3.3.2-2
2025-11-07 11:46	KF8EEZ	GM15	KD2OM	FN12gx	14.097064	0.01	-17	0	1939	302	WSPR2	193900	99720	WD_3.3.2-2
2025-11-07 11:46	KF8EEZ	GM15	AB1KW	FN43fe	14.097065	0.01	-29	0	1510	309	WSPR2	151000	25886	DS_0.35.1
2025-11-07 11:46	KF8EEZ	GM15	K4JK	FM07vs	14.097066	0.01	-8	0	1902	284	WSPR2	190200	146726	WD_3.3.2-2
2025-11-07 11:46	KF8EEZ	GM15	N2YCH-1	FN31jg	14.097064	0.01	-22	1	1546	299	WSPR2	154600	57423	WD_3.3.2-2
2025-11-07 11:46	KF8EEZ	GM15	W3OA	EM95mn	14.096999	0.01	-15	1	2159	277	WSPR2	215900	123371	CWSL_DIGI
2025-11-07 11:46	KF8EEZ	GM15	KX4AZ/T	EN74gc	14.097065	0.01	-21	0	2594	300	WSPR2	259400	103760	WD_3.3.2-2
2025-11-07 11:46	KF8EEZ	GM15	K9TRV-2	EN82bi	14.097065	0.01	-20	1	2432	296	WSPR2	243200	104229	WD_3.3.2-2
2025-11-07 11:46	KF8EEZ	GM15	K3GMQ-B	FN20lh	14.097064	0.01	-23	1	1665	294	WSPR2	166500	57086	WD_3.3.2-2
2025-11-07 11:46	KF8EEZ	GM15	K1RA	FM18cr	14.097097	0.01	-20	1	1871	287	WSPR2	187100	80186	CWSL_DIGI
2025-11-07 11:46	KF8EEZ	GM15	W3PM	EM64or	14.097064	0.01	-24	0	2697	277	WSPR2	269700	84763	WD_3.3.2-2
2025-11-07 11:46	KF8EEZ	GM15	UACNJ	FN20mv	14.097064	0.01	-14	0	1674	296	WSPR2	167400	100440	WD_3.3.2-2
2025-11-07 11:46	KF8EEZ	GM15	KD3ALD	FN21ni	14.097064	0.01	-26	1	1681	298	WSPR2	168100	43226	WD_3.3.2-1
2025-11-07 11:46	KF8EEZ	GM15	K9TRV	EN82bi	14.097063	0.01	-21	0	2432	296	WSPR2	243200	97280	WD_3.3.2-2
2025-11-07 11:46	KF8EEZ	GM15	KC2G	FN21wa	14.097065	0.01	-18	1	1611	298	WSPR2	161100	78249	WD_3.3.2-2
2025-11-07 11:46	KF8EEZ	GM15	W2NAF-3	FN21ei	14.097065	0.01	-20	1	1741	298	WSPR2	174100	74614	WD_3.3.2-2
2025-11-07 11:46	KF8EEZ	GM15	N8VIM	FN42fq	14.097065	0.01	-21	0	1483	307	WSPR2	148300	59320	2.7.0
2025-11-07 11:46	KF8EEZ	GM15	W2NAF-2	FN21ei	14.097065	0.01	-24	1	1741	298	WSPR2	174100	54717	WD_3.3.2-2
2025-11-07 11:46	KF8EEZ	GM15	W1XP	FN42fo	14.097064	0.01	-25	0	1479	307	WSPR2	147900	42257	WD_3.3.2-2
2025-11-07 11:46	KF8EEZ	GM15	N1DQ-1	FN42hn	14.097064	0.01	-23	1	1464	307	WSPR2	146400	50194	WD_3.3.2-2
2025-11-07 11:46	KF8EEZ	GM15	FN41RY	FN41ks	14.097074	0.01	-23	1	1407	304	WSPR2	140700	48240	v1.2.97
2025-11-07 11:46	KF8EEZ	GM15	K4KR	EM74	14.097096	0.01	-22	0	2545	276	WSPR2	254500	94529	2.7.0-rc7
2025-11-07 11:46	KF8EEZ	GM15	KQ2Y	FN31gn	14.097067	0.01	-17	1	1577	300	WSPR2	157700	81103	v1.2.94
2025-11-07 11:46	KF8EEZ	GM15	WY1U	FN31nl	14.097073	0.01	-24	1	1528	301	WSPR2	152800	48023	2.0.0
2025-11-07 11:46	KF8EEZ	GM15	K4COD	EM73sc	14.097064	0.01	-19	0	2524	272	WSPR2	252400	115383	2.6.0
2025-11-07 11:46	KF8EEZ	GM15	KA3LNA	FM29dc	14.09708	0.01	-20	0	1696	289	WSPR2	169600	72686	2.3.1
2025-11-07 11:56	KF8EEZ	GM15	WZ7I	FN20kk	14.097067	0.01	-14	0	1675	295	WSPR2	167500	100500	CWSL_DIGI
2025-11-07 11:56	KF8EEZ	GM15	N2YCH	FN31jg	14.097064	0.01	-12	0	1546	299	WSPR2	154600	101594	WD_3.3.2-2
2025-11-07 11:56	KF8EEZ	GM15	WA2TP	FN30lu	14.097064	0.01	-12	0	1518	298	WSPR2	151800	99754	WD_3.2.1
2025-11-07 11:56	KF8EEZ	GM15	K5MO	FM05	14.097067	0.01	-27	0	1988	276	WSPR2	198800	45440	WD_3.2.3
2025-11-07 11:56	KF8EEZ	GM15	K4JK	FM07vs	14.097065	0.01	-15	0	1902	284	WSPR2	190200	108686	WD_3.3.2-2
2025-11-07 11:56	KF8EEZ	GM15	K9TRV-2	EN82bi	14.097065	0.01	-17	0	2432	296	WSPR2	243200	125074	WD_3.3.2-2
2025-11-07 11:56	KF8EEZ	GM15	K3LR	EN91se	14.097064	0.01	-22	0	2131	294	WSPR2	213100	79151	WD_3.3.2-2
2025-11-07 11:56	KF8EEZ	GM15	UACNJ	FN20mv	14.097064	0.01	-15	0	1674	296	WSPR2	167400	95657	WD_3.3.2-2
2025-11-07 11:56	KF8EEZ	GM15	KQ2Y	FN31gn	14.097066	0.01	-16	0	1577	300	WSPR2	157700	85609	v1.2.94
2025-11-07 12:06	KF8EEZ	GM15	WD4ELG	FM06be	14.097064	0.01	-22	0	2055	279	WSPR2	205500	76329	WD_3.3.2-1
2025-11-07 12:06	KF8EEZ	GM15	OE9GHV	JN47wk	14.097066	0.01	-24	0	5554	54	WSPR2	555400	174554	WD_3.2.3-1
2025-11-07 12:06	KF8EEZ	GM15	DK6UG	JN49cm	14.097067	0.01	-20	0	5391	52	WSPR2	539100	231043	WD_3.2.3
2025-11-07 12:06	KF8EEZ	GM15	K1RA	FM18cr	14.097097	0.01	-21	0	1871	287	WSPR2	187100	74840	CWSL_DIGI
2025-11-07 12:06	KF8EEZ	GM15	N2YCH	FN31jg	14.097064	0.01	-13	0	1546	299	WSPR2	154600	97177	WD_3.3.2-2
2025-11-07 12:06	KF8EEZ	GM15	WA2TP	FN30lu	14.097064	0.01	-9	0	1518	298	WSPR2	151800	112766	WD_3.2.1
2025-11-07 12:06	KF8EEZ	GM15	ON5KQ	JO10os	14.097066	0.01	-24	0	5021	51	WSPR2	502100	157803	WD_3.3.2-2
2025-11-07 12:06	KF8EEZ	GM15	EA8BFK	IL38bo	14.097066	0.01	-13	0	4107	88	WSPR2	410700	258154	WD_3.3.2-2
2025-11-07 12:06	KF8EEZ	GM15	W2KGY	FN31aj	14.097064	0.01	-26	0	1610	299	WSPR2	161000	41400	WD_3.3.2-2
2025-11-07 12:06	KF8EEZ	GM15	OE3XOE	JN87aq	14.097065	0.01	-25	0	5997	53	WSPR2	599700	171343	WD_3.3.2-2
2025-11-07 12:06	KF8EEZ	GM15	K4JK	FM07vs	14.097065	0.01	-9	0	1902	284	WSPR2	190200	141291	WD_3.3.2-2
2025-11-07 12:06	KF8EEZ	GM15	OE3GBB/Q	JN87aq	14.097067	0.01	-25	0	5997	53	WSPR2	599700	171343	WD_3.3.2-2
2025-11-07 12:06	KF8EEZ	GM15	UACNJ	FN20mv	14.097064	0.01	-16	0	1674	296	WSPR2	167400	90874	WD_3.3.2-2
2025-11-07 12:06	KF8EEZ	GM15	K3LR	EN91se	14.097064	0.01	-18	0	2131	294	WSPR2	213100	103506	WD_3.3.2-2
2025-11-07 12:06	KF8EEZ	GM15	WA3TTS	EN90xn	14.097054	0.01	-21	0	2086	293	WSPR2	208600	83440	2.6.1
2025-11-07 12:06	KF8EEZ	GM15	W3PM	EM64or	14.097064	0.01	-26	0	2697	277	WSPR2	269700	69351	WD_3.3.2-2
2025-11-07 12:06	KF8EEZ	GM15	WZ7I	FN20kk	14.097067	0.01	-10	0	1675	295	WSPR2	167500	119643	CWSL_DIGI
2025-11-07 12:06	KF8EEZ	GM15	W2NAF-3	FN21ei	14.097064	0.01	-18	0	1741	298	WSPR2	174100	84563	WD_3.3.2-2
2025-11-07 12:06	KF8EEZ	GM15	K3GMQ-B	FN20lh	14.097064	0.01	-22	0	1665	294	WSPR2	166500	61843	WD_3.3.2-2
2025-11-07 12:06	KF8EEZ	GM15	KC2G	FN21wa	14.097064	0.01	-18	0	1611	298	WSPR2	161100	78249	WD_3.3.2-2
2025-11-07 12:06	KF8EEZ	GM15	W2NAF-2	FN21ei	14.097064	0.01	-23	0	1741	298	WSPR2	174100	59691	WD_3.3.2-2
2025-11-07 12:06	KF8EEZ	GM15	N1DQ-1	FN42hn	14.097064	0.01	-27	0	1464	307	WSPR2	146400	33463	WD_3.3.2-2
2025-11-07 12:06	KF8EEZ	GM15	N8VIM	FN42fq	14.097065	0.01	-22	0	1483	307	WSPR2	148300	55083	2.7.0
2025-11-07 12:06	KF8EEZ	GM15	WY1U	FN31nl	14.097073	0.01	-24	-1	1528	301	WSPR2	152800	48023	2.0.0
2025-11-07 12:06	KF8EEZ	GM15	K4KR	EM74	14.097096	0.01	-21	0	2545	276	WSPR2	254500	101800	2.7.0-rc7
2025-11-07 12:06	KF8EEZ	GM15	N2DED	FN20nh	14.0971	0.01	-24	0	1651	294	WSPR2	165100	51889	2.6.1
2025-11-07 12:06	KF8EEZ	GM15	KC1CMT	FN31qp	14.097059	0.01	-25	-1	1515	302	WSPR2	151500	43286	2.7.0
2025-11-07 12:06	KF8EEZ	GM15	VE6JY	DO33or	14.09707	0.01	-22	0	4709	313	WSPR2	470900	174906	2.7.0
2025-11-07 12:06	KF8EEZ	GM15	KQ2Y	FN31gn	14.097067	0.01	-6	0	1577	300	WSPR2	157700	130666	v1.2.94
2025-11-07 12:06	KF8EEZ	GM15	KA3LNA	FM29dc	14.09708	0.01	-21	0	1696	289	WSPR2	169600	67840	2.3.1
2025-11-07 12:16	KF8EEZ	GM15	SWLFNS	FN20hu	14.097065	0.01	-23	0	1707	296	WSPR2	170700	58526	1.4A Kiwi
2025-11-07 12:16	KF8EEZ	GM15	WZ7I	FN20kk	14.097067	0.01	-12	0	1675	295	WSPR2	167500	110071	CWSL_DIGI
2025-11-07 12:16	KF8EEZ	GM15	N2YCH	FN31jg	14.097064	0.01	-13	0	1546	299	WSPR2	154600	97177	WD_3.3.2-2
2025-11-07 12:16	KF8EEZ	GM15	WA2TP	FN30lu	14.097064	0.01	-19	0	1518	298	WSPR2	151800	69394	WD_3.2.1
2025-11-07 12:16	KF8EEZ	GM15	K1RA-PI	FM18cr	14.097064	0.01	-24	0	1871	287	WSPR2	187100	58803	DS_0.35.1
2025-11-07 12:16	KF8EEZ	GM15	EA8BFK	IL38bo	14.097066	0.01	-16	0	4107	88	WSPR2	410700	222951	WD_3.3.2-2
2025-11-07 12:16	KF8EEZ	GM15	AB1KW	FN43fe	14.097064	0.01	-25	0	1510	309	WSPR2	151000	43143	DS_0.35.1
2025-11-07 12:16	KF8EEZ	GM15	K1RA	FM18cr	14.097097	0.01	-23	0	1871	287	WSPR2	187100	64149	CWSL_DIGI
2025-11-07 12:16	KF8EEZ	GM15	K4JK	FM07vs	14.097065	0.01	-21	0	1902	284	WSPR2	190200	76080	WD_3.3.2-2
2025-11-07 12:16	KF8EEZ	GM15	K3LR	EN91se	14.097064	0.01	-25	0	2131	294	WSPR2	213100	60886	WD_3.3.2-2
2025-11-07 12:16	KF8EEZ	GM15	UACNJ	FN20mv	14.097064	0.01	-20	0	1674	296	WSPR2	167400	71743	WD_3.3.2-2
2025-11-07 12:16	KF8EEZ	GM15	KC2G	FN21wa	14.097064	0.01	-22	0	1611	298	WSPR2	161100	59837	WD_3.3.2-2
2025-11-07 12:16	KF8EEZ	GM15	K3GMQ-B	FN20lh	14.097063	0.01	-26	0	1665	294	WSPR2	166500	42814	WD_3.3.2-2
2025-11-07 12:16	KF8EEZ	GM15	N1DQ-1	FN42hn	14.097064	0.01	-25	0	1464	307	WSPR2	146400	41829	WD_3.3.2-2
2025-11-07 12:16	KF8EEZ	GM15	W2NAF-2	FN21ei	14.097064	0.01	-26	0	1741	298	WSPR2	174100	44769	WD_3.3.2-2
2025-11-07 12:16	KF8EEZ	GM15	WA3TTS	EN90xn	14.097054	0.01	-25	0	2086	293	WSPR2	208600	59600	2.6.1
2025-11-07 12:16	KF8EEZ	GM15	W2NAF-3	FN21ei	14.097064	0.01	-23	0	1741	298	WSPR2	174100	59691	WD_3.3.2-2
2025-11-07 12:16	KF8EEZ	GM15	KE4IP	EM73sx	14.097061	0.01	-23	0	2503	274	WSPR2	250300	85817	v1.2.28
2025-11-07 12:16	KF8EEZ	GM15	VE3PRO	EN94hk	14.097061	0.01	-25	0	2289	303	WSPR2	228900	65400	2.5.4
2025-11-07 12:16	KF8EEZ	GM15	KQ2Y	FN31gn	14.097066	0.01	-9	0	1577	300	WSPR2	157700	117149	v1.2.94
2025-11-07 12:16	KF8EEZ	GM15	KC1CMT	FN31qp	14.097059	0.01	-26	-1	1515	302	WSPR2	151500	38957	2.7.0
2025-11-07 12:16	KF8EEZ	GM15	N2DED	FN20nh	14.0971	0.01	-21	0	1651	294	WSPR2	165100	66040	2.6.1
2025-11-07 12:26	KF8EEZ	GM15	WD4ELG	FM06be	14.097064	0.01	-23	0	2055	279	WSPR2	205500	70457	WD_3.3.2-1
2025-11-07 12:26	KF8EEZ	GM15	DK6UG	JN49cm	14.097065	0.01	-18	0	5391	52	WSPR2	539100	261849	WD_3.2.3
2025-11-07 12:26	KF8EEZ	GM15	WZ7I	FN20kk	14.097067	0.01	-13	0	1675	295	WSPR2	167500	105286	CWSL_DIGI
2025-11-07 12:26	KF8EEZ	GM15	K1RA	FM18cr	14.097097	0.01	-17	0	1871	287	WSPR2	187100	96223	CWSL_DIGI
2025-11-07 12:26	KF8EEZ	GM15	N2YCH	FN31jg	14.097064	0.01	-14	0	1546	299	WSPR2	154600	92760	WD_3.3.2-2
2025-11-07 12:26	KF8EEZ	GM15	K6RFT	EM47bg	14.097064	0.01	-20	0	3107	284	WSPR2	310700	133157	WD_3.2.3
2025-11-07 12:26	KF8EEZ	GM15	WA2TP	FN30lu	14.097064	0.01	-16	0	1518	298	WSPR2	151800	82406	WD_3.2.1
2025-11-07 12:26	KF8EEZ	GM15	OE9GHV	JN47wk	14.097066	0.01	-22	0	5554	54	WSPR2	555400	206291	WD_3.2.3-1
2025-11-07 12:26	KF8EEZ	GM15	W3OA	EM95mn	14.096998	0.01	-15	0	2159	277	WSPR2	215900	123371	CWSL_DIGI
2025-11-07 12:26	KF8EEZ	GM15	K1RA-PI	FM18cr	14.097064	0.01	-14	0	1871	287	WSPR2	187100	112260	DS_0.35.1
2025-11-07 12:26	KF8EEZ	GM15	N3AGE-4	FN30hw	14.097064	0.01	-24	0	1548	298	WSPR2	154800	48651	WD_3.3.2-2
2025-11-07 12:26	KF8EEZ	GM15	EA8BFK	IL38bo	14.097066	0.01	-23	0	4107	88	WSPR2	410700	140811	WD_3.3.2-2
2025-11-07 12:26	KF8EEZ	GM15	ON5KQ	JO10os	14.097066	0.01	-19	0	5021	51	WSPR2	502100	229531	WD_3.3.2-2
2025-11-07 12:26	KF8EEZ	GM15	N2YCH-1	FN31jg	14.097064	0.01	-23	0	1546	299	WSPR2	154600	53006	WD_3.3.2-2
2025-11-07 12:26	KF8EEZ	GM15	K3GMQ-B	FN20lh	14.097063	0.01	-26	0	1665	294	WSPR2	166500	42814	WD_3.3.2-2
2025-11-07 12:26	KF8EEZ	GM15	KC2G	FN21wa	14.097064	0.01	-22	0	1611	298	WSPR2	161100	59837	WD_3.3.2-2
2025-11-07 12:26	KF8EEZ	GM15	K9TRV-2	EN82bi	14.097065	0.01	-25	0	2432	296	WSPR2	243200	69486	WD_3.3.2-2
2025-11-07 12:26	KF8EEZ	GM15	K3LR	EN91se	14.097064	0.01	-21	0	2131	294	WSPR2	213100	85240	WD_3.3.2-2
2025-11-07 12:26	KF8EEZ	GM15	K4JK	FM07vs	14.097065	0.01	-14	0	1902	284	WSPR2	190200	114120	WD_3.3.2-2
2025-11-07 12:26	KF8EEZ	GM15	UACNJ	FN20mv	14.097064	0.01	-13	0	1674	296	WSPR2	167400	105223	WD_3.3.2-2
2025-11-07 12:26	KF8EEZ	GM15	KX4AZ/T	EN74gc	14.097066	0.01	-26	0	2594	300	WSPR2	259400	66703	WD_3.3.2-2
2025-11-07 12:26	KF8EEZ	GM15	WA3TTS	EN90xn	14.097054	0.01	-21	0	2086	293	WSPR2	208600	83440	2.6.1
2025-11-07 12:26	KF8EEZ	GM15	W2NAF-3	FN21ei	14.097064	0.01	-22	0	1741	298	WSPR2	174100	64666	WD_3.3.2-2
2025-11-07 12:26	KF8EEZ	GM15	K1YZY	FN41xr	14.097044	0.01	-21	0	1324	306	WSPR2	132400	52960	2.0_r1714
2025-11-07 12:26	KF8EEZ	GM15	W2NAF-2	FN21ei	14.097064	0.01	-23	0	1741	298	WSPR2	174100	59691	WD_3.3.2-2
2025-11-07 12:26	KF8EEZ	GM15	WD4IMI	FM17if	14.097087	0.01	-21	0	1820	282	WSPR2	182000	72800	2.6.1
2025-11-07 12:26	KF8EEZ	GM15	K4KR	EM74	14.097096	0.01	-24	0	2545	276	WSPR2	254500	79986	2.7.0-rc7
2025-11-07 12:26	KF8EEZ	GM15	KQ2Y	FN31gn	14.097066	0.01	-14	0	1577	300	WSPR2	157700	94620	v1.2.94
2025-11-07 12:26	KF8EEZ	GM15	N2DED	FN20nh	14.0971	0.01	-21	0	1651	294	WSPR2	165100	66040	2.6.1
2025-11-07 12:26	KF8EEZ	GM15	OZ7IT	JO65df	14.097065	0.01	-13	0	5577	44	WSPR2	557700	350554	2.5.2
2025-11-07 12:26	KF8EEZ	GM15	WA9FIO	EN43jt	14.097071	0.01	-21	-1	3044	298	WSPR2	304400	121760	2.6.1
2025-11-07 12:26	KF8EEZ	GM15	KC1CMT	FN31qp	14.097059	0.01	-29	0	1515	302	WSPR2	151500	25971	2.7.0
2025-11-07 12:36	KF8EEZ	GM15	WZ7I	FN20kk	14.097066	0.01	-10	0	1675	295	WSPR2	167500	119643	CWSL_DIGI
2025-11-07 12:36	KF8EEZ	GM15	N2YCH	FN31jg	14.097063	0.01	-7	0	1546	299	WSPR2	154600	123680	WD_3.3.2-2
2025-11-07 12:36	KF8EEZ	GM15	OE9GHV	JN47wk	14.097065	0.01	-21	0	5554	54	WSPR2	555400	222160	WD_3.2.3-1
2025-11-07 12:36	KF8EEZ	GM15	WA2TP	FN30lu	14.097064	0.01	-15	0	1518	298	WSPR2	151800	86743	WD_3.2.1
2025-11-07 12:36	KF8EEZ	GM15	EA8BFK	IL38bo	14.097066	0.01	-14	0	4107	88	WSPR2	410700	246420	WD_3.3.2-2
2025-11-07 12:36	KF8EEZ	GM15	KD2OM	FN12gx	14.097064	0.01	-7	0	1939	302	WSPR2	193900	155120	WD_3.3.2-2
2025-11-07 12:36	KF8EEZ	GM15	VE3EID	FN05gk	14.097086	0.01	-16	0	2185	307	WSPR2	218500	118614	CWSL_DIGI
2025-11-07 12:36	KF8EEZ	GM15	K4JK	FM07vs	14.097064	0.01	-18	0	1902	284	WSPR2	190200	92383	WD_3.3.2-2
2025-11-07 12:36	KF8EEZ	GM15	K1RA	FM18cr	14.097097	0.01	-14	0	1871	287	WSPR2	187100	112260	CWSL_DIGI
2025-11-07 12:36	KF8EEZ	GM15	K9TRV-2	EN82bi	14.097064	0.01	-22	0	2432	296	WSPR2	243200	90331	WD_3.3.2-2
2025-11-07 12:36	KF8EEZ	GM15	N2YCH-1	FN31jg	14.097063	0.01	-17	0	1546	299	WSPR2	154600	79509	WD_3.3.2-2
2025-11-07 12:36	KF8EEZ	GM15	WA3TTS	EN90xn	14.097053	0.01	-19	0	2086	293	WSPR2	208600	95360	2.6.1
2025-11-07 12:36	KF8EEZ	GM15	W2KGY	FN31aj	14.097063	0.01	-28	0	1610	299	WSPR2	161000	32200	WD_3.3.2-2
2025-11-07 12:36	KF8EEZ	GM15	K3LR	EN91se	14.097064	0.01	-12	0	2131	294	WSPR2	213100	140037	WD_3.3.2-2
2025-11-07 12:36	KF8EEZ	GM15	W1BW	FN54nh	14.097064	0.01	-11	0	1406	318	WSPR2	140600	96411	
2025-11-07 12:36	KF8EEZ	GM15	W3PM	EM64or	14.097063	0.01	-19	0	2697	277	WSPR2	269700	123291	WD_3.3.2-2
2025-11-07 12:36	KF8EEZ	GM15	W2NAF-3	FN21ei	14.097063	0.01	-21	0	1741	298	WSPR2	174100	69640	WD_3.3.2-2
2025-11-07 12:36	KF8EEZ	GM15	K9TRV	EN82bi	14.097062	0.01	-25	0	2432	296	WSPR2	243200	69486	WD_3.3.2-2
2025-11-07 12:36	KF8EEZ	GM15	UACNJ	FN20mv	14.097063	0.01	-11	0	1674	296	WSPR2	167400	114789	WD_3.3.2-2
2025-11-07 12:36	KF8EEZ	GM15	K9TRV-4	EN82bi	14.097063	0.01	-26	0	2432	296	WSPR2	243200	62537	WD_3.3.2-2
2025-11-07 12:36	KF8EEZ	GM15	VE2EBM	FN36lb	14.097064	0.01	-25	0	1783	316	WSPR2	178300	50943	web-888
2025-11-07 12:36	KF8EEZ	GM15	W1XP	FN42fo	14.097063	0.01	-26	0	1479	307	WSPR2	147900	38031	WD_3.3.2-2
2025-11-07 12:36	KF8EEZ	GM15	GM0DHD	IO85gw	14.097077	0.01	-20	0	4589	43	WSPR2	458900	196671	2.7.0-rc3
2025-11-07 12:36	KF8EEZ	GM15	YL1VA	KO07wn	14.097084	0.01	-18	0	6114	40	WSPR2	611400	296966	v1.2.92
2025-11-07 12:36	KF8EEZ	GM15	KQ2Y	FN31gn	14.097066	0.01	-18	0	1577	300	WSPR2	157700	76597	v1.2.94
2025-11-07 12:36	KF8EEZ	GM15	OZ7IT	JO65df	14.097065	0.01	-7	0	5577	44	WSPR2	557700	446160	2.5.2
2025-11-07 12:36	KF8EEZ	GM15	KA3LNA	FM29dc	14.097079	0.01	-15	0	1696	289	WSPR2	169600	96914	2.3.1
2025-11-08 07:06	KF8EEZ	HM28	EA8BFK	IL38bo	14.097067	0.01	-16	0	2240	113	WSPR2	224000	121600	WD_3.3.2-2
2025-11-08 07:06	KF8EEZ	HM28	KQ2Y	FN31gn	14.097066	0.01	-15	-2	3262	288	WSPR2	326200	186400	v1.2.94
2025-11-08 07:16	KF8EEZ	HM28	KM3T-3	FN42et	14.097031	0.01	-25	-1	3099	291	WSPR2	309900	88543	CWSL_DIGI
2025-11-08 07:16	KF8EEZ	HM28	G4ZFQ	IO90ir	14.097066	0.01	-27	-1	2964	52	WSPR2	296400	67749	WD_3.3.2-1
2025-11-08 07:16	KF8EEZ	HM28	VE2EBM	FN36lb	14.097065	0.01	-22	0	3205	298	WSPR2	320500	119043	web-888
2025-11-08 07:16	KF8EEZ	HM28	WZ7I	FN20kk	14.097068	0.01	-14	0	3419	287	WSPR2	341900	205140	CWSL_DIGI
2025-11-08 07:16	KF8EEZ	HM28	N2YCH	FN31jg	14.097063	0.01	-19	-1	3246	288	WSPR2	324600	148389	WD_3.3.2-2
2025-11-08 07:16	KF8EEZ	HM28	WA2TP	FN30lu	14.097064	0.01	-19	0	3238	287	WSPR2	323800	148023	WD_3.2.1
2025-11-08 07:16	KF8EEZ	HM28	EA8BFK	IL38bo	14.097067	0.01	-30	0	2240	113	WSPR2	224000	32000	WD_3.3.2-2
2025-11-08 07:16	KF8EEZ	HM28	N2YCH-1	FN31jg	14.097064	0.01	-20	-1	3246	288	WSPR2	324600	139114	WD_3.3.2-2
2025-11-08 07:16	KF8EEZ	HM28	K3GMQ-B	FN20lh	14.097064	0.01	-21	0	3414	286	WSPR2	341400	136560	WD_3.3.2-2
2025-11-08 07:16	KF8EEZ	HM28	K4JK	FM07vs	14.097065	0.01	-22	0	3742	283	WSPR2	374200	138989	WD_3.3.2-2
2025-11-08 07:16	KF8EEZ	HM28	K9TRV-2	EN82bi	14.097066	0.01	-25	0	4100	292	WSPR2	410000	117143	WD_3.3.2-2
2025-11-08 07:16	KF8EEZ	HM28	W3OA	EM95mn	14.096998	0.01	-23	0	4047	280	WSPR2	404700	138754	CWSL_DIGI
2025-11-08 07:16	KF8EEZ	HM28	GM0DHD	IO85gw	14.097066	0.01	-17	-1	3030	40	WSPR2	303000	155829	2.7.0
2025-11-08 07:16	KF8EEZ	HM28	VE3EID	FN05gk	14.097085	0.01	-22	-1	3704	297	WSPR2	370400	137577	CWSL_DIGI
2025-11-08 07:16	KF8EEZ	HM28	KQ2Y	FN31gn	14.097067	0.01	-8	-1	3262	288	WSPR2	326200	251640	v1.2.94
2025-11-08 07:16	KF8EEZ	HM28	KK4MBI	FM18kv	14.097081	0.01	-26	0	3620	284	WSPR2	362000	93086	2.6.1
2025-11-08 07:16	KF8EEZ	HM28	KM4RK	EM93td	14.097078	0.01	-23	0	4089	276	WSPR2	408900	140194	2.6.1
2025-11-08 07:36	KF8EEZ	HM28	WD4ELG	FM06be	14.097065	0.01	-21	1	3933	281	WSPR2	393300	157320	WD_3.3.2-1
2025-11-08 07:36	KF8EEZ	HM28	N2YCH	FN31jg	14.097064	0.01	-24	0	3246	288	WSPR2	324600	102017	WD_3.3.2-2
2025-11-08 07:36	KF8EEZ	HM28	WA2TP	FN30lu	14.097065	0.01	-20	0	3238	287	WSPR2	323800	138771	WD_3.2.1
2025-11-08 07:36	KF8EEZ	HM28	EA8BFK	IL38bo	14.097067	0.01	-10	0	2240	113	WSPR2	224000	160000	WD_3.3.2-2
2025-11-08 07:36	KF8EEZ	HM28	K6RFT	EM47bg	14.097065	0.01	-26	0	4908	287	WSPR2	490800	126206	WD_3.2.3
2025-11-08 07:36	KF8EEZ	HM28	K4JK	FM07vs	14.097066	0.01	-21	0	3742	283	WSPR2	374200	149680	WD_3.3.2-2
2025-11-08 07:36	KF8EEZ	HM28	W1BW	FN54nh	14.097065	0.01	-28	0	2874	294	WSPR2	287400	57480	
2025-11-08 07:36	KF8EEZ	HM28	KD2OM	FN12gx	14.097065	0.01	-18	0	3571	292	WSPR2	357100	173449	WD_3.3.2-2
2025-11-08 07:36	KF8EEZ	HM28	N2YCH-1	FN31jg	14.097065	0.01	-27	0	3246	288	WSPR2	324600	74194	WD_3.3.2-2
2025-11-08 07:36	KF8EEZ	HM28	K3GMQ-B	FN20lh	14.097064	0.01	-23	0	3414	286	WSPR2	341400	117051	WD_3.3.2-2
2025-11-08 07:36	KF8EEZ	HM28	NI5F	EM70fu	14.097081	0.01	-24	0	4637	275	WSPR2	463700	145734	v1.2.2
2025-11-08 07:36	KF8EEZ	HM28	KC2G	FN21wa	14.097065	0.01	-25	0	3325	287	WSPR2	332500	95000	WD_3.3.2-2
2025-11-08 07:36	KF8EEZ	HM28	W3OA	EM95mn	14.096999	0.01	-23	1	4047	280	WSPR2	404700	138754	CWSL_DIGI
2025-11-08 07:36	KF8EEZ	HM28	K3LR	EN91se	14.097065	0.01	-22	1	3846	289	WSPR2	384600	142851	WD_3.3.2-2
2025-11-08 07:36	KF8EEZ	HM28	VE3EID	FN05gk	14.097085	0.01	-24	1	3704	297	WSPR2	370400	116411	CWSL_DIGI
2025-11-08 07:36	KF8EEZ	HM28	WZ7I	FN20kk	14.097069	0.01	-20	0	3419	287	WSPR2	341900	146529	CWSL_DIGI
2025-11-08 07:36	KF8EEZ	HM28	K9TRV-2	EN82bi	14.097066	0.01	-25	0	4100	292	WSPR2	410000	117143	WD_3.3.2-2
2025-11-08 07:36	KF8EEZ	HM28	GM0DHD	IO85gw	14.097078	0.01	-21	0	3030	40	WSPR2	303000	121200	2.7.0-rc3
2025-11-08 07:36	KF8EEZ	HM28	EA1FAQ	IN71pn	14.097056	0.01	-29	0	2592	73	WSPR2	259200	44434	v1.2.96
2025-11-08 07:36	KF8EEZ	HM28	KQ2Y	FN31gn	14.097067	0.01	-15	0	3262	288	WSPR2	326200	186400	v1.2.94
2025-11-08 07:46	KF8EEZ	HM28	WZ7I	FN20kk	14.097069	0.01	-14	0	3419	287	WSPR2	341900	205140	CWSL_DIGI
2025-11-08 07:46	KF8EEZ	HM28	WD4ELG	FM06be	14.097065	0.01	-23	0	3933	281	WSPR2	393300	134846	WD_3.3.2-1
2025-11-08 07:46	KF8EEZ	HM28	SWLFNS	FN20hu	14.097065	0.01	-25	0	3432	287	WSPR2	343200	98057	1.4A Kiwi
2025-11-08 07:46	KF8EEZ	HM28	W3OA	EM95mn	14.096999	0.01	-21	0	4047	280	WSPR2	404700	161880	CWSL_DIGI
2025-11-08 07:46	KF8EEZ	HM28	WA2TP	FN30lu	14.097065	0.01	-20	0	3238	287	WSPR2	323800	138771	WD_3.2.1
2025-11-08 07:46	KF8EEZ	HM28	N2YCH	FN31jg	14.097064	0.01	-17	0	3246	288	WSPR2	324600	166937	WD_3.3.2-2
2025-11-08 07:46	KF8EEZ	HM28	EA8BFK	IL38bo	14.097067	0.01	-10	0	2240	113	WSPR2	224000	160000	WD_3.3.2-2
2025-11-08 07:46	KF8EEZ	HM28	KD2OM	FN12gx	14.097064	0.01	-22	0	3571	292	WSPR2	357100	132637	WD_3.3.2-2
2025-11-08 07:46	KF8EEZ	HM28	K3LR	EN91se	14.097064	0.01	-22	0	3846	289	WSPR2	384600	142851	WD_3.3.2-2
2025-11-08 07:46	KF8EEZ	HM28	K4JK	FM07vs	14.097066	0.01	-17	0	3742	283	WSPR2	374200	192446	WD_3.3.2-2
2025-11-08 07:46	KF8EEZ	HM28	K3GMQ-B	FN20lh	14.097064	0.01	-20	0	3414	286	WSPR2	341400	146314	WD_3.3.2-2
2025-11-08 07:46	KF8EEZ	HM28	KJ5HY	FN34fh	14.097064	0.01	-28	0	3245	294	WSPR2	324500	64900	WD_3.3.2-2
2025-11-08 07:46	KF8EEZ	HM28	N2YCH-1	FN31jg	14.097064	0.01	-20	0	3246	288	WSPR2	324600	139114	WD_3.3.2-2
2025-11-08 07:46	KF8EEZ	HM28	KC2G	FN21wa	14.097065	0.01	-24	0	3325	287	WSPR2	332500	104500	WD_3.3.2-2
2025-11-08 07:46	KF8EEZ	HM28	W2NAF-3	FN21ei	14.097065	0.01	-22	0	3444	288	WSPR2	344400	127920	WD_3.3.2-2
2025-11-08 07:46	KF8EEZ	HM28	WY1U	FN31nl	14.097079	0.01	-26	0	3215	288	WSPR2	321500	82671	2.0.0
2025-11-08 07:46	KF8EEZ	HM28	GM0DHD	IO85gw	14.097066	0.01	-17	0	3030	40	WSPR2	303000	155829	2.7.0
2025-11-08 07:46	KF8EEZ	HM28	KQ2Y	FN31gn	14.097067	0.01	-15	0	3262	288	WSPR2	326200	186400	v1.2.94
2025-11-08 07:46	KF8EEZ	HM28	KK4MBI	FM18kv	14.097081	0.01	-29	0	3620	284	WSPR2	362000	62057	2.6.1
2025-11-08 07:56	KF8EEZ	HM28	WZ7I	FN20kk	14.097069	0.01	-14	0	3419	287	WSPR2	341900	205140	CWSL_DIGI
2025-11-08 07:56	KF8EEZ	HM28	VE2EBM	FN36lb	14.097066	0.01	-20	1	3205	298	WSPR2	320500	137357	web-888
2025-11-08 07:56	KF8EEZ	HM28	N2YCH	FN31jg	14.097065	0.01	-19	0	3246	288	WSPR2	324600	148389	WD_3.3.2-2
2025-11-08 07:56	KF8EEZ	HM28	WA2TP	FN30lu	14.097065	0.01	-18	0	3238	287	WSPR2	323800	157274	WD_3.2.1
2025-11-08 07:56	KF8EEZ	HM28	EA8BFK	IL38bo	14.097068	0.01	-12	0	2240	113	WSPR2	224000	147200	WD_3.3.2-2
2025-11-08 07:56	KF8EEZ	HM28	K3GMQ-B	FN20lh	14.097065	0.01	-21	2	3414	286	WSPR2	341400	136560	WD_3.3.2-2
2025-11-08 07:56	KF8EEZ	HM28	N2YCH-1	FN31jg	14.097065	0.01	-22	0	3246	288	WSPR2	324600	120566	WD_3.3.2-2
2025-11-08 07:56	KF8EEZ	HM28	K4JK	FM07vs	14.097066	0.01	-19	0	3742	283	WSPR2	374200	171063	WD_3.3.2-2
2025-11-08 07:56	KF8EEZ	HM28	KJ5HY	FN34fh	14.097065	0.01	-24	0	3245	294	WSPR2	324500	101986	WD_3.3.2-2
2025-11-08 07:56	KF8EEZ	HM28	KQ2Y	FN31gn	14.097068	0.01	-13	0	3262	288	WSPR2	326200	205040	v1.2.94
2025-11-08 08:06	KF8EEZ	HM28	WZ7I	FN20kk	14.09707	0.01	-11	0	3419	287	WSPR2	341900	234446	CWSL_DIGI
2025-11-08 08:06	KF8EEZ	HM28	WD4ELG	FM06be	14.097066	0.01	-23	0	3933	281	WSPR2	393300	134846	WD_3.3.2-1
2025-11-08 08:06	KF8EEZ	HM28	G4ZFQ	IO90ir	14.097067	0.01	-24	0	2964	52	WSPR2	296400	93154	WD_3.3.2-1
2025-11-08 08:06	KF8EEZ	HM28	WA2TP	FN30lu	14.097066	0.01	-19	0	3238	287	WSPR2	323800	148023	WD_3.2.1
2025-11-08 08:06	KF8EEZ	HM28	K6RFT	EM47bg	14.097066	0.01	-27	0	4908	287	WSPR2	490800	112183	WD_3.2.3
2025-11-08 08:06	KF8EEZ	HM28	EA8BFK	IL38bo	14.097068	0.01	-11	0	2240	113	WSPR2	224000	153600	WD_3.3.2-2
2025-11-08 08:06	KF8EEZ	HM28	K4JK	FM07vs	14.097066	0.01	-24	0	3742	283	WSPR2	374200	117606	WD_3.3.2-2
2025-11-08 08:06	KF8EEZ	HM28	K3GMQ-B	FN20lh	14.097065	0.01	-20	0	3414	286	WSPR2	341400	146314	WD_3.3.2-2
2025-11-08 08:06	KF8EEZ	HM28	W2NAF-3	FN21ei	14.097065	0.01	-25	0	3444	288	WSPR2	344400	98400	WD_3.3.2-2
2025-11-08 08:06	KF8EEZ	HM28	KQ2Y	FN31gn	14.097068	0.01	-16	0	3262	288	WSPR2	326200	177080	v1.2.94
2025-11-08 08:26	KF8EEZ	HM38	WZ7I	FN20kk	14.09707	0.01	-18	0	3585	287	WSPR2	358500	174129	CWSL_DIGI
2025-11-08 08:26	KF8EEZ	HM38	N2YCH	FN31jg	14.097065	0.01	-24	0	3411	288	WSPR2	341100	107203	WD_3.3.2-2
2025-11-08 08:26	KF8EEZ	HM38	OE9GHV	JN47wk	14.097068	0.01	-24	0	3582	60	WSPR2	358200	112577	WD_3.2.3-1
2025-11-08 08:26	KF8EEZ	HM38	WA2TP	FN30lu	14.097066	0.01	-19	0	3404	287	WSPR2	340400	155611	WD_3.2.1
2025-11-08 08:26	KF8EEZ	HM38	ON5KQ	JO10os	14.097067	0.01	-28	0	3136	52	WSPR2	313600	62720	WD_3.3.2-2
2025-11-08 08:26	KF8EEZ	HM38	PD0OHW	JO33lc	14.097067	0.01	-21	0	3441	49	WSPR2	344100	137640	WD_3.2.3
2025-11-08 08:26	KF8EEZ	HM38	G4HZX	IO91xk	14.097067	0.01	-25	0	2934	50	WSPR2	293400	83829	WD_3.3.2-1
2025-11-08 08:26	KF8EEZ	HM38	EA8BFK	IL38bo	14.097068	0.01	-11	0	2082	116	WSPR2	208200	142766	WD_3.3.2-2
2025-11-08 08:26	KF8EEZ	HM38	W3OA	EM95mn	14.097	0.01	-24	0	4218	281	WSPR2	421800	132566	CWSL_DIGI
2025-11-08 08:26	KF8EEZ	HM38	OE9XRV	JN47um	14.097068	0.01	-30	0	3569	60	WSPR2	356900	50986	WD_3.3.2-2
2025-11-08 08:26	KF8EEZ	HM38	EA1FAQ	IN71pn	14.097057	0.01	-21	0	2426	73	WSPR2	242600	97040	v1.2.96
2025-11-08 08:26	KF8EEZ	HM38	KC2G	FN21wa	14.097065	0.01	-26	0	3491	288	WSPR2	349100	89769	WD_3.3.2-2
2025-11-08 08:26	KF8EEZ	HM38	GM0DHD	IO85gw	14.09708	0.01	-15	0	2920	39	WSPR2	292000	166857	2.7.0-rc3
2025-11-08 08:26	KF8EEZ	HM38	VE2EBM	FN36lb	14.097066	0.01	-26	0	3359	298	WSPR2	335900	86374	web-888
2025-11-08 08:26	KF8EEZ	HM38	KQ2Y	FN31gn	14.097068	0.01	-21	0	3427	289	WSPR2	342700	137080	v1.2.94
2025-11-08 08:36	KF8EEZ	HM38	KM3T-3	FN42et	14.097033	0.01	-24	0	3262	291	WSPR2	326200	102520	CWSL_DIGI
2025-11-08 08:36	KF8EEZ	HM38	WZ7I	FN20kk	14.097069	0.01	-19	0	3585	287	WSPR2	358500	163886	CWSL_DIGI
2025-11-08 08:36	KF8EEZ	HM38	G4ZFQ	IO90ir	14.097067	0.01	-20	0	2828	51	WSPR2	282800	121200	WD_3.3.2-1
2025-11-08 08:36	KF8EEZ	HM38	WA2TP	FN30lu	14.097065	0.01	-20	0	3404	287	WSPR2	340400	145886	WD_3.2.1
2025-11-08 08:36	KF8EEZ	HM38	ON5KQ	JO10os	14.097066	0.01	-17	0	3136	52	WSPR2	313600	161280	WD_3.3.2-2
2025-11-08 08:36	KF8EEZ	HM38	EA8BFK	IL38bo	14.097067	0.01	-17	-1	2082	116	WSPR2	208200	107074	WD_3.3.2-2
2025-11-08 08:36	KF8EEZ	HM38	LA1ZM	JO38ig	14.097069	0.01	-19	0	3586	39	WSPR2	358600	163931	2.6.1
2025-11-08 08:46	KF8EEZ	HM38	KM3T-3	FN42et	14.097033	0.01	-21	0	3262	291	WSPR2	326200	130480	CWSL_DIGI
2025-11-08 08:46	KF8EEZ	HM38	WZ7I	FN20kk	14.09707	0.01	-21	0	3585	287	WSPR2	358500	143400	CWSL_DIGI
2025-11-08 08:46	KF8EEZ	HM38	N2YCH	FN31jg	14.097065	0.01	-15	0	3411	288	WSPR2	341100	194914	WD_3.3.2-2
2025-11-08 08:46	KF8EEZ	HM38	WA2TP	FN30lu	14.097066	0.01	-20	0	3404	287	WSPR2	340400	145886	WD_3.2.1
2025-11-08 08:46	KF8EEZ	HM38	G4HZX	IO91xk	14.097068	0.01	-27	0	2934	50	WSPR2	293400	67063	WD_3.3.2-1
2025-11-08 08:46	KF8EEZ	HM38	KD2OM	FN12gx	14.097065	0.01	-21	0	3732	292	WSPR2	373200	149280	WD_3.3.2-2
2025-11-08 08:46	KF8EEZ	HM38	EA8BFK	IL38bo	14.097068	0.01	-12	0	2082	116	WSPR2	208200	136817	WD_3.3.2-2
2025-11-08 08:46	KF8EEZ	HM38	W3OA	EM95mn	14.097	0.01	-21	0	4218	281	WSPR2	421800	168720	CWSL_DIGI
2025-11-08 08:46	KF8EEZ	HM38	K4JK	FM07vs	14.097067	0.01	-19	0	3911	283	WSPR2	391100	178789	WD_3.3.2-2
2025-11-08 08:46	KF8EEZ	HM38	N2YCH-1	FN31jg	14.097065	0.01	-20	0	3411	288	WSPR2	341100	146186	WD_3.3.2-2
2025-11-08 08:46	KF8EEZ	HM38	OE9XRV	JN47um	14.097068	0.01	-33	0	3569	60	WSPR2	356900	20394	WD_3.3.2-2
2025-11-08 08:46	KF8EEZ	HM38	KC2G	FN21wa	14.097066	0.01	-25	0	3491	288	WSPR2	349100	99743	WD_3.3.2-2
2025-11-08 08:46	KF8EEZ	HM38	EA1FAQ	IN71pn	14.097057	0.01	-24	0	2426	73	WSPR2	242600	76246	v1.2.96
2025-11-08 08:46	KF8EEZ	HM38	LA1ZM	JO38ig	14.097069	0.01	-30	0	3586	39	WSPR2	358600	51229	2.6.1
2025-11-08 08:46	KF8EEZ	HM38	KQ2Y	FN31gn	14.097068	0.01	-17	0	3427	289	WSPR2	342700	176246	v1.2.94
2025-11-08 08:56	KF8EEZ	HM38	WZ7I	FN20kk	14.097069	0.01	-18	0	3585	287	WSPR2	358500	174129	CWSL_DIGI
2025-11-08 08:56	KF8EEZ	HM38	HB9VQQ/KS	JN47kh	14.097068	0.01	-22	0	3506	60	WSPR2	350600	130223	WD_3.3.2-2
2025-11-08 08:56	KF8EEZ	HM38	VE2EBM	FN36lb	14.097066	0.01	-22	0	3359	298	WSPR2	335900	124763	web-888
2025-11-08 08:56	KF8EEZ	HM38	OE9GHV	JN47wk	14.097068	0.01	-20	0	3582	60	WSPR2	358200	153514	WD_3.2.3-1
2025-11-08 08:56	KF8EEZ	HM38	HB9VQQ	JN47kh	14.097068	0.01	-22	0	3506	60	WSPR2	350600	130223	WD_3.3.2-2
2025-11-08 08:56	KF8EEZ	HM38	N2YCH	FN31jg	14.097064	0.01	-22	0	3411	288	WSPR2	341100	126694	WD_3.3.2-2
2025-11-08 08:56	KF8EEZ	HM38	ON5KQ	JO10os	14.097068	0.01	-20	0	3136	52	WSPR2	313600	134400	WD_3.3.2-2
2025-11-08 08:56	KF8EEZ	HM38	WA2TP	FN30lu	14.097065	0.01	-14	0	3404	287	WSPR2	340400	204240	WD_3.2.1
2025-11-08 08:56	KF8EEZ	HM38	EA8BFK	IL38bo	14.097068	0.01	-7	0	2082	116	WSPR2	208200	166560	WD_3.3.2-2
2025-11-08 08:56	KF8EEZ	HM38	LA1ZM	JO38ig	14.097069	0.01	-23	0	3586	39	WSPR2	358600	122949	2.6.1
2025-11-08 09:06	KF8EEZ	HM38	WZ7I	FN20kk	14.097069	0.01	-18	1	3585	287	WSPR2	358500	174129	CWSL_DIGI
2025-11-08 09:06	KF8EEZ	HM38	DK6UG	JN49cm	14.097067	0.01	-25	0	3469	56	WSPR2	346900	99114	WD_3.2.3
2025-11-08 09:06	KF8EEZ	HM38	G4ZFQ	IO90ir	14.097067	0.01	-16	0	2828	51	WSPR2	282800	153520	WD_3.3.2-1
2025-11-08 09:06	KF8EEZ	HM38	OE9GHV	JN47wk	14.097068	0.01	-21	0	3582	60	WSPR2	358200	143280	WD_3.2.3-1
2025-11-08 09:06	KF8EEZ	HM38	HB9VQQ	JN47kh	14.097068	0.01	-27	0	3506	60	WSPR2	350600	80137	WD_3.3.2-2
2025-11-08 09:06	KF8EEZ	HM38	WA2TP	FN30lu	14.097065	0.01	-22	0	3404	287	WSPR2	340400	126434	WD_3.2.1
2025-11-08 09:06	KF8EEZ	HM38	N2YCH	FN31jg	14.097065	0.01	-24	0	3411	288	WSPR2	341100	107203	WD_3.3.2-2
2025-11-08 09:06	KF8EEZ	HM38	ON5KQ	JO10os	14.097067	0.01	-24	0	3136	52	WSPR2	313600	98560	WD_3.3.2-2
2025-11-08 09:06	KF8EEZ	HM38	HB9VQQ/KS	JN47kh	14.097068	0.01	-27	0	3506	60	WSPR2	350600	80137	WD_3.3.2-2
2025-11-08 09:06	KF8EEZ	HM38	PD0OHW	JO33lc	14.097067	0.01	-27	0	3441	49	WSPR2	344100	78651	WD_3.2.3
2025-11-08 09:06	KF8EEZ	HM38	EA8BFK	IL38bo	14.097068	0.01	-7	0	2082	116	WSPR2	208200	166560	WD_3.3.2-2
2025-11-08 09:06	KF8EEZ	HM38	KD2OM	FN12gx	14.097065	0.01	-26	0	3732	292	WSPR2	373200	95966	WD_3.3.2-2
2025-11-08 09:06	KF8EEZ	HM38	DK4RW/1	JO40oe	14.097068	0.01	-27	0	3547	55	WSPR2	354700	81074	
2025-11-08 09:06	KF8EEZ	HM38	K4JK	FM07vs	14.097066	0.01	-20	0	3911	283	WSPR2	391100	167614	WD_3.3.2-2
2025-11-08 09:06	KF8EEZ	HM38	K3LR	EN91se	14.097066	0.01	-23	1	4010	290	WSPR2	401000	137486	WD_3.3.2-2
2025-11-08 09:06	KF8EEZ	HM38	EA1FAQ	IN71pn	14.097056	0.01	-20	0	2426	73	WSPR2	242600	103971	v1.2.96
2025-11-08 09:06	KF8EEZ	HM38	K3GMQ-B	FN20lh	14.097065	0.01	-25	0	3581	287	WSPR2	358100	102314	WD_3.3.2-2
2025-11-08 09:06	KF8EEZ	HM38	OE9XRV	JN47um	14.097067	0.01	-20	0	3569	60	WSPR2	356900	152957	WD_3.3.2-2
2025-11-08 09:06	KF8EEZ	HM38	KC2G	FN21wa	14.097065	0.01	-28	0	3491	288	WSPR2	349100	69820	WD_3.3.2-2
2025-11-08 09:06	KF8EEZ	HM38	GM0DHD	IO85gw	14.097067	0.01	-18	0	2920	39	WSPR2	292000	141829	2.7.0
2025-11-08 09:06	KF8EEZ	HM38	OZ7IT	JO65df	14.097067	0.01	-28	0	3827	46	WSPR2	382700	76540	2.5.2
2025-11-08 09:06	KF8EEZ	HM38	KQ2Y	FN31gn	14.097068	0.01	-21	0	3427	289	WSPR2	342700	137080	v1.2.94
2025-11-08 09:06	KF8EEZ	HM38	LA1ZM	JO38ig	14.097069	0.01	-15	0	3586	39	WSPR2	358600	204914	2.6.1
2025-11-08 09:06	KF8EEZ	HM38	EA8/G3WPD	IL18nf	14.097068	0.01	-25	1	1880	122	WSPR2	188000	53714	2.6.1
2025-11-08 09:16	KF8EEZ	HM38	WZ7I	FN20kk	14.097069	0.01	-15	0	3585	287	WSPR2	358500	204857	CWSL_DIGI
2025-11-08 09:16	KF8EEZ	HM38	DK6UG	JN49cm	14.097067	0.01	-15	0	3469	56	WSPR2	346900	198229	WD_3.2.3
2025-11-08 09:16	KF8EEZ	HM38	G4ZFQ	IO90ir	14.097067	0.01	-22	-1	2828	51	WSPR2	282800	105040	WD_3.3.2-1
2025-11-08 09:16	KF8EEZ	HM38	ON5KQ	JO10os	14.097067	0.01	-21	-1	3136	52	WSPR2	313600	125440	WD_3.3.2-2
2025-11-08 09:16	KF8EEZ	HM38	WA2TP	FN30lu	14.097065	0.01	-20	0	3404	287	WSPR2	340400	145886	WD_3.2.1
2025-11-08 09:16	KF8EEZ	HM38	OE9XRV	JN47um	14.097067	0.01	-26	0	3569	60	WSPR2	356900	91774	WD_3.3.2-2
2025-11-08 09:16	KF8EEZ	HM38	LA1ZM	JO38ig	14.097069	0.01	-19	0	3586	39	WSPR2	358600	163931	2.6.1
2025-11-08 09:26	KF8EEZ	HM38	WZ7I	FN20kk	14.097069	0.01	-18	0	3585	287	WSPR2	358500	174129	CWSL_DIGI
2025-11-08 09:26	KF8EEZ	HM38	DK6UG	JN49cm	14.097068	0.01	-18	0	3469	56	WSPR2	346900	168494	WD_3.2.3
2025-11-08 09:26	KF8EEZ	HM38	PA0SLT/4	JO33kg	14.097068	0.01	-23	0	3440	48	WSPR2	344000	117943	web-888
2025-11-08 09:26	KF8EEZ	HM38	EI5DPB	IO63rm	14.097068	0.01	-25	0	2617	42	WSPR2	261700	74771	web-888
2025-11-08 09:26	KF8EEZ	HM38	OE9GHV	JN47wk	14.097068	0.01	-26	0	3582	60	WSPR2	358200	92109	WD_3.2.3-1
2025-11-08 09:26	KF8EEZ	HM38	N2YCH	FN31jg	14.097065	0.01	-23	0	3411	288	WSPR2	341100	116949	WD_3.3.2-2
2025-11-08 09:26	KF8EEZ	HM38	DC5AL-R	JO31lk	14.097065	0.01	-21	0	3407	52	WSPR2	340700	136280	
2025-11-08 09:26	KF8EEZ	HM38	G4ZFQ	IO90ir	14.097067	0.01	-26	0	2828	51	WSPR2	282800	72720	WD_3.3.2-1
2025-11-08 09:26	KF8EEZ	HM38	PE0MJX	JO31ai	14.097067	0.01	-23	0	3343	52	WSPR2	334300	114617	WD_3.2.3
2025-11-08 09:26	KF8EEZ	HM38	WA2TP	FN30lu	14.097066	0.01	-19	0	3404	287	WSPR2	340400	155611	WD_3.2.1
2025-11-08 09:26	KF8EEZ	HM38	ON5KQ	JO10os	14.097068	0.01	-20	0	3136	52	WSPR2	313600	134400	WD_3.3.2-2
2025-11-08 09:26	KF8EEZ	HM38	KD2OM	FN12gx	14.097065	0.01	-22	0	3732	292	WSPR2	373200	138617	WD_3.3.2-2
2025-11-08 09:26	KF8EEZ	HM38	PD0OHW	JO33lc	14.097068	0.01	-18	0	3441	49	WSPR2	344100	167134	WD_3.2.3
2025-11-08 09:26	KF8EEZ	HM38	EA8BFK	IL38bo	14.097068	0.01	-6	0	2082	116	WSPR2	208200	172509	WD_3.3.2-2
2025-11-08 09:26	KF8EEZ	HM38	W3OA	EM95mn	14.097	0.01	-22	0	4218	281	WSPR2	421800	156669	CWSL_DIGI
2025-11-08 09:26	KF8EEZ	HM38	G4HZX	IO91xk	14.097068	0.01	-19	0	2934	50	WSPR2	293400	134126	WD_3.3.2-1
2025-11-08 09:26	KF8EEZ	HM38	OE9XRV	JN47um	14.097068	0.01	-24	0	3569	60	WSPR2	356900	112169	WD_3.3.2-2
2025-11-08 09:26	KF8EEZ	HM38	DD5XX	JN48ps	14.097076	0.01	-24	0	3542	57	WSPR2	354200	111320	
2025-11-08 09:26	KF8EEZ	HM38	KJ5HY	FN34fh	14.097066	0.01	-23	0	3404	294	WSPR2	340400	116709	WD_3.3.2-2
2025-11-08 09:26	KF8EEZ	HM38	F4VTQ	JN28ux	14.097071	0.01	-25	0	3283	56	WSPR2	328300	93800	WD_3.3.2-1
2025-11-08 09:26	KF8EEZ	HM38	KQ2Y	FN31gn	14.097068	0.01	-21	0	3427	289	WSPR2	342700	137080	v1.2.94
2025-11-08 09:26	KF8EEZ	HM38	EA8/G3WPD	IL18nf	14.097069	0.01	-27	0	1880	122	WSPR2	188000	42971	2.6.1
2025-11-08 09:26	KF8EEZ	HM38	LA1ZM	JO38ig	14.097069	0.01	-26	0	3586	39	WSPR2	358600	92211	2.6.1
2025-11-08 09:26	KF8EEZ	HM38	GM0DHD	IO85gw	14.097067	0.01	-14	1	2920	39	WSPR2	292000	175200	2.7.0
2025-11-08 09:46	KF8EEZ	HM38	WZ7I	FN20kk	14.097069	0.01	-28	0	3585	287	WSPR2	358500	71700	CWSL_DIGI
2025-11-08 09:46	KF8EEZ	HM38	DK6UG	JN49cm	14.097067	0.01	-22	0	3469	56	WSPR2	346900	128849	WD_3.2.3
2025-11-08 09:46	KF8EEZ	HM38	ON5KQ	JO10os	14.097067	0.01	-24	0	3136	52	WSPR2	313600	98560	WD_3.3.2-2
2025-11-08 09:46	KF8EEZ	HM38	PD0OHW	JO33lc	14.097067	0.01	-30	0	3441	49	WSPR2	344100	49157	WD_3.2.3
2025-11-08 09:46	KF8EEZ	HM38	EA8BFK	IL38bo	14.097067	0.01	-14	0	2082	116	WSPR2	208200	124920	WD_3.3.2-2
2025-11-08 09:46	KF8EEZ	HM38	EA1FAQ	IN71pn	14.097056	0.01	-27	0	2426	73	WSPR2	242600	55451	v1.2.96
2025-11-08 09:46	KF8EEZ	HM38	GM0DHD	IO85gw	14.097066	0.01	-24	0	2920	39	WSPR2	292000	91771	2.7.0
2025-11-08 09:46	KF8EEZ	HM38	KQ2Y	FN31gn	14.097067	0.01	-18	0	3427	289	WSPR2	342700	166454	v1.2.94
2025-11-08 09:46	KF8EEZ	HM38	LA1ZM	JO38ig	14.097068	0.01	-33	0	3586	39	WSPR2	358600	20491	2.6.1
2025-11-08 09:46	KF8EEZ	HM38	EA8/G3WPD	IL18nf	14.097068	0.01	-28	0	1880	122	WSPR2	188000	37600	2.6.1
2025-11-08 10:36	KF8EEZ	HM48	DK6UG	JN49cm	14.097066	0.01	-23	0	3326	55	WSPR2	332600	114034	WD_3.2.3
2025-11-08 10:36	KF8EEZ	HM48	G4ZFQ	IO90ir	14.097066	0.01	-26	0	2694	50	WSPR2	269400	69274	WD_3.3.2-1
2025-11-08 10:36	KF8EEZ	HM48	EA8BFK	IL38bo	14.097066	0.01	-19	-2	1928	120	WSPR2	192800	88137	WD_3.3.2-2
2025-11-09 06:06	KF8EEZ	IN40	EA8BFK	IL38bo	14.097066	0.01	-7	0	1345	192	WSPR2	134500	107600	WD_3.3.2-2
2025-11-09 06:26	KF8EEZ	IN40	DL4ZBE	JO40ba	14.097067	0.01	-22	0	1829	48	WSPR2	182900	67934	WD_3.3.2-1
2025-11-09 06:26	KF8EEZ	IN40	DK6UG	JN49cm	14.097066	0.01	-22	-1	1809	50	WSPR2	180900	67191	WD_3.2.3
2025-11-09 06:26	KF8EEZ	IN40	HB9VQQ/KE	JN47kh	14.097067	0.01	-17	0	1761	58	WSPR2	176100	90566	WD_3.3.2-2
2025-11-09 06:26	KF8EEZ	IN40	HB9VQQ/RE	JN47kh	14.097072	0.01	-16	0	1761	58	WSPR2	176100	95597	WD_3.3.2-2
2025-11-09 06:26	KF8EEZ	IN40	HB9VQQ/RL	JN47kh	14.097068	0.01	-21	0	1761	58	WSPR2	176100	70440	WD_3.3.2-2
2025-11-09 06:26	KF8EEZ	IN40	DG3SDK	JN48pr	14.097068	0.01	-18	0	1844	53	WSPR2	184400	89566	1.4A Kiwi
2025-11-09 06:26	KF8EEZ	IN40	HB9VQQ	JN47kh	14.097072	0.01	-16	0	1761	58	WSPR2	176100	95597	WD_3.3.2-2
2025-11-09 06:26	KF8EEZ	IN40	G4WNC	IO90cu	14.097067	0.01	-20	0	1357	29	WSPR2	135700	58157	web-888
2025-11-09 06:26	KF8EEZ	IN40	G4ZFQ	IO90ir	14.097066	0.01	-21	0	1366	30	WSPR2	136600	54640	WD_3.3.2-1
2025-11-09 06:26	KF8EEZ	IN40	PA5KT-15	JO11wl	14.097071	0.01	-20	0	1674	38	WSPR2	167400	71743	CWSL_DIGI
2025-11-09 06:26	KF8EEZ	IN40	OE9GHV	JN47wk	14.097067	0.01	-17	0	1837	58	WSPR2	183700	94474	WD_3.2.3-1
2025-11-09 06:26	KF8EEZ	IN40	PE0MJX	JO31ai	14.097066	0.01	-16	0	1783	42	WSPR2	178300	96791	WD_3.2.3
2025-11-09 06:26	KF8EEZ	IN40	DC5AL-R	JO31lk	14.097061	0.01	-19	0	1841	43	WSPR2	184100	84160	
2025-11-09 06:26	KF8EEZ	IN40	ON5KQ	JO10os	14.097066	0.01	-9	0	1588	39	WSPR2	158800	117966	WD_3.3.2-2
2025-11-09 06:26	KF8EEZ	IN40	WD4ELG	FM06be	14.097066	0.01	-26	0	5868	289	WSPR2	586800	150891	WD_3.3.2-1
2025-11-09 06:26	KF8EEZ	IN40	WZ7I	FN20kk	14.09707	0.01	-25	0	5295	292	WSPR2	529500	151286	CWSL_DIGI
2025-11-09 06:26	KF8EEZ	IN40	PD0OHW	JO33lc	14.097066	0.01	-16	0	1951	38	WSPR2	195100	105911	WD_3.2.3
2025-11-09 06:26	KF8EEZ	IN40	G4HZX	IO91xk	14.097067	0.01	-14	0	1482	31	WSPR2	148200	88920	WD_3.3.2-1
2025-11-09 06:26	KF8EEZ	IN40	HB9GZW	JN47bj	14.097165	0.01	-15	0	1710	57	WSPR2	171000	97714	WD_3.1.7
2025-11-09 06:26	KF8EEZ	IN40	WA2TP	FN30lu	14.097066	0.01	-23	0	5114	292	WSPR2	511400	175337	WD_3.2.1
2025-11-09 06:26	KF8EEZ	IN40	EA8BFK	IL38bo	14.09707	0.01	-9	0	1345	192	WSPR2	134500	99914	WD_3.3.2-2
2025-11-09 06:26	KF8EEZ	IN40	F4VTQ	JN28ux	14.097071	0.01	-16	0	1620	49	WSPR2	162000	87943	WD_3.3.2-1
2025-11-09 06:26	KF8EEZ	IN40	PI4THT	JO32kf	14.097078	0.01	-13	0	1887	40	WSPR2	188700	118611	0.6
2025-11-09 06:26	KF8EEZ	IN40	HB9TMC	JN46lj	14.097067	0.01	-17	0	1738	61	WSPR2	173800	89383	WD_3.2.3
2025-11-09 06:26	KF8EEZ	IN40	OE9XRV	JN47um	14.097067	0.01	-20	-1	1828	58	WSPR2	182800	78343	WD_3.3.2-2
2025-11-09 06:26	KF8EEZ	IN40	DD5XX	JN48ps	14.097078	0.01	-12	0	1846	53	WSPR2	184600	121309	
2025-11-09 06:26	KF8EEZ	IN40	DL2ZZ	JO31lo	14.097067	0.01	-20	0	1851	42	WSPR2	185100	79329	
2025-11-09 06:26	KF8EEZ	IN40	F4VTQ/F	JN28ux	14.097084	0.01	-23	1	1620	49	WSPR2	162000	55543	v1.2.2
2025-11-09 06:26	KF8EEZ	IN40	G0IDE	IO83pq	14.097064	0.01	-24	0	1596	20	WSPR2	159600	50160	2.6.1
2025-11-09 06:26	KF8EEZ	IN40	DO1TLP	JO50qb	14.097073	0.01	-21	0	2041	51	WSPR2	204100	81640	v1.2.97
2025-11-09 06:26	KF8EEZ	IN40	GM0DHD	IO85gw	14.097067	0.01	-14	0	1806	15	WSPR2	180600	108360	2.7.0
2025-11-09 06:26	KF8EEZ	IN40	G4WPD	IO91sk	14.097064	0.01	-25	0	1464	30	WSPR2	146400	41829	2.7.0
2025-11-09 06:26	KF8EEZ	IN40	G0SYI	IO81ql	14.097057	0.01	-19	0	1383	25	WSPR2	138300	63223	2.7.0
2025-11-09 06:26	KF8EEZ	IN40	G0FCH	IO91cn	14.097065	0.01	-26	0	1422	27	WSPR2	142200	36566	2.7.0
2025-11-09 06:26	KF8EEZ	IN40	F5TIL	JN36gc	14.097069	0.01	-19	0	1550	60	WSPR2	155000	70857	2.7.0
2025-11-09 06:36	KF8EEZ	IN40	DK6UG	JN49cm	14.097067	0.01	-20	0	1809	50	WSPR2	180900	77529	WD_3.2.3
2025-11-09 06:36	KF8EEZ	IN40	HB9VQQ/KE	JN47kh	14.097067	0.01	-22	0	1761	58	WSPR2	176100	65409	WD_3.3.2-2
2025-11-09 06:36	KF8EEZ	IN40	HB9VQQ/RE	JN47kh	14.097072	0.01	-22	0	1761	58	WSPR2	176100	65409	WD_3.3.2-2
2025-11-09 06:36	KF8EEZ	IN40	DL4ZBE	JO40ba	14.097067	0.01	-21	0	1829	48	WSPR2	182900	73160	WD_3.3.2-1
2025-11-09 06:36	KF8EEZ	IN40	G4ZFQ	IO90ir	14.097067	0.01	-18	0	1366	30	WSPR2	136600	66349	WD_3.3.2-1
2025-11-09 06:36	KF8EEZ	IN40	HB9VQQ	JN47kh	14.097067	0.01	-22	0	1761	58	WSPR2	176100	65409	WD_3.3.2-2
2025-11-09 06:36	KF8EEZ	IN40	DG3SDK	JN48pr	14.097068	0.01	-19	0	1844	53	WSPR2	184400	84297	1.4A Kiwi
2025-11-09 06:36	KF8EEZ	IN40	OE9GHV	JN47wk	14.097068	0.01	-24	0	1837	58	WSPR2	183700	57734	WD_3.2.3-1
2025-11-09 06:36	KF8EEZ	IN40	DC5AL-R	JO31lk	14.09706	0.01	-23	-2	1841	43	WSPR2	184100	63120	
2025-11-09 06:36	KF8EEZ	IN40	ON5KQ	JO10os	14.097067	0.01	-17	0	1588	39	WSPR2	158800	81669	WD_3.3.2-2
2025-11-09 06:36	KF8EEZ	IN40	PA5KT-15	JO11wl	14.097072	0.01	-24	0	1674	38	WSPR2	167400	52611	CWSL_DIGI
2025-11-09 06:36	KF8EEZ	IN40	PE0MJX	JO31ai	14.097067	0.01	-31	0	1783	42	WSPR2	178300	20377	WD_3.2.3
2025-11-09 06:36	KF8EEZ	IN40	HB9GZW	JN47bj	14.097165	0.01	-28	0	1710	57	WSPR2	171000	34200	WD_3.1.7
2025-11-09 06:36	KF8EEZ	IN40	PD0OHW	JO33lc	14.097067	0.01	-16	0	1951	38	WSPR2	195100	105911	WD_3.2.3
2025-11-09 06:36	KF8EEZ	IN40	G4HZX	IO91xk	14.097067	0.01	-20	0	1482	31	WSPR2	148200	63514	WD_3.3.2-1
2025-11-09 06:36	KF8EEZ	IN40	OE9XRV	JN47um	14.097067	0.01	-23	0	1828	58	WSPR2	182800	62674	WD_3.3.2-2
2025-11-09 06:36	KF8EEZ	IN40	PI4THT	JO32kf	14.097079	0.01	-27	0	1887	40	WSPR2	188700	43131	0.6
2025-11-09 06:36	KF8EEZ	IN40	EA8BFK	IL38bo	14.09707	0.01	-16	-1	1345	192	WSPR2	134500	73014	WD_3.3.2-2
2025-11-09 06:36	KF8EEZ	IN40	F4VTQ	JN28ux	14.097071	0.01	-24	0	1620	49	WSPR2	162000	50914	WD_3.3.2-1
2025-11-09 06:36	KF8EEZ	IN40	G4LCM	IO81xv	14.097068	0.01	-23	0	1444	25	WSPR2	144400	49509	1.4A Kiwi
2025-11-09 06:36	KF8EEZ	IN40	GM0DHD	IO85gw	14.097067	0.01	-26	-1	1806	15	WSPR2	180600	46440	2.7.0
2025-11-09 06:36	KF8EEZ	IN40	G0FCH	IO91cn	14.097065	0.01	-27	0	1422	27	WSPR2	142200	32503	2.7.0
2025-11-09 06:36	KF8EEZ	IN40	G0IDE	IO83pq	14.097064	0.01	-30	0	1596	20	WSPR2	159600	22800	2.6.1
2025-11-09 06:36	KF8EEZ	IN40	G4WPD	IO91sk	14.097064	0.01	-24	0	1464	30	WSPR2	146400	46011	2.7.0
2025-11-09 06:36	KF8EEZ	IN40	G0SYI	IO81ql	14.097056	0.01	-28	-3	1383	25	WSPR2	138300	27660	2.7.0
2025-11-09 06:46	KF8EEZ	IN40	DK6UG	JN49cm	14.097067	0.01	-32	-1	1809	50	WSPR2	180900	15506	WD_3.2.3
2025-11-09 06:46	KF8EEZ	IN40	HB9VQQ	JN47kh	14.097067	0.01	-27	-1	1761	58	WSPR2	176100	40251	WD_3.3.2-2
2025-11-09 06:46	KF8EEZ	IN40	OE9GHV	JN47wk	14.097067	0.01	-22	0	1837	58	WSPR2	183700	68231	WD_3.2.3-1
2025-11-09 06:46	KF8EEZ	IN40	HB9VQQ/KE	JN47kh	14.097067	0.01	-27	-1	1761	58	WSPR2	176100	40251	WD_3.3.2-2
2025-11-09 06:46	KF8EEZ	IN40	PA5KT-15	JO11wl	14.097072	0.01	-26	0	1674	38	WSPR2	167400	43046	CWSL_DIGI
2025-11-09 06:46	KF8EEZ	IN40	PD0OHW	JO33lc	14.097067	0.01	-18	0	1951	38	WSPR2	195100	94763	WD_3.2.3
2025-11-09 06:46	KF8EEZ	IN40	ON5KQ	JO10os	14.097067	0.01	-16	-1	1588	39	WSPR2	158800	86206	WD_3.3.2-2
2025-11-09 06:46	KF8EEZ	IN40	HB9GZW	JN47bj	14.097165	0.01	-17	-2	1710	57	WSPR2	171000	87943	WD_3.1.7
2025-11-09 06:46	KF8EEZ	IN40	EA8BFK	IL38bo	14.097067	0.01	-8	0	1345	192	WSPR2	134500	103757	WD_3.3.2-2
2025-11-09 06:46	KF8EEZ	IN40	WA2TP	FN30lu	14.097067	0.01	-26	0	5114	292	WSPR2	511400	131503	WD_3.2.1
2025-11-09 06:46	KF8EEZ	IN40	WZ7I	FN20kk	14.097069	0.01	-24	-1	5295	292	WSPR2	529500	166414	CWSL_DIGI
2025-11-09 07:06	KF8EEZ	IN40	HB9VQQ/RE	JN47kh	14.097072	0.01	-24	-1	1761	58	WSPR2	176100	55346	WD_3.3.2-2
2025-11-09 07:06	KF8EEZ	IN40	G4ZFQ	IO90ir	14.097067	0.01	-19	0	1366	30	WSPR2	136600	62446	WD_3.3.2-1
2025-11-09 07:06	KF8EEZ	IN40	DG3SDK	JN48pr	14.097068	0.01	-18	0	1844	53	WSPR2	184400	89566	1.4A Kiwi
2025-11-09 07:06	KF8EEZ	IN40	HB9VQQ	JN47kh	14.097068	0.01	-12	0	1761	58	WSPR2	176100	115723	WD_3.3.2-2
2025-11-09 07:06	KF8EEZ	IN40	DF7PNX	JN49av	14.097068	0.01	-24	0	1817	48	WSPR2	181700	57106	1.4A Kiwi
2025-11-09 07:06	KF8EEZ	IN40	OE9GHV	JN47wk	14.097067	0.01	-23	0	1837	58	WSPR2	183700	62983	WD_3.2.3-1
2025-11-09 07:06	KF8EEZ	IN40	WZ7I	FN20kk	14.09707	0.01	-23	0	5295	292	WSPR2	529500	181543	CWSL_DIGI
2025-11-09 07:06	KF8EEZ	IN40	HB9VQQ/RS	JN47kh	14.097069	0.01	-12	0	1761	58	WSPR2	176100	115723	WD_3.3.2-2
2025-11-09 07:06	KF8EEZ	IN40	PE0MJX	JO31ai	14.097067	0.01	-23	0	1783	42	WSPR2	178300	61131	WD_3.2.3
2025-11-09 07:06	KF8EEZ	IN40	PA5KT-15	JO11wl	14.097073	0.01	-23	0	1674	38	WSPR2	167400	57394	CWSL_DIGI
2025-11-09 07:06	KF8EEZ	IN40	ON5KQ	JO10os	14.097068	0.01	-22	0	1588	39	WSPR2	158800	58983	WD_3.3.2-2
2025-11-09 07:06	KF8EEZ	IN40	HB9VQQ/KS	JN47kh	14.097068	0.01	-12	0	1761	58	WSPR2	176100	115723	WD_3.3.2-2
2025-11-09 07:06	KF8EEZ	IN40	HB9VQQ/KE	JN47kh	14.097068	0.01	-22	0	1761	58	WSPR2	176100	65409	WD_3.3.2-2
2025-11-09 07:06	KF8EEZ	IN40	G4HZX	IO91xk	14.097067	0.01	-20	0	1482	31	WSPR2	148200	63514	WD_3.3.2-1
2025-11-09 07:06	KF8EEZ	IN40	HB9GZW	JN47bj	14.097166	0.01	-23	0	1710	57	WSPR2	171000	58629	WD_3.1.7
2025-11-09 07:06	KF8EEZ	IN40	WA2TP	FN30lu	14.097066	0.01	-19	0	5114	292	WSPR2	511400	233783	WD_3.2.1
2025-11-09 07:06	KF8EEZ	IN40	OE9XRV	JN47um	14.097067	0.01	-22	-1	1828	58	WSPR2	182800	67897	WD_3.3.2-2
2025-11-09 07:06	KF8EEZ	IN40	F4VTQ	JN28ux	14.097071	0.01	-21	0	1620	49	WSPR2	162000	64800	WD_3.3.2-1
2025-11-09 07:06	KF8EEZ	IN40	DL2ZZ	JO31lo	14.097067	0.01	-20	0	1851	42	WSPR2	185100	79329	
2025-11-09 07:06	KF8EEZ	IN40	DD5XX	JN48ps	14.097079	0.01	-20	0	1846	53	WSPR2	184600	79114	
2025-11-09 07:06	KF8EEZ	IN40	EA2RCF	IN82pu	14.097065	0.01	-22	0	740	66	WSPR2	74000	27486	
2025-11-09 07:06	KF8EEZ	IN40	EA8BFK	IL38bo	14.097067	0.01	-12	0	1345	192	WSPR2	134500	88386	WD_3.3.2-2
2025-11-09 07:06	KF8EEZ	IN40	GM0DHD	IO85gw	14.097067	0.01	-13	0	1806	15	WSPR2	180600	113520	2.7.0
2025-11-09 07:06	KF8EEZ	IN40	G0FCH	IO91cn	14.097065	0.01	-22	0	1422	27	WSPR2	142200	52817	2.7.0
2025-11-09 07:06	KF8EEZ	IN40	G0SYI	IO81ql	14.097057	0.01	-19	0	1383	25	WSPR2	138300	63223	2.7.0
2025-11-09 07:06	KF8EEZ	IN40	G4WPD	IO91sk	14.097064	0.01	-27	0	1464	30	WSPR2	146400	33463	2.7.0
2025-11-09 07:06	KF8EEZ	IN40	KQ2Y	FN31gn	14.097069	0.01	-21	0	5119	293	WSPR2	511900	204760	v1.2.94
2025-11-09 07:16	KF8EEZ	IN40	WZ7I	FN20kk	14.09707	0.01	-26	0	5295	292	WSPR2	529500	136157	CWSL_DIGI
2025-11-09 07:16	KF8EEZ	IN40	OE9GHV	JN47wk	14.097067	0.01	-26	0	1837	58	WSPR2	183700	47237	WD_3.2.3-1
2025-11-09 07:16	KF8EEZ	IN40	DK6UG	JN49cm	14.097067	0.01	-24	0	1809	50	WSPR2	180900	56854	WD_3.2.3
2025-11-09 07:16	KF8EEZ	IN40	DL4ZBE	JO40ba	14.097067	0.01	-29	0	1829	48	WSPR2	182900	31354	WD_3.3.2-1
2025-11-09 07:16	KF8EEZ	IN40	HB9VQQ/KE	JN47kh	14.097067	0.01	-24	0	1761	58	WSPR2	176100	55346	WD_3.3.2-2
2025-11-09 07:16	KF8EEZ	IN40	HB9VQQ/RE	JN47kh	14.097072	0.01	-24	0	1761	58	WSPR2	176100	55346	WD_3.3.2-2
2025-11-09 07:16	KF8EEZ	IN40	G4ZFQ	IO90ir	14.097067	0.01	-33	0	1366	30	WSPR2	136600	7806	WD_3.3.2-1
2025-11-09 07:16	KF8EEZ	IN40	HB9VQQ	JN47kh	14.097067	0.01	-19	0	1761	58	WSPR2	176100	80503	WD_3.3.2-2
2025-11-09 07:16	KF8EEZ	IN40	PA5KT-15	JO11wl	14.097073	0.01	-26	0	1674	38	WSPR2	167400	43046	CWSL_DIGI
2025-11-09 07:16	KF8EEZ	IN40	PE0MJX	JO31ai	14.097067	0.01	-28	0	1783	42	WSPR2	178300	35660	WD_3.2.3
2025-11-09 07:16	KF8EEZ	IN40	HB9VQQ/RS	JN47kh	14.097069	0.01	-19	0	1761	58	WSPR2	176100	80503	WD_3.3.2-2
2025-11-09 07:16	KF8EEZ	IN40	ON5KQ	JO10os	14.097067	0.01	-17	0	1588	39	WSPR2	158800	81669	WD_3.3.2-2
2025-11-09 07:16	KF8EEZ	IN40	WA2TP	FN30lu	14.097066	0.01	-25	0	5114	292	WSPR2	511400	146114	WD_3.2.1
2025-11-09 07:16	KF8EEZ	IN40	HB9VQQ/KS	JN47kh	14.097067	0.01	-19	0	1761	58	WSPR2	176100	80503	WD_3.3.2-2
2025-11-09 07:16	KF8EEZ	IN40	EA2RCF	IN82pu	14.097064	0.01	-22	0	740	66	WSPR2	74000	27486	
2025-11-09 07:16	KF8EEZ	IN40	PD0OHW	JO33lc	14.097067	0.01	-29	0	1951	38	WSPR2	195100	33446	WD_3.2.3
2025-11-09 07:16	KF8EEZ	IN40	PI4THT	JO32kf	14.097079	0.01	-32	0	1887	40	WSPR2	188700	16174	0.6
2025-11-09 07:16	KF8EEZ	IN40	G4HZX	IO91xk	14.097067	0.01	-28	0	1482	31	WSPR2	148200	29640	WD_3.3.2-1
2025-11-09 07:16	KF8EEZ	IN40	HB9GZW	JN47bj	14.097165	0.01	-30	0	1710	57	WSPR2	171000	24429	WD_3.1.7
2025-11-09 07:16	KF8EEZ	IN40	DK4RW/1	JO40oe	14.097066	0.01	-24	0	1906	49	WSPR2	190600	59903	
2025-11-09 07:16	KF8EEZ	IN40	OE9XRV	JN47um	14.097067	0.01	-28	0	1828	58	WSPR2	182800	36560	WD_3.3.2-2
2025-11-09 07:16	KF8EEZ	IN40	F4VTQ	JN28ux	14.097071	0.01	-26	0	1620	49	WSPR2	162000	41657	WD_3.3.2-1
2025-11-09 07:16	KF8EEZ	IN40	EA8BFK	IL38bo	14.097067	0.01	-15	0	1345	192	WSPR2	134500	76857	WD_3.3.2-2
2025-11-09 07:16	KF8EEZ	IN40	DD5XX	JN48ps	14.097079	0.01	-28	0	1846	53	WSPR2	184600	36920	
2025-11-09 07:16	KF8EEZ	IN40	PI4RSZ	JO21hp	14.097118	0.01	-25	0	1726	39	WSPR2	172600	49314	WD_3.3.2-1
2025-11-09 07:16	KF8EEZ	IN40	DL2ZZ	JO31lo	14.097067	0.01	-27	-1	1851	42	WSPR2	185100	42309	
2025-11-09 07:16	KF8EEZ	IN40	EA3IXC	JN01	14.097066	0.01	-25	0	1013	80	WSPR2	101300	28943	2.7.0
2025-11-09 07:16	KF8EEZ	IN40	DL3EL	JO40hd	14.097092	0.01	-25	0	1867	48	WSPR2	186700	53343	SparkSDR
2025-11-09 07:16	KF8EEZ	IN40	DG1AW	JN49	14.097067	0.01	-24	0	1856	51	WSPR2	185600	58331	2.7.0
2025-11-09 07:16	KF8EEZ	IN40	G4WPD	IO91sk	14.097064	0.01	-26	0	1464	30	WSPR2	146400	37646	2.7.0
2025-11-09 07:16	KF8EEZ	IN40	OZ7IT	JO65df	14.097067	0.01	-27	0	2371	38	WSPR2	237100	54194	2.5.2
2025-11-09 07:16	KF8EEZ	IN40	G0SYI	IO81ql	14.097057	0.01	-31	0	1383	25	WSPR2	138300	15806	2.7.0
2025-11-09 07:16	KF8EEZ	IN40	G0FCH	IO91cn	14.097065	0.01	-31	0	1422	27	WSPR2	142200	16251	2.7.0
2025-11-09 07:26	KF8EEZ	IN40	WZ7I	FN20kk	14.097069	0.01	-24	0	5295	292	WSPR2	529500	166414	CWSL_DIGI
2025-11-09 07:26	KF8EEZ	IN40	DK6UG	JN49cm	14.097066	0.01	-16	0	1809	50	WSPR2	180900	98203	WD_3.2.3
2025-11-09 07:26	KF8EEZ	IN40	HB9VQQ/RE	JN47kh	14.097071	0.01	-25	0	1761	58	WSPR2	176100	50314	WD_3.3.2-2
2025-11-09 07:26	KF8EEZ	IN40	HB9VQQ/RL	JN47kh	14.097067	0.01	-24	0	1761	58	WSPR2	176100	55346	WD_3.3.2-2
2025-11-09 07:26	KF8EEZ	IN40	HB9VQQ	JN47kh	14.097067	0.01	-19	0	1761	58	WSPR2	176100	80503	WD_3.3.2-2
2025-11-09 07:26	KF8EEZ	IN40	DL4ZBE	JO40ba	14.097068	0.01	-22	0	1829	48	WSPR2	182900	67934	WD_3.3.2-1
2025-11-09 07:26	KF8EEZ	IN40	G4ZFQ	IO90ir	14.097066	0.01	-24	0	1366	30	WSPR2	136600	42931	WD_3.3.2-1
2025-11-09 07:26	KF8EEZ	IN40	HB9VQQ/RS	JN47kh	14.097068	0.01	-19	0	1761	58	WSPR2	176100	80503	WD_3.3.2-2
2025-11-09 07:26	KF8EEZ	IN40	DG3SDK	JN48pr	14.097067	0.01	-24	0	1844	53	WSPR2	184400	57954	1.4A Kiwi
2025-11-09 07:26	KF8EEZ	IN40	OE9GHV	JN47wk	14.097067	0.01	-25	0	1837	58	WSPR2	183700	52486	WD_3.2.3-1
2025-11-09 07:26	KF8EEZ	IN40	PA5KT-15	JO11wl	14.097072	0.01	-23	-1	1674	38	WSPR2	167400	57394	CWSL_DIGI
2025-11-09 07:26	KF8EEZ	IN40	HB9VQQ/KS	JN47kh	14.097067	0.01	-19	0	1761	58	WSPR2	176100	80503	WD_3.3.2-2
2025-11-09 07:26	KF8EEZ	IN40	ON5KQ	JO10os	14.097067	0.01	-16	0	1588	39	WSPR2	158800	86206	WD_3.3.2-2
2025-11-09 07:26	KF8EEZ	IN40	HB9VQQ/KE	JN47kh	14.097067	0.01	-25	0	1761	58	WSPR2	176100	50314	WD_3.3.2-2
2025-11-09 07:26	KF8EEZ	IN40	WA2TP	FN30lu	14.097066	0.01	-22	0	5114	292	WSPR2	511400	189949	WD_3.2.1
2025-11-09 07:26	KF8EEZ	IN40	DD5XX	JN48ps	14.097079	0.01	-24	0	1846	53	WSPR2	184600	58017	
2025-11-09 07:26	KF8EEZ	IN40	HB9GZW	JN47bj	14.097165	0.01	-31	0	1710	57	WSPR2	171000	19543	WD_3.1.7
2025-11-09 07:26	KF8EEZ	IN40	F4VTQ	JN28ux	14.09707	0.01	-20	0	1620	49	WSPR2	162000	69429	WD_3.3.2-1
2025-11-09 07:26	KF8EEZ	IN40	EA2RCF	IN82pu	14.097064	0.01	-26	0	740	66	WSPR2	74000	19029	
2025-11-09 07:26	KF8EEZ	IN40	G4WPD	IO91sk	14.097063	0.01	-23	0	1464	30	WSPR2	146400	50194	2.7.0
2025-11-09 07:26	KF8EEZ	IN40	G0SYI	IO81ql	14.097056	0.01	-25	0	1383	25	WSPR2	138300	39514	2.7.0
2025-11-09 07:26	KF8EEZ	IN40	G0FCH	IO91cn	14.097064	0.01	-27	0	1422	27	WSPR2	142200	32503	2.7.0
2025-11-09 07:36	KF8EEZ	IN40	WZ7I	FN20kk	14.09707	0.01	-29	0	5295	292	WSPR2	529500	90771	CWSL_DIGI
2025-11-09 07:36	KF8EEZ	IN40	G4ZFQ	IO90ir	14.097067	0.01	-20	0	1366	30	WSPR2	136600	58543	WD_3.3.2-1
2025-11-09 07:36	KF8EEZ	IN40	HB9VQQ/KE	JN47kh	14.097067	0.01	-24	0	1761	58	WSPR2	176100	55346	WD_3.3.2-2
2025-11-09 07:36	KF8EEZ	IN40	DL4ZBE	JO40ba	14.097067	0.01	-26	0	1829	48	WSPR2	182900	47031	WD_3.3.2-1
2025-11-09 07:36	KF8EEZ	IN40	HB9VQQ/RE	JN47kh	14.097072	0.01	-25	0	1761	58	WSPR2	176100	50314	WD_3.3.2-2
2025-11-09 07:36	KF8EEZ	IN40	DG3SDK	JN48pr	14.097068	0.01	-23	0	1844	53	WSPR2	184400	63223	1.4A Kiwi
2025-11-09 07:36	KF8EEZ	IN40	G4LCM	IO81xv	14.097068	0.01	-24	0	1444	25	WSPR2	144400	45383	1.4A Kiwi
2025-11-09 07:36	KF8EEZ	IN40	G4WNC	IO90cu	14.097067	0.01	-23	0	1357	29	WSPR2	135700	46526	web-888
2025-11-09 07:36	KF8EEZ	IN40	HB9VQQ	JN47kh	14.097069	0.01	-19	0	1761	58	WSPR2	176100	80503	WD_3.3.2-2
2025-11-09 07:36	KF8EEZ	IN40	OE9GHV	JN47wk	14.097067	0.01	-25	0	1837	58	WSPR2	183700	52486	WD_3.2.3-1
2025-11-09 07:36	KF8EEZ	IN40	EA2RCF	IN82pu	14.097064	0.01	-22	0	740	66	WSPR2	74000	27486	
2025-11-09 07:36	KF8EEZ	IN40	HB9VQQ/RS	JN47kh	14.097069	0.01	-19	0	1761	58	WSPR2	176100	80503	WD_3.3.2-2
2025-11-09 07:36	KF8EEZ	IN40	HB9VQQ/KS	JN47kh	14.097067	0.01	-20	0	1761	58	WSPR2	176100	75471	WD_3.3.2-2
2025-11-09 07:36	KF8EEZ	IN40	PE0MJX	JO31ai	14.097067	0.01	-24	0	1783	42	WSPR2	178300	56037	WD_3.2.3
2025-11-09 07:36	KF8EEZ	IN40	ON5KQ	JO10os	14.097067	0.01	-13	0	1588	39	WSPR2	158800	99817	WD_3.3.2-2
2025-11-09 07:36	KF8EEZ	IN40	WA2TP	FN30lu	14.097066	0.01	-27	0	5114	292	WSPR2	511400	116891	WD_3.2.1
2025-11-09 07:36	KF8EEZ	IN40	PA5KT-15	JO11wl	14.097072	0.01	-21	0	1674	38	WSPR2	167400	66960	CWSL_DIGI
2025-11-09 07:36	KF8EEZ	IN40	PD0OHW	JO33lc	14.097067	0.01	-23	0	1951	38	WSPR2	195100	66891	WD_3.2.3
2025-11-09 07:36	KF8EEZ	IN40	DK4RW/1	JO40oe	14.097066	0.01	-24	0	1906	49	WSPR2	190600	59903	
2025-11-09 07:36	KF8EEZ	IN40	HB9GZW	JN47bj	14.097165	0.01	-30	0	1710	57	WSPR2	171000	24429	WD_3.1.7
2025-11-09 07:36	KF8EEZ	IN40	F4VTQ	JN28ux	14.097071	0.01	-24	0	1620	49	WSPR2	162000	50914	WD_3.3.2-1
2025-11-09 07:36	KF8EEZ	IN40	G4HZX	IO91xk	14.097067	0.01	-24	0	1482	31	WSPR2	148200	46577	WD_3.3.2-1
2025-11-09 07:36	KF8EEZ	IN40	OE9XRV	JN47um	14.097067	0.01	-24	0	1828	58	WSPR2	182800	57451	WD_3.3.2-2
2025-11-09 07:36	KF8EEZ	IN40	DD5XX	JN48ps	14.097079	0.01	-25	0	1846	53	WSPR2	184600	52743	
2025-11-09 07:36	KF8EEZ	IN40	PI4RSZ	JO21hp	14.097118	0.01	-27	0	1726	39	WSPR2	172600	39451	WD_3.3.2-1
2025-11-09 07:36	KF8EEZ	IN40	DO1TLP	JO50qb	14.097073	0.01	-24	0	2041	51	WSPR2	204100	64146	v1.2.97
2025-11-09 07:36	KF8EEZ	IN40	M1FHB	IO81xg	14.097068	0.01	-27	0	1385	27	WSPR2	138500	31657	2.6.1
2025-11-09 07:36	KF8EEZ	IN40	GM0DHD	IO85gw	14.097078	0.01	-17	0	1806	15	WSPR2	180600	92880	2.7.0-rc3
2025-11-09 07:36	KF8EEZ	IN40	LA1ZM	JO38ig	14.097068	0.01	-24	0	2343	26	WSPR2	234300	73637	2.6.1
2025-11-09 07:36	KF8EEZ	IN40	G4WPD	IO91sk	14.097064	0.01	-27	0	1464	30	WSPR2	146400	33463	2.7.0
2025-11-09 07:36	KF8EEZ	IN40	G0FCH	IO91cn	14.097065	0.01	-22	0	1422	27	WSPR2	142200	52817	2.7.0
2025-11-09 07:36	KF8EEZ	IN40	G0SYI	IO81ql	14.097057	0.01	-24	0	1383	25	WSPR2	138300	43466	2.7.0
2025-11-09 07:56	KF8EEZ	IN40	WZ7I	FN20kk	14.097069	0.01	-27	0	5295	292	WSPR2	529500	121029	CWSL_DIGI
2025-11-09 07:56	KF8EEZ	IN40	HB9VQQ/RL	JN47kh	14.097067	0.01	-24	0	1761	58	WSPR2	176100	55346	WD_3.3.2-2
2025-11-09 07:56	KF8EEZ	IN40	HB9VQQ	JN47kh	14.097067	0.01	-17	0	1761	58	WSPR2	176100	90566	WD_3.3.2-2
2025-11-09 07:56	KF8EEZ	IN40	HB9VQQ/RS	JN47kh	14.097067	0.01	-17	0	1761	58	WSPR2	176100	90566	WD_3.3.2-2
2025-11-09 07:56	KF8EEZ	IN40	G4ZFQ	IO90ir	14.097065	0.01	-22	0	1366	30	WSPR2	136600	50737	WD_3.3.2-1
2025-11-09 07:56	KF8EEZ	IN40	HB9VQQ/KS	JN47kh	14.097066	0.01	-18	0	1761	58	WSPR2	176100	85534	WD_3.3.2-2
2025-11-09 07:56	KF8EEZ	IN40	HB9VQQ/KE	JN47kh	14.097066	0.01	-22	0	1761	58	WSPR2	176100	65409	WD_3.3.2-2
2025-11-09 07:56	KF8EEZ	IN40	PA5KT-15	JO11wl	14.097073	0.01	-22	0	1674	38	WSPR2	167400	62177	CWSL_DIGI
2025-11-09 07:56	KF8EEZ	IN40	HB9VQQ/RE	JN47kh	14.09707	0.01	-22	0	1761	58	WSPR2	176100	65409	WD_3.3.2-2
2025-11-09 07:56	KF8EEZ	IN40	WA2TP	FN30lu	14.097065	0.01	-23	0	5114	292	WSPR2	511400	175337	WD_3.2.1
2025-11-09 07:56	KF8EEZ	IN40	DD5XX	JN48ps	14.097079	0.01	-20	0	1846	53	WSPR2	184600	79114	
2025-11-09 07:56	KF8EEZ	IN40	OE9XRV	JN47um	14.097066	0.01	-27	0	1828	58	WSPR2	182800	41783	WD_3.3.2-2
2025-11-09 07:56	KF8EEZ	IN40	G0SYI	IO81ql	14.097056	0.01	-22	0	1383	25	WSPR2	138300	51369	2.7.0
2025-11-09 07:56	KF8EEZ	IN40	G0FCH	IO91cn	14.097063	0.01	-25	0	1422	27	WSPR2	142200	40629	2.7.0
2025-11-09 07:56	KF8EEZ	IN40	G4WPD	IO91sk	14.097063	0.01	-25	0	1464	30	WSPR2	146400	41829	2.7.0
2025-11-09 08:06	KF8EEZ	IN50	HB9VQQ	JN47kh	14.097067	0.01	-14	0	1619	56	WSPR2	161900	97140	WD_3.3.2-2
2025-11-09 08:06	KF8EEZ	IN50	HB9VQQ/RS	JN47kh	14.097069	0.01	-14	0	1619	56	WSPR2	161900	97140	WD_3.3.2-2
2025-11-09 08:06	KF8EEZ	IN50	G4ZFQ	IO90ir	14.097067	0.01	-23	0	1288	25	WSPR2	128800	44160	WD_3.3.2-1
2025-11-09 08:06	KF8EEZ	IN50	HB9VQQ/KS	JN47kh	14.097067	0.01	-14	0	1619	56	WSPR2	161900	97140	WD_3.3.2-2
2025-11-09 08:06	KF8EEZ	IN50	ON5KQ	JO10os	14.097067	0.01	-21	0	1485	36	WSPR2	148500	59400	WD_3.3.2-2
2025-11-09 08:06	KF8EEZ	IN50	G0FCH	IO91cn	14.097065	0.01	-24	-1	1352	22	WSPR2	135200	42491	2.7.0
2025-11-09 08:26	KF8EEZ	IN50	OZ7IT	JO65df	14.097067	0.01	-28	0	2268	37	WSPR2	226800	45360	
2025-11-09 08:26	KF8EEZ	IN50	DK6UG	JN49cm	14.097067	0.01	-15	0	1682	48	WSPR2	168200	96114	WD_3.2.3
2025-11-09 08:26	KF8EEZ	IN50	DL4ZBE	JO40ba	14.097067	0.01	-17	0	1705	46	WSPR2	170500	87686	WD_3.3.2-1
2025-11-09 08:26	KF8EEZ	IN50	HB9VQQ	JN47kh	14.097072	0.01	-20	0	1619	56	WSPR2	161900	69386	WD_3.3.2-2
2025-11-09 08:26	KF8EEZ	IN50	HB9VQQ/RS	JN47kh	14.097069	0.01	-27	0	1619	56	WSPR2	161900	37006	WD_3.3.2-2
2025-11-09 08:26	KF8EEZ	IN50	DG3SDK	JN48pr	14.097067	0.01	-19	0	1710	51	WSPR2	171000	78171	1.4A Kiwi
2025-11-09 08:26	KF8EEZ	IN50	DF7PNX	JN49av	14.097067	0.01	-20	0	1693	46	WSPR2	169300	72557	1.4A Kiwi
2025-11-09 08:26	KF8EEZ	IN50	G4AHG	IO81ok	14.097025	0.01	-25	0	1310	19	WSPR2	131000	37429	1.4A Kiwi
2025-11-09 08:26	KF8EEZ	IN50	G4WNC	IO90cu	14.097067	0.01	-28	0	1282	23	WSPR2	128200	25640	web-888
2025-11-09 08:26	KF8EEZ	IN50	OE9GHV	JN47wk	14.097067	0.01	-14	0	1694	57	WSPR2	169400	101640	WD_3.2.3-1
2025-11-09 08:26	KF8EEZ	IN50	HB9VQQ/KS	JN47kh	14.097067	0.01	-28	0	1619	56	WSPR2	161900	32380	WD_3.3.2-2
2025-11-09 08:26	KF8EEZ	IN50	PA5KT-15	JO11wl	14.097073	0.01	-20	0	1574	35	WSPR2	157400	67457	CWSL_DIGI
2025-11-09 08:26	KF8EEZ	IN50	DC5AL-R	JO31lk	14.097068	0.01	-22	0	1729	40	WSPR2	172900	64220	
2025-11-09 08:26	KF8EEZ	IN50	HB9VQQ/KE	JN47kh	14.097067	0.01	-21	0	1619	56	WSPR2	161900	64760	WD_3.3.2-2
2025-11-09 08:26	KF8EEZ	IN50	DL6OW-MH	JO31kk	14.097117	0.01	-28	0	1725	40	WSPR2	172500	34500	1.4A Kiwi
2025-11-09 08:26	KF8EEZ	IN50	G4ZFQ	IO90ir	14.097067	0.01	-22	0	1288	25	WSPR2	128800	47840	WD_3.3.2-1
2025-11-09 08:26	KF8EEZ	IN50	PE0MJX	JO31ai	14.097067	0.01	-17	0	1674	39	WSPR2	167400	86091	WD_3.2.3
2025-11-09 08:26	KF8EEZ	IN50	OE9TAV	JN47tk	14.097082	0.01	-23	0	1677	56	WSPR2	167700	57497	WD_3.2.3-1
2025-11-09 08:26	KF8EEZ	IN50	HB9VQQ/RE	JN47kh	14.097072	0.01	-20	0	1619	56	WSPR2	161900	69386	WD_3.3.2-2
2025-11-09 08:26	KF8EEZ	IN50	ON5KQ	JO10os	14.097067	0.01	-8	0	1485	36	WSPR2	148500	114557	WD_3.3.2-2
2025-11-09 08:26	KF8EEZ	IN50	HB9VQQ/RL	JN47kh	14.097068	0.01	-23	0	1619	56	WSPR2	161900	55509	WD_3.3.2-2
2025-11-09 08:26	KF8EEZ	IN50	PD0OHW	JO33lc	14.097067	0.01	-19	0	1850	35	WSPR2	185000	84571	WD_3.2.3
2025-11-09 08:26	KF8EEZ	IN50	F5178SWL	JN37km	14.097082	0.01	-28	0	1490	53	WSPR2	149000	29800	v1.2.97
2025-11-09 08:26	KF8EEZ	IN50	G4HZX	IO91xk	14.097067	0.01	-19	0	1401	27	WSPR2	140100	64046	WD_3.3.2-1
2025-11-09 08:26	KF8EEZ	IN50	PI4THT	JO32kf	14.097079	0.01	-17	0	1781	38	WSPR2	178100	91594	0.6
2025-11-09 08:26	KF8EEZ	IN50	HB9TMC	JN46lj	14.097067	0.01	-25	0	1591	60	WSPR2	159100	45457	WD_3.2.3
2025-11-09 08:26	KF8EEZ	IN50	F4VTQ	JN28ux	14.097071	0.01	-22	0	1496	46	WSPR2	149600	55566	WD_3.3.2-1
2025-11-09 08:26	KF8EEZ	IN50	HB9GZW	JN47bj	14.097165	0.01	-13	0	1570	55	WSPR2	157000	98686	WD_3.1.7
2025-11-09 08:26	KF8EEZ	IN50	OE3GBB/Q	JN87aq	14.097067	0.01	-24	0	2146	60	WSPR2	214600	67446	WD_3.3.2-2
2025-11-09 08:26	KF8EEZ	IN50	OE9XRV	JN47um	14.097067	0.01	-13	0	1686	56	WSPR2	168600	105977	WD_3.3.2-2
2025-11-09 08:26	KF8EEZ	IN50	OE3XOE	JN87aq	14.097065	0.01	-23	0	2146	60	WSPR2	214600	73577	WD_3.3.2-2
2025-11-09 08:26	KF8EEZ	IN50	DK4RW/1	JO40oe	14.097066	0.01	-14	0	1781	47	WSPR2	178100	106860	
2025-11-09 08:26	KF8EEZ	IN50	DD5XX	JN48ps	14.097079	0.01	-16	-1	1712	51	WSPR2	171200	92937	
2025-11-09 08:26	KF8EEZ	IN50	EA8BFK	IL38bo	14.097066	0.01	-18	0	1392	200	WSPR2	139200	67611	WD_3.3.2-2
2025-11-09 08:26	KF8EEZ	IN50	PI4RSZ	JO21hp	14.097118	0.01	-25	0	1624	36	WSPR2	162400	46400	WD_3.3.2-1
2025-11-09 08:26	KF8EEZ	IN50	GM0DHD	IO85gw	14.097078	0.01	-20	0	1767	11	WSPR2	176700	75729	2.7.0-rc3
2025-11-09 08:26	KF8EEZ	IN50	DL3TU	JN48mm	14.097103	0.01	-26	0	1684	52	WSPR2	168400	43303	
2025-11-09 08:26	KF8EEZ	IN50	DL2ZZ	JO31lo	14.097067	0.01	-23	0	1741	39	WSPR2	174100	59691	
2025-11-09 08:26	KF8EEZ	IN50	G0SYI	IO81ql	14.097056	0.01	-21	0	1319	20	WSPR2	131900	52760	2.7.0
2025-11-09 08:26	KF8EEZ	IN50	F5HNK	JN08xq	14.097072	0.01	-24	0	1259	40	WSPR2	125900	39569	2.6.1
2025-11-09 08:26	KF8EEZ	IN50	DL1GCD/2	JN58oh	14.097114	0.01	-25	0	1822	55	WSPR2	182200	52057	
2025-11-09 08:46	KF8EEZ	IN50	ON5KQ	JO10os	14.097066	0.01	-14	-2	1485	36	WSPR2	148500	89100	WD_3.3.2-2
2025-11-09 08:46	KF8EEZ	IN50	EA8BFK	IL38bo	14.097065	0.01	-13	-4	1392	200	WSPR2	139200	87497	WD_3.3.2-2
2025-11-09 08:46	KF8EEZ	IN50	OE9XRV	JN47um	14.097066	0.01	-18	-1	1686	56	WSPR2	168600	81891	WD_3.3.2-2
2025-11-10 05:36	KF8EEZ	JN11	DK6UG	JN49cm	14.097067	0.01	-17	0	983	23	WSPR2	98300	50554	WD_3.2.3
2025-11-10 05:36	KF8EEZ	JN11	DL4ZBE	JO40ba	14.097067	0.01	-20	0	1030	21	WSPR2	103000	44143	WD_3.3.2-1
2025-11-10 05:36	KF8EEZ	JN11	HB9VQQ/RE	JN47kh	14.097072	0.01	-20	0	801	34	WSPR2	80100	34329	WD_3.3.2-2
2025-11-10 05:36	KF8EEZ	JN11	HB9VQQ/RL	JN47kh	14.097068	0.01	-20	0	801	34	WSPR2	80100	34329	WD_3.3.2-2
2025-11-10 05:36	KF8EEZ	JN11	HB9VQQ	JN47kh	14.097072	0.01	-20	0	801	34	WSPR2	80100	34329	WD_3.3.2-2
2025-11-10 05:36	KF8EEZ	JN11	HB9VQQ/RS	JN47kh	14.097069	0.01	-24	0	801	34	WSPR2	80100	25174	WD_3.3.2-2
2025-11-10 05:36	KF8EEZ	JN11	OE9GHV	JN47wk	14.097067	0.01	-9	0	860	37	WSPR2	86000	63886	WD_3.2.3-1
2025-11-10 05:36	KF8EEZ	JN11	PE0MJX	JO31ai	14.097067	0.01	-17	0	1123	11	WSPR2	112300	57754	WD_3.2.3
2025-11-10 05:36	KF8EEZ	JN11	OE9TAV	JN47tk	14.097084	0.01	-21	0	847	36	WSPR2	84700	33880	WD_3.2.3-1
2025-11-10 05:36	KF8EEZ	JN11	ON5KQ	JO10os	14.097067	0.01	-9	0	1033	1	WSPR2	103300	76737	WD_3.3.2-2
2025-11-10 05:36	KF8EEZ	JN11	HB9VQQ/KE	JN47kh	14.097067	0.01	-21	0	801	34	WSPR2	80100	32040	WD_3.3.2-2
2025-11-10 05:36	KF8EEZ	JN11	SWL/HU1UB	JO21jn	14.097067	0.01	-26	0	1130	6	WSPR2	113000	29057	WD_3.3.2-1
2025-11-10 05:36	KF8EEZ	JN11	PD0OHW	JO33lc	14.097067	0.01	-13	0	1327	12	WSPR2	132700	83411	WD_3.2.3
2025-11-10 05:36	KF8EEZ	JN11	F5178SWL	JN37km	14.097082	0.01	-27	0	740	23	WSPR2	74000	16914	v1.2.97
2025-11-10 05:36	KF8EEZ	JN11	HB9GZW	JN47bj	14.097165	0.01	-15	0	775	30	WSPR2	77500	44286	WD_3.1.7
2025-11-10 05:36	KF8EEZ	JN11	F4VTQ	JN28ux	14.097071	0.01	-22	0	861	14	WSPR2	86100	31980	WD_3.3.2-1
2025-11-10 05:36	KF8EEZ	JN11	G4HZX	IO91xk	14.097067	0.01	-17	0	1131	349	WSPR2	113100	58166	WD_3.3.2-1
2025-11-10 05:36	KF8EEZ	JN11	OE9XRV	JN47um	14.097067	0.01	-10	0	858	36	WSPR2	85800	61286	WD_3.3.2-2
2025-11-10 05:36	KF8EEZ	JN11	9A5BDE	JN83ii	14.097069	0.01	-26	0	1146	75	WSPR2	114600	29469	2.7.0
2025-11-10 05:36	KF8EEZ	JN11	PA5KT-15	JO11wl	14.097066	0.01	-23	0	1114	3	WSPR2	111400	38194	CWSL_DIGI
2025-11-10 05:36	KF8EEZ	JN11	PI4RSZ	JO21hp	14.097114	0.01	-18	0	1138	6	WSPR2	113800	55274	WD_3.3.2-1
2025-11-10 05:36	KF8EEZ	JN11	DL0PF	JN68rn	14.097123	0.01	-18	0	1139	43	WSPR2	113900	55323	v1.2.94
2025-11-10 05:36	KF8EEZ	JN11	EA1FAQ	IN71pn	14.097053	0.01	-14	0	638	273	WSPR2	63800	38280	v1.2.96
2025-11-10 05:36	KF8EEZ	JN11	ON7AN	JO20ek	14.097067	0.01	-28	0	1002	6	WSPR2	100200	20040	
2025-11-10 05:36	KF8EEZ	JN11	DF8OE	JO42jr	14.097106	0.01	-21	0	1325	17	WSPR2	132500	53000	
2025-11-10 05:36	KF8EEZ	JN11	DK0TI/P	JN47bv	14.097067	0.01	-25	0	822	28	WSPR2	82200	23486	2.7.0
2025-11-10 05:36	KF8EEZ	JN11	EI4ACB	IO62xx	14.097166	0.01	-26	0	1446	335	WSPR2	144600	37183	
2025-11-10 06:16	KF8EEZ	JN11	DK6UG	JN49cm	14.097067	0.01	-18	0	983	23	WSPR2	98300	47746	WD_3.2.3
2025-11-10 06:16	KF8EEZ	JN11	DL4ZBE	JO40ba	14.097068	0.01	-17	0	1030	21	WSPR2	103000	52971	WD_3.3.2-1
2025-11-10 06:16	KF8EEZ	JN11	HB9VQQ	JN47kh	14.097067	0.01	-22	0	801	34	WSPR2	80100	29751	WD_3.3.2-2
2025-11-10 06:16	KF8EEZ	JN11	OE9GHV	JN47wk	14.097068	0.01	-17	0	860	37	WSPR2	86000	44229	WD_3.2.3-1
2025-11-10 06:16	KF8EEZ	JN11	HB9VQQ/KE	JN47kh	14.097067	0.01	-22	0	801	34	WSPR2	80100	29751	WD_3.3.2-2
2025-11-10 06:16	KF8EEZ	JN11	HB9VQQ/RE	JN47kh	14.097072	0.01	-23	0	801	34	WSPR2	80100	27463	WD_3.3.2-2
2025-11-10 06:16	KF8EEZ	JN11	OE9TAV	JN47tk	14.097085	0.01	-22	1	847	36	WSPR2	84700	31460	WD_3.2.3-1
2025-11-10 06:16	KF8EEZ	JN11	ON5KQ	JO10os	14.097067	0.01	-11	0	1033	1	WSPR2	103300	70834	WD_3.3.2-2
2025-11-10 06:16	KF8EEZ	JN11	HB9VQQ/RL	JN47kh	14.097069	0.01	-22	1	801	34	WSPR2	80100	29751	WD_3.3.2-2
2025-11-10 06:16	KF8EEZ	JN11	F4VTQ	JN28ux	14.097071	0.01	-19	0	861	14	WSPR2	86100	39360	WD_3.3.2-1
2025-11-10 06:16	KF8EEZ	JN11	HB9GZW	JN47bj	14.097165	0.01	-15	0	775	30	WSPR2	77500	44286	WD_3.1.7
2025-11-10 06:16	KF8EEZ	JN11	OE9XRV	JN47um	14.097067	0.01	-13	0	858	36	WSPR2	85800	53931	WD_3.3.2-2
2025-11-10 06:16	KF8EEZ	JN11	DK4RW/1	JO40oe	14.097067	0.01	-16	0	1082	24	WSPR2	108200	58737	
2025-11-10 06:16	KF8EEZ	JN11	DK0TI/P	JN47bv	14.097068	0.01	-23	1	822	28	WSPR2	82200	28183	2.7.0
2025-11-10 06:26	KF8EEZ	JN11	DG3SDK	JN48pr	14.097068	0.01	-18	0	946	29	WSPR2	94600	45949	1.4A Kiwi
2025-11-10 06:26	KF8EEZ	JN11	M0JLY	IO81wv	14.097067	0.01	-21	0	1221	343	WSPR2	122100	48840	1.4A Kiwi
2025-11-10 06:26	KF8EEZ	JN11	F4FPR	IN88di	14.097067	0.01	-20	0	927	328	WSPR2	92700	39729	1.4A Kiwi
2025-11-10 06:26	KF8EEZ	JN11	IW3HBX	JN65an	14.097066	0.01	-11	-1	861	55	WSPR2	86100	59040	web-888
2025-11-10 06:26	KF8EEZ	JN11	PA0SLT/4	JO33kg	14.097066	0.01	-19	0	1343	11	WSPR2	134300	61394	web-888
2025-11-10 06:26	KF8EEZ	JN11	OE9GHV	JN47wk	14.097068	0.01	-17	0	860	37	WSPR2	86000	44229	WD_3.2.3-1
2025-11-10 06:26	KF8EEZ	JN11	I0UVN	JN61nl	14.097068	0.01	-23	0	846	87	WSPR2	84600	29006	WD_3.2.3-1
2025-11-10 06:26	KF8EEZ	JN11	G4ZFQ	IO90ir	14.097067	0.01	-21	0	1079	344	WSPR2	107900	43160	WD_3.3.2-1
2025-11-10 06:26	KF8EEZ	JN11	OE9TAV	JN47tk	14.097084	0.01	-24	0	847	36	WSPR2	84700	26620	WD_3.2.3-1
2025-11-10 06:26	KF8EEZ	JN11	ON5KQ	JO10os	14.097067	0.01	-6	0	1033	1	WSPR2	103300	85591	WD_3.3.2-2
2025-11-10 06:26	KF8EEZ	JN11	PA5KT-15	JO11wl	14.097066	0.01	-17	0	1114	3	WSPR2	111400	57291	CWSL_DIGI
2025-11-10 06:26	KF8EEZ	JN11	PD0OHW	JO33lc	14.097067	0.01	-16	0	1327	12	WSPR2	132700	72037	WD_3.2.3
2025-11-10 06:26	KF8EEZ	JN11	G4HZX	IO91xk	14.097067	0.01	-21	0	1131	349	WSPR2	113100	45240	WD_3.3.2-1
2025-11-10 06:26	KF8EEZ	JN11	F4VTQ	JN28ux	14.097071	0.01	-20	-1	861	14	WSPR2	86100	36900	WD_3.3.2-1
2025-11-10 06:26	KF8EEZ	JN11	HB9GZW	JN47bj	14.097166	0.01	-17	0	775	30	WSPR2	77500	39857	WD_3.1.7
2025-11-10 06:26	KF8EEZ	JN11	PI4THT	JO32kf	14.097078	0.01	-20	0	1231	13	WSPR2	123100	52757	0.6
2025-11-10 06:26	KF8EEZ	JN11	DD5XX	JN48ps	14.097087	0.01	-21	0	950	29	WSPR2	95000	38000	
2025-11-10 06:26	KF8EEZ	JN11	EA1FAQ	IN71pn	14.097053	0.01	-19	-1	638	273	WSPR2	63800	29166	v1.2.96
2025-11-10 06:26	KF8EEZ	JN11	PI4RSZ	JO21hp	14.097115	0.01	-26	1	1138	6	WSPR2	113800	29263	WD_3.3.2-1
2025-11-10 06:26	KF8EEZ	JN11	9A5BDE	JN83ii	14.097069	0.01	-23	0	1146	75	WSPR2	114600	39291	2.7.0
2025-11-10 06:26	KF8EEZ	JN11	EI4ACB	IO62xx	14.097166	0.01	-23	0	1446	335	WSPR2	144600	49577	
2025-11-10 06:26	KF8EEZ	JN11	EA7CL	IM76sr	14.097075	0.01	-20	-1	829	233	WSPR2	82900	35529	v1.2.97
2025-11-10 06:26	KF8EEZ	JN11	G0FCH	IO91cn	14.097064	0.01	-25	0	1178	344	WSPR2	117800	33657	2.7.0
2025-11-10 06:56	KF8EEZ	JN11	DK6UG	JN49cm	14.097068	0.01	-12	0	983	23	WSPR2	98300	64597	WD_3.2.3
2025-11-10 06:56	KF8EEZ	JN11	G4ZFQ	IO90ir	14.097067	0.01	-16	-1	1079	344	WSPR2	107900	58574	WD_3.3.2-1
2025-11-10 06:56	KF8EEZ	JN11	DL4ZBE	JO40ba	14.097067	0.01	-18	0	1030	21	WSPR2	103000	50029	WD_3.3.2-1
2025-11-10 06:56	KF8EEZ	JN11	DG3SDK	JN48pr	14.097068	0.01	-16	0	946	29	WSPR2	94600	51354	1.4A Kiwi
2025-11-10 06:56	KF8EEZ	JN11	DF7PNX	JN49av	14.097068	0.01	-16	0	1015	21	WSPR2	101500	55100	1.4A Kiwi
2025-11-10 06:56	KF8EEZ	JN11	M0JLY	IO81wv	14.097068	0.01	-24	0	1221	343	WSPR2	122100	38374	1.4A Kiwi
2025-11-10 06:56	KF8EEZ	JN11	I0UVN	JN61nl	14.097068	0.01	-25	0	846	87	WSPR2	84600	24171	WD_3.2.3-1
2025-11-10 06:56	KF8EEZ	JN11	HB9DSE	JN37wb	14.097068	0.01	-17	0	734	31	WSPR2	73400	37749	1.4A Kiwi
2025-11-10 06:56	KF8EEZ	JN11	PA5KT-15	JO11wl	14.097066	0.01	-22	0	1114	3	WSPR2	111400	41377	CWSL_DIGI
2025-11-10 06:56	KF8EEZ	JN11	HB9VQQ/KS	JN47kh	14.097067	0.01	-11	0	801	34	WSPR2	80100	54926	WD_3.3.2-2
2025-11-10 06:56	KF8EEZ	JN11	OE9GHV	JN47wk	14.097067	0.01	-9	0	860	37	WSPR2	86000	63886	WD_3.2.3-1
2025-11-10 06:56	KF8EEZ	JN11	HB9VQQ/KE	JN47kh	14.097067	0.01	-21	-1	801	34	WSPR2	80100	32040	WD_3.3.2-2
2025-11-10 06:56	KF8EEZ	JN11	PE0MJX	JO31ai	14.097067	0.01	-15	0	1123	11	WSPR2	112300	64171	WD_3.2.3
2025-11-10 06:56	KF8EEZ	JN11	HB9VQQ/RE	JN47kh	14.097071	0.01	-20	0	801	34	WSPR2	80100	34329	WD_3.3.2-2
2025-11-10 06:56	KF8EEZ	JN11	ON5KQ	JO10os	14.097067	0.01	-4	0	1033	1	WSPR2	103300	91494	WD_3.3.2-2
2025-11-10 06:56	KF8EEZ	JN11	OE9TAV	JN47tk	14.097083	0.01	-20	-3	847	36	WSPR2	84700	36300	WD_3.2.3-1
2025-11-10 06:56	KF8EEZ	JN11	HB9VQQ/RL	JN47kh	14.097068	0.01	-16	0	801	34	WSPR2	80100	43483	WD_3.3.2-2
2025-11-10 06:56	KF8EEZ	JN11	G4HZX	IO91xk	14.097067	0.01	-15	0	1131	349	WSPR2	113100	64629	WD_3.3.2-1
2025-11-10 06:56	KF8EEZ	JN11	HB9VQQ	JN47kh	14.097068	0.01	-10	0	801	34	WSPR2	80100	57214	WD_3.3.2-2
2025-11-10 06:56	KF8EEZ	JN11	WA2TP	FN30lu	14.097067	0.01	-23	0	6141	297	WSPR2	614100	210549	WD_3.2.1
2025-11-10 06:56	KF8EEZ	JN11	HB9VQQ/RS	JN47kh	14.097068	0.01	-10	0	801	34	WSPR2	80100	57214	WD_3.3.2-2
2025-11-10 06:56	KF8EEZ	JN11	HB9GZW	JN47bj	14.097165	0.01	-11	0	775	30	WSPR2	77500	53143	WD_3.1.7
2025-11-10 06:56	KF8EEZ	JN11	F4VTQ	JN28ux	14.097071	0.01	-14	0	861	14	WSPR2	86100	51660	WD_3.3.2-1
2025-11-10 06:56	KF8EEZ	JN11	9A5BDE	JN83ii	14.097069	0.01	-18	0	1146	75	WSPR2	114600	55663	2.7.0
2025-11-10 06:56	KF8EEZ	JN11	OE9XRV	JN47um	14.097067	0.01	-12	0	858	36	WSPR2	85800	56383	WD_3.3.2-2
2025-11-10 06:56	KF8EEZ	JN11	HB9TMC	JN46lj	14.097067	0.01	-14	0	727	39	WSPR2	72700	43620	WD_3.2.3
2025-11-10 06:56	KF8EEZ	JN11	EA1FAQ	IN71pn	14.097053	0.01	-11	0	638	273	WSPR2	63800	43749	v1.2.96
2025-11-10 06:56	KF8EEZ	JN11	F5178SWL	JN37km	14.097083	0.01	-16	1	740	23	WSPR2	74000	40171	v1.2.97
2025-11-10 06:56	KF8EEZ	JN11	PI4RSZ	JO21hp	14.097115	0.01	-21	0	1138	6	WSPR2	113800	45520	WD_3.3.2-1
2025-11-10 06:56	KF8EEZ	JN11	DK4RW/1	JO40oe	14.097066	0.01	-17	0	1082	24	WSPR2	108200	55646	
2025-11-10 06:56	KF8EEZ	JN11	OE6PJF	JN76ov	14.097063	0.01	-21	2	1146	54	WSPR2	114600	45840	RP125-14
2025-11-10 06:56	KF8EEZ	JN11	DK8FT	JN58oe	14.097067	0.01	-22	0	989	38	WSPR2	98900	36734	
2025-11-10 06:56	KF8EEZ	JN11	DL0PF	JN68rn	14.097123	0.01	-19	0	1139	43	WSPR2	113900	52069	v1.2.94
2025-11-10 06:56	KF8EEZ	JN11	DD5XX	JN48ps	14.097091	0.01	-11	0	950	29	WSPR2	95000	65143	
2025-11-10 06:56	KF8EEZ	JN11	F4VTQ/F	JN28ux	14.097084	0.01	-25	0	861	14	WSPR2	86100	24600	v1.2.2
2025-11-10 06:56	KF8EEZ	JN11	DL4RU	JN69cr	14.097069	0.01	-15	0	1164	35	WSPR2	116400	66514	2.5.4
2025-11-10 06:56	KF8EEZ	JN11	LA1ZM	JO38ig	14.097069	0.01	-6	1	1886	7	WSPR2	188600	156269	2.6.1
2025-11-10 06:56	KF8EEZ	JN11	EA7CL	IM76sr	14.097075	0.01	-20	0	829	233	WSPR2	82900	35529	v1.2.97
2025-11-10 06:56	KF8EEZ	JN11	F4VTQ/H	JN28ux	14.097085	0.01	-21	0	861	14	WSPR2	86100	34440	SparkSDR
2025-11-10 06:56	KF8EEZ	JN11	DK0TI/P	JN47bv	14.097067	0.01	-22	-1	822	28	WSPR2	82200	30531	2.7.0
2025-11-10 07:16	KF8EEZ	JN11	ON5KQ	JO10os	14.097066	0.01	-10	-1	1033	1	WSPR2	103300	73786	WD_3.3.2-2
2025-11-11 04:26	KF8EEZ	JM78	OE9GHV	JN47wk	14.097065	0.01	-10	-2	1078	339	WSPR2	107800	77000	WD_3.2.3-1
2025-11-11 05:06	KF8EEZ	JM78	I0UVN	JN61nl	14.097065	0.01	-24	0	368	335	WSPR2	36800	11566	WD_3.2.3-1
2025-11-11 05:06	KF8EEZ	JM78	IT9JFW	JM68qd	14.097068	0.01	-28	0	143	255	WSPR2	14300	2860	web-888
2025-11-11 05:26	KF8EEZ	JM78	I0UVN	JN61nl	14.097066	0.01	-22	0	368	335	WSPR2	36800	13669	WD_3.2.3-1
2025-11-11 05:26	KF8EEZ	JM78	IT9JFW	JM68qd	14.097068	0.01	-29	0	143	255	WSPR2	14300	2451	web-888
2025-11-11 05:36	KF8EEZ	JM78	DK6UG	JN49cm	14.097066	0.01	-25	1	1340	339	WSPR2	134000	38286	WD_3.2.3
2025-11-11 05:36	KF8EEZ	JM78	HB9VQQ/RE	JN47kh	14.09707	0.01	-20	0	1099	335	WSPR2	109900	47100	WD_3.3.2-2
2025-11-11 05:36	KF8EEZ	JM78	I0UVN	JN61nl	14.097066	0.01	-22	0	368	335	WSPR2	36800	13669	WD_3.2.3-1
2025-11-11 05:36	KF8EEZ	JM78	HB9VQQ/RL	JN47kh	14.097067	0.01	-24	0	1099	335	WSPR2	109900	34540	WD_3.3.2-2
2025-11-11 05:36	KF8EEZ	JM78	DL4ZBE	JO40ba	14.097066	0.01	-22	0	1393	339	WSPR2	139300	51740	WD_3.3.2-1
2025-11-11 05:36	KF8EEZ	JM78	HB9VQQ	JN47kh	14.097066	0.01	-14	0	1099	335	WSPR2	109900	65940	WD_3.3.2-2
2025-11-11 05:36	KF8EEZ	JM78	HB9VQQ/RS	JN47kh	14.097068	0.01	-18	0	1099	335	WSPR2	109900	53380	WD_3.3.2-2
2025-11-11 05:36	KF8EEZ	JM78	OE9GHV	JN47wk	14.097066	0.01	-16	0	1078	339	WSPR2	107800	58520	WD_3.2.3-1
2025-11-11 05:36	KF8EEZ	JM78	PE0MJX	JO31ai	14.097066	0.01	-23	0	1592	337	WSPR2	159200	54583	WD_3.2.3
2025-11-11 05:36	KF8EEZ	JM78	HB9VQQ/KS	JN47kh	14.097066	0.01	-14	0	1099	335	WSPR2	109900	65940	WD_3.3.2-2
2025-11-11 05:36	KF8EEZ	JM78	HB9VQQ/KE	JN47kh	14.097066	0.01	-24	0	1099	335	WSPR2	109900	34540	WD_3.3.2-2
2025-11-11 05:36	KF8EEZ	JM78	PD0OHW	JO33lc	14.097066	0.01	-18	0	1738	342	WSPR2	173800	84417	WD_3.2.3
2025-11-11 05:36	KF8EEZ	JM78	F5178SWL	JN37km	14.097081	0.01	-23	0	1200	330	WSPR2	120000	41143	v1.2.97
2025-11-11 05:36	KF8EEZ	JM78	DD5XX	JN48ps	14.097081	0.01	-28	0	1231	340	WSPR2	123100	24620	
2025-11-11 05:36	KF8EEZ	JM78	OK2IP/P	JN89gd	14.09706	0.01	-20	0	1193	6	WSPR2	119300	51129	RP122-16
2025-11-11 05:36	KF8EEZ	JM78	OE3XOE	JN87aq	14.097066	0.01	-21	0	1028	5	WSPR2	102800	41120	WD_3.3.2-2
2025-11-11 05:36	KF8EEZ	JM78	HB9GZW	JN47bj	14.097164	0.01	-14	0	1136	333	WSPR2	113600	68160	WD_3.1.7
2025-11-11 05:36	KF8EEZ	JM78	OE9XRV	JN47um	14.097066	0.01	-20	0	1092	339	WSPR2	109200	46800	WD_3.3.2-2
2025-11-11 05:36	KF8EEZ	JM78	OE3GBB/Q	JN87aq	14.097066	0.01	-20	0	1028	5	WSPR2	102800	44057	WD_3.3.2-2
2025-11-11 05:36	KF8EEZ	JM78	HA5GB	JN97ba	14.09715	0.01	-22	0	984	14	WSPR2	98400	36549	RP125-14
2025-11-11 05:36	KF8EEZ	JM78	SWLI315RE	JN54hq	14.097174	0.01	-27	0	778	334	WSPR2	77800	17783	SparkSDR
2025-11-11 05:46	KF8EEZ	JM78	HB9VQQ/RE	JN47kh	14.09707	0.01	-23	0	1099	335	WSPR2	109900	37680	WD_3.3.2-2
2025-11-11 05:46	KF8EEZ	JM78	HB9VQQ/RL	JN47kh	14.097066	0.01	-20	0	1099	335	WSPR2	109900	47100	WD_3.3.2-2
2025-11-11 05:46	KF8EEZ	JM78	HB9VQQ	JN47kh	14.097065	0.01	-14	0	1099	335	WSPR2	109900	65940	WD_3.3.2-2
2025-11-11 05:46	KF8EEZ	JM78	HB9VQQ/RS	JN47kh	14.097067	0.01	-14	0	1099	335	WSPR2	109900	65940	WD_3.3.2-2
2025-11-11 05:46	KF8EEZ	JM78	SV9084SWL	KM25uf	14.097065	0.01	-24	0	1022	107	WSPR2	102200	32120	web-888
2025-11-11 05:46	KF8EEZ	JM78	OE9GHV	JN47wk	14.097065	0.01	-12	0	1078	339	WSPR2	107800	70840	WD_3.2.3-1
2025-11-11 05:46	KF8EEZ	JM78	HB9VQQ/KS	JN47kh	14.097065	0.01	-14	0	1099	335	WSPR2	109900	65940	WD_3.3.2-2
2025-11-11 05:46	KF8EEZ	JM78	OK2IP/P	JN89gd	14.09706	0.01	-14	0	1193	6	WSPR2	119300	71580	RP122-16
2025-11-11 05:46	KF8EEZ	JM78	HB9VQQ/KE	JN47kh	14.097065	0.01	-25	-1	1099	335	WSPR2	109900	31400	WD_3.3.2-2
2025-11-11 05:46	KF8EEZ	JM78	HB9GZW	JN47bj	14.097164	0.01	-12	0	1136	333	WSPR2	113600	74651	WD_3.1.7
2025-11-11 05:56	KF8EEZ	JM78	OE9GHV	JN47wk	14.097066	0.01	-19	0	1078	339	WSPR2	107800	49280	WD_3.2.3-1
2025-11-11 05:56	KF8EEZ	JM78	DK6UG	JN49cm	14.097065	0.01	-25	0	1340	339	WSPR2	134000	38286	WD_3.2.3
2025-11-11 05:56	KF8EEZ	JM78	HB9VQQ	JN47kh	14.097067	0.01	-13	0	1099	335	WSPR2	109900	69080	WD_3.3.2-2
2025-11-11 05:56	KF8EEZ	JM78	HB9VQQ/RS	JN47kh	14.097067	0.01	-13	0	1099	335	WSPR2	109900	69080	WD_3.3.2-2
2025-11-11 05:56	KF8EEZ	JM78	DL4ZBE	JO40ba	14.097065	0.01	-22	0	1393	339	WSPR2	139300	51740	WD_3.3.2-1
2025-11-11 05:56	KF8EEZ	JM78	HB9VQQ/KS	JN47kh	14.097065	0.01	-14	0	1099	335	WSPR2	109900	65940	WD_3.3.2-2
2025-11-11 05:56	KF8EEZ	JM78	HB9VQQ/KE	JN47kh	14.097065	0.01	-21	0	1099	335	WSPR2	109900	43960	WD_3.3.2-2
2025-11-11 05:56	KF8EEZ	JM78	HB9VQQ/RE	JN47kh	14.09707	0.01	-20	0	1099	335	WSPR2	109900	47100	WD_3.3.2-2
2025-11-11 05:56	KF8EEZ	JM78	F5178SWL	JN37km	14.09708	0.01	-21	0	1200	330	WSPR2	120000	48000	v1.2.97
2025-11-11 05:56	KF8EEZ	JM78	ON5KQ	JO10os	14.097065	0.01	-21	0	1649	330	WSPR2	164900	65960	WD_3.3.2-2
2025-11-11 05:56	KF8EEZ	JM78	HB9VQQ/RL	JN47kh	14.097067	0.01	-20	0	1099	335	WSPR2	109900	47100	WD_3.3.2-2
2025-11-11 05:56	KF8EEZ	JM78	PD0OHW	JO33lc	14.097065	0.01	-16	0	1738	342	WSPR2	173800	94349	WD_3.2.3
2025-11-11 05:56	KF8EEZ	JM78	OK2IP/P	JN89gd	14.09706	0.01	-17	0	1193	6	WSPR2	119300	61354	RP122-16
2025-11-11 05:56	KF8EEZ	JM78	HB9GZW	JN47bj	14.097164	0.01	-14	0	1136	333	WSPR2	113600	68160	WD_3.1.7
2025-11-11 05:56	KF8EEZ	JM78	DD5XX	JN48ps	14.097083	0.01	-22	1	1231	340	WSPR2	123100	45723	
2025-11-11 05:56	KF8EEZ	JM78	OE3XOE	JN87aq	14.097065	0.01	-24	0	1028	5	WSPR2	102800	32309	WD_3.3.2-2
2025-11-11 05:56	KF8EEZ	JM78	OE9XRV	JN47um	14.097065	0.01	-20	0	1092	339	WSPR2	109200	46800	WD_3.3.2-2
2025-11-11 05:56	KF8EEZ	JM78	OE3GBB/Q	JN87aq	14.097065	0.01	-24	0	1028	5	WSPR2	102800	32309	WD_3.3.2-2
2025-11-11 05:56	KF8EEZ	JM78	OK2IP	JN89ef	14.097069	0.01	-23	0	1201	5	WSPR2	120100	41177	RP125-14
2025-11-11 05:56	KF8EEZ	JM78	HA5GB	JN97ba	14.097149	0.01	-25	0	984	14	WSPR2	98400	28114	RP125-14
2025-11-11 06:06	KF8EEZ	JM78	HB9VQQ/RE	JN47kh	14.097069	0.01	-16	-1	1099	335	WSPR2	109900	59660	WD_3.3.2-2
2025-11-11 06:06	KF8EEZ	JM78	HB9VQQ/RL	JN47kh	14.097066	0.01	-20	0	1099	335	WSPR2	109900	47100	WD_3.3.2-2
2025-11-11 06:06	KF8EEZ	JM78	HB9VQQ	JN47kh	14.097065	0.01	-13	-1	1099	335	WSPR2	109900	69080	WD_3.3.2-2
2025-11-11 06:06	KF8EEZ	JM78	DL4ZBE	JO40ba	14.097065	0.01	-24	0	1393	339	WSPR2	139300	43780	WD_3.3.2-1
2025-11-11 06:06	KF8EEZ	JM78	HB9VQQ/RS	JN47kh	14.097067	0.01	-13	0	1099	335	WSPR2	109900	69080	WD_3.3.2-2
2025-11-11 06:06	KF8EEZ	JM78	OE9GHV	JN47wk	14.097066	0.01	-14	0	1078	339	WSPR2	107800	64680	WD_3.2.3-1
2025-11-11 06:06	KF8EEZ	JM78	HB9VQQ/KS	JN47kh	14.097065	0.01	-13	-1	1099	335	WSPR2	109900	69080	WD_3.3.2-2
2025-11-11 06:06	KF8EEZ	JM78	HB9VQQ/KE	JN47kh	14.097065	0.01	-16	0	1099	335	WSPR2	109900	59660	WD_3.3.2-2
2025-11-11 06:06	KF8EEZ	JM78	PE0MJX	JO31ai	14.097065	0.01	-18	0	1592	337	WSPR2	159200	77326	WD_3.2.3
2025-11-11 06:06	KF8EEZ	JM78	ON5KQ	JO10os	14.097065	0.01	-18	0	1649	330	WSPR2	164900	80094	WD_3.3.2-2
2025-11-11 06:06	KF8EEZ	JM78	HB9GZW	JN47bj	14.097164	0.01	-9	0	1136	333	WSPR2	113600	84389	WD_3.1.7
2025-11-11 06:06	KF8EEZ	JM78	G4HZX	IO91xk	14.097065	0.01	-23	0	1855	326	WSPR2	185500	63600	WD_3.3.2-1
2025-11-11 06:06	KF8EEZ	JM78	F4VTQ	JN28ux	14.097069	0.01	-24	0	1382	331	WSPR2	138200	43434	WD_3.3.2-1
2025-11-11 06:06	KF8EEZ	JM78	OE3XOE	JN87aq	14.097064	0.01	-19	0	1028	5	WSPR2	102800	46994	WD_3.3.2-2
2025-11-11 06:06	KF8EEZ	JM78	F5178SWL	JN37km	14.09708	0.01	-24	0	1200	330	WSPR2	120000	37714	v1.2.97
2025-11-11 06:06	KF8EEZ	JM78	OE9XRV	JN47um	14.097065	0.01	-17	0	1092	339	WSPR2	109200	56160	WD_3.3.2-2
2025-11-11 06:06	KF8EEZ	JM78	OE3GBB/Q	JN87aq	14.097065	0.01	-19	0	1028	5	WSPR2	102800	46994	WD_3.3.2-2
2025-11-11 06:06	KF8EEZ	JM78	OK2IP	JN89ef	14.097069	0.01	-15	1	1201	5	WSPR2	120100	68629	RP125-14
2025-11-11 06:06	KF8EEZ	JM78	HA5GB	JN97ba	14.097149	0.01	-20	0	984	14	WSPR2	98400	42171	RP125-14
2025-11-11 06:06	KF8EEZ	JM78	OE5MMP	JN68rc	14.097069	0.01	-24	0	1077	354	WSPR2	107700	33849	2.7.0
2025-11-11 06:16	KF8EEZ	JM78	DK6UG	JN49cm	14.097066	0.01	-17	0	1340	339	WSPR2	134000	68914	WD_3.2.3
2025-11-11 06:16	KF8EEZ	JM78	HB9VQQ/RL	JN47kh	14.097067	0.01	-18	0	1099	335	WSPR2	109900	53380	WD_3.3.2-2
2025-11-11 06:16	KF8EEZ	JM78	HB9VQQ	JN47kh	14.097066	0.01	-12	0	1099	335	WSPR2	109900	72220	WD_3.3.2-2
2025-11-11 06:16	KF8EEZ	JM78	HB9VQQ/RS	JN47kh	14.097067	0.01	-14	0	1099	335	WSPR2	109900	65940	WD_3.3.2-2
2025-11-11 06:16	KF8EEZ	JM78	PA0SLT/4	JO33kg	14.097066	0.01	-23	0	1757	342	WSPR2	175700	60240	web-888
2025-11-11 06:16	KF8EEZ	JM78	DL4ZBE	JO40ba	14.097066	0.01	-17	0	1393	339	WSPR2	139300	71640	WD_3.3.2-1
2025-11-11 06:16	KF8EEZ	JM78	HB9DSE	JN37wb	14.097071	0.01	-19	0	1115	331	WSPR2	111500	50971	1.4A Kiwi
2025-11-11 06:16	KF8EEZ	JM78	OE9GHV	JN47wk	14.097066	0.01	-10	0	1078	339	WSPR2	107800	77000	WD_3.2.3-1
2025-11-11 06:16	KF8EEZ	JM78	SV9084SWL	KM25uf	14.097065	0.01	-18	0	1022	107	WSPR2	102200	49640	web-888
2025-11-11 06:16	KF8EEZ	JM78	PD0OHW	JO33lc	14.097066	0.01	-20	0	1738	342	WSPR2	173800	74486	WD_3.2.3
2025-11-11 06:16	KF8EEZ	JM78	HB9VQQ/KS	JN47kh	14.097066	0.01	-12	0	1099	335	WSPR2	109900	72220	WD_3.3.2-2
2025-11-11 06:16	KF8EEZ	JM78	PE0MJX	JO31ai	14.097066	0.01	-19	0	1592	337	WSPR2	159200	72777	WD_3.2.3
2025-11-11 06:16	KF8EEZ	JM78	ON5KQ	JO10os	14.097066	0.01	-16	0	1649	330	WSPR2	164900	89517	WD_3.3.2-2
2025-11-11 06:16	KF8EEZ	JM78	HB9VQQ/KE	JN47kh	14.097066	0.01	-19	0	1099	335	WSPR2	109900	50240	WD_3.3.2-2
2025-11-11 06:16	KF8EEZ	JM78	F5178SWL	JN37km	14.09708	0.01	-19	0	1200	330	WSPR2	120000	54857	v1.2.97
2025-11-11 06:16	KF8EEZ	JM78	HB9VQQ/RE	JN47kh	14.09707	0.01	-18	0	1099	335	WSPR2	109900	53380	WD_3.3.2-2
2025-11-11 06:16	KF8EEZ	JM78	HB9GZW	JN47bj	14.097164	0.01	-8	0	1136	333	WSPR2	113600	87634	WD_3.1.7
2025-11-11 06:16	KF8EEZ	JM78	DK8FT	JN58oe	14.097065	0.01	-24	0	1121	346	WSPR2	112100	35231	
2025-11-11 06:16	KF8EEZ	JM78	G4HZX	IO91xk	14.097065	0.01	-23	0	1855	326	WSPR2	185500	63600	WD_3.3.2-1
2025-11-11 06:16	KF8EEZ	JM78	OK2IP/P	JN89gd	14.09706	0.01	-14	0	1193	6	WSPR2	119300	71580	RP122-16
2025-11-11 06:16	KF8EEZ	JM78	HB9TMC	JN46lj	14.097066	0.01	-27	0	1008	333	WSPR2	100800	23040	WD_3.2.3
2025-11-11 06:16	KF8EEZ	JM78	OE9XRV	JN47um	14.097066	0.01	-16	0	1092	339	WSPR2	109200	59280	WD_3.3.2-2
2025-11-11 06:16	KF8EEZ	JM78	DD5XX	JN48ps	14.097085	0.01	-22	0	1231	340	WSPR2	123100	45723	
2025-11-11 06:16	KF8EEZ	JM78	PI4THT	JO32kf	14.097077	0.01	-19	0	1652	340	WSPR2	165200	75520	0.6
2025-11-11 06:16	KF8EEZ	JM78	9A1FER	JN75xt	14.097088	0.01	-28	0	820	5	WSPR2	82000	16400	2.7.0-rc3
2025-11-11 06:16	KF8EEZ	JM78	OE3GBB/Q	JN87aq	14.097066	0.01	-23	0	1028	5	WSPR2	102800	35246	WD_3.3.2-2
2025-11-11 06:16	KF8EEZ	JM78	F4VTQ	JN28ux	14.09707	0.01	-21	0	1382	331	WSPR2	138200	55280	WD_3.3.2-1
2025-11-11 06:16	KF8EEZ	JM78	OE3XOE	JN87aq	14.097064	0.01	-22	0	1028	5	WSPR2	102800	38183	WD_3.3.2-2
2025-11-11 06:16	KF8EEZ	JM78	OK2IP	JN89ef	14.09707	0.01	-22	1	1201	5	WSPR2	120100	44609	RP125-14
2025-11-11 06:16	KF8EEZ	JM78	DL0PF	JN68rn	14.097121	0.01	-25	0	1128	354	WSPR2	112800	32229	v1.2.94
2025-11-11 06:16	KF8EEZ	JM78	EA1FAQ	IN71pn	14.097052	0.01	-22	0	1705	288	WSPR2	170500	63329	v1.2.96
2025-11-11 06:16	KF8EEZ	JM78	DL3TU	JN48mm	14.097086	0.01	-28	0	1213	339	WSPR2	121300	24260	
2025-11-11 06:16	KF8EEZ	JM78	PI4RSZ	JO21hp	14.097113	0.01	-26	0	1670	335	WSPR2	167000	42943	WD_3.3.2-1
2025-11-11 06:16	KF8EEZ	JM78	HA5GB	JN97ba	14.09715	0.01	-21	0	984	14	WSPR2	98400	39360	RP125-14
2025-11-11 06:16	KF8EEZ	JM78	DL4RU	JN69cr	14.097067	0.01	-28	0	1270	351	WSPR2	127000	25400	2.5.4
2025-11-11 06:16	KF8EEZ	JM78	OE5MMP	JN68rc	14.09707	0.01	-27	0	1077	354	WSPR2	107700	24617	2.7.0
2025-11-11 07:06	KF8EEZ	JM78	DK6UG	JN49cm	14.097066	0.01	-17	0	1340	339	WSPR2	134000	68914	WD_3.2.3
2025-11-11 07:06	KF8EEZ	JM78	HB9VQQ/RE	JN47kh	14.09707	0.01	-22	0	1099	335	WSPR2	109900	40820	WD_3.3.2-2
2025-11-11 07:06	KF8EEZ	JM78	HB9VQQ/RL	JN47kh	14.097066	0.01	-18	0	1099	335	WSPR2	109900	53380	WD_3.3.2-2
2025-11-11 07:06	KF8EEZ	JM78	DL4ZBE	JO40ba	14.097066	0.01	-16	0	1393	339	WSPR2	139300	75620	WD_3.3.2-1
2025-11-11 07:06	KF8EEZ	JM78	HB9VQQ	JN47kh	14.097066	0.01	-18	0	1099	335	WSPR2	109900	53380	WD_3.3.2-2
2025-11-11 07:06	KF8EEZ	JM78	HB9DSE	JN37wb	14.097066	0.01	-21	0	1115	331	WSPR2	111500	44600	1.4A Kiwi
2025-11-11 07:06	KF8EEZ	JM78	OE9GHV	JN47wk	14.097066	0.01	-14	0	1078	339	WSPR2	107800	64680	WD_3.2.3-1
2025-11-11 07:06	KF8EEZ	JM78	HB9VQQ/RS	JN47kh	14.097067	0.01	-20	0	1099	335	WSPR2	109900	47100	WD_3.3.2-2
2025-11-11 07:06	KF8EEZ	JM78	PE0MJX	JO31ai	14.097065	0.01	-20	0	1592	337	WSPR2	159200	68229	WD_3.2.3
2025-11-11 07:06	KF8EEZ	JM78	ON5KQ	JO10os	14.097065	0.01	-14	0	1649	330	WSPR2	164900	98940	WD_3.3.2-2
2025-11-11 07:06	KF8EEZ	JM78	OK2IP/P	JN89gd	14.09706	0.01	-11	0	1193	6	WSPR2	119300	81806	RP122-16
2025-11-11 07:06	KF8EEZ	JM78	HB9VQQ/KS	JN47kh	14.097066	0.01	-20	0	1099	335	WSPR2	109900	47100	WD_3.3.2-2
2025-11-11 07:06	KF8EEZ	JM78	HB9VQQ/KE	JN47kh	14.097065	0.01	-22	0	1099	335	WSPR2	109900	40820	WD_3.3.2-2
2025-11-11 07:06	KF8EEZ	JM78	HB9GZW	JN47bj	14.097164	0.01	-12	0	1136	333	WSPR2	113600	74651	WD_3.1.7
2025-11-11 07:06	KF8EEZ	JM78	PD0OHW	JO33lc	14.097065	0.01	-15	0	1738	342	WSPR2	173800	99314	WD_3.2.3
2025-11-11 07:06	KF8EEZ	JM78	F5178SWL	JN37km	14.09708	0.01	-21	0	1200	330	WSPR2	120000	48000	v1.2.97
2025-11-11 07:06	KF8EEZ	JM78	HB9TMC	JN46lj	14.097065	0.01	-28	0	1008	333	WSPR2	100800	20160	WD_3.2.3
2025-11-11 07:06	KF8EEZ	JM78	OE3XOE	JN87aq	14.097065	0.01	-14	0	1028	5	WSPR2	102800	61680	WD_3.3.2-2
2025-11-11 07:06	KF8EEZ	JM78	ON4CDJ	JO11wc	14.097067	0.01	-24	0	1650	332	WSPR2	165000	51857	WD_3.3.2-2
2025-11-11 07:06	KF8EEZ	JM78	F4VTQ	JN28ux	14.097069	0.01	-23	0	1382	331	WSPR2	138200	47383	WD_3.3.2-1
2025-11-11 07:06	KF8EEZ	JM78	PI4RSZ	JO21hp	14.097113	0.01	-27	0	1670	335	WSPR2	167000	38171	WD_3.3.2-1
2025-11-11 07:06	KF8EEZ	JM78	OE9XRV	JN47um	14.097065	0.01	-16	0	1092	339	WSPR2	109200	59280	WD_3.3.2-2
2025-11-11 07:06	KF8EEZ	JM78	OE3GBB/Q	JN87aq	14.097066	0.01	-14	0	1028	5	WSPR2	102800	61680	WD_3.3.2-2
2025-11-11 07:06	KF8EEZ	JM78	DD5XX	JN48ps	14.097089	0.01	-20	0	1231	340	WSPR2	123100	52757	
2025-11-11 07:06	KF8EEZ	JM78	OK2IP	JN89ef	14.097069	0.01	-14	2	1201	5	WSPR2	120100	72060	RP125-14
2025-11-11 07:06	KF8EEZ	JM78	HA5GB	JN97ba	14.09715	0.01	-21	0	984	14	WSPR2	98400	39360	RP125-14
2025-11-11 07:16	KF8EEZ	JM88	OE9GHV	JN47wk	14.097066	0.01	-17	0	1150	332	WSPR2	115000	59143	WD_3.2.3-1
2025-11-11 07:16	KF8EEZ	JM88	DK6UG	JN49cm	14.097066	0.01	-20	0	1411	333	WSPR2	141100	60471	WD_3.2.3
2025-11-11 07:16	KF8EEZ	JM88	HB9VQQ/RE	JN47kh	14.09707	0.01	-23	0	1181	329	WSPR2	118100	40491	WD_3.3.2-2
2025-11-11 07:16	KF8EEZ	JM88	HB9VQQ/RL	JN47kh	14.097066	0.01	-18	0	1181	329	WSPR2	118100	57363	WD_3.3.2-2
2025-11-11 07:16	KF8EEZ	JM88	HB9VQQ	JN47kh	14.097066	0.01	-18	0	1181	329	WSPR2	118100	57363	WD_3.3.2-2
2025-11-11 07:16	KF8EEZ	JM88	DL4ZBE	JO40ba	14.097065	0.01	-16	0	1461	334	WSPR2	146100	79311	WD_3.3.2-1
2025-11-11 07:16	KF8EEZ	JM88	SV9084SWL	KM25uf	14.097065	0.01	-25	0	858	112	WSPR2	85800	24514	web-888
2025-11-11 07:16	KF8EEZ	JM88	DF7PNX	JN49av	14.097066	0.01	-19	0	1453	334	WSPR2	145300	66423	1.4A Kiwi
2025-11-11 07:16	KF8EEZ	JM88	HB9DSE	JN37wb	14.097066	0.01	-23	0	1207	325	WSPR2	120700	41383	1.4A Kiwi
2025-11-11 07:16	KF8EEZ	JM88	PE0MJX	JO31ai	14.097065	0.01	-19	0	1666	333	WSPR2	166600	76160	WD_3.2.3
2025-11-11 07:16	KF8EEZ	JM88	ON5KQ	JO10os	14.097066	0.01	-18	-1	1741	326	WSPR2	174100	84563	WD_3.3.2-2
2025-11-11 07:16	KF8EEZ	JM88	HB9VQQ/KE	JN47kh	14.097065	0.01	-23	0	1181	329	WSPR2	118100	40491	WD_3.3.2-2
2025-11-11 07:16	KF8EEZ	JM88	PD0OHW	JO33lc	14.097065	0.01	-16	0	1798	338	WSPR2	179800	97606	WD_3.2.3
2025-11-11 07:16	KF8EEZ	JM88	G4HZX	IO91xk	14.097065	0.01	-24	0	1957	323	WSPR2	195700	61506	WD_3.3.2-1
2025-11-11 07:16	KF8EEZ	JM88	HB9GZW	JN47bj	14.097164	0.01	-13	-1	1223	327	WSPR2	122300	76874	WD_3.1.7
2025-11-11 07:16	KF8EEZ	JM88	OE3GBB/Q	JN87aq	14.097065	0.01	-21	0	1027	356	WSPR2	102700	41080	WD_3.3.2-2
2025-11-11 07:16	KF8EEZ	JM88	OE9XRV	JN47um	14.097065	0.01	-17	0	1164	332	WSPR2	116400	59863	WD_3.3.2-2
2025-11-11 07:16	KF8EEZ	JM88	F4VTQ	JN28ux	14.097069	0.01	-23	0	1473	326	WSPR2	147300	50503	WD_3.3.2-1
2025-11-11 07:16	KF8EEZ	JM88	F5178SWL	JN37km	14.09708	0.01	-19	0	1295	324	WSPR2	129500	59200	v1.2.97
2025-11-11 07:16	KF8EEZ	JM88	OE3XOE	JN87aq	14.097064	0.01	-19	-2	1027	356	WSPR2	102700	46949	WD_3.3.2-2
2025-11-11 07:16	KF8EEZ	JM88	DD5XX	JN48ps	14.09709	0.01	-20	0	1299	334	WSPR2	129900	55671	
2025-11-11 07:16	KF8EEZ	JM88	PI4THT	JO32kf	14.097077	0.01	-19	-1	1716	336	WSPR2	171600	78446	0.6
2025-11-11 07:16	KF8EEZ	JM88	OK2IP	JN89ef	14.097069	0.01	-20	0	1196	358	WSPR2	119600	51257	RP125-14
2025-11-11 07:16	KF8EEZ	JM88	DG3SDK	JN48pr	14.097066	0.01	-21	0	1295	334	WSPR2	129500	51800	1.4A Kiwi
2025-11-12 03:16	KF8EEZ	KM26	OK1HRA	JO60wa	14.097104	0.01	-22	0	1749	333	WSPR2	174900	64963	1.4A Kiwi
2025-11-12 03:16	KF8EEZ	KM26	DARCT13	JN47wn	14.097067	0.01	-25	-1	1747	320	WSPR2	174700	49914	1.4A Kiwi
2025-11-12 03:16	KF8EEZ	KM26	SV9084SWL	KM25uf	14.097065	0.01	-23	-1	155	154	WSPR2	15500	5314	web-888
2025-11-12 03:16	KF8EEZ	KM26	LX1LC	JN39ep	14.097067	0.01	-23	-1	2092	320	WSPR2	209200	71726	1.4A Kiwi
2025-11-12 03:16	KF8EEZ	KM26	DK0ABT	JN49pb	14.097045	0.01	-25	-1	1888	323	WSPR2	188800	53943	1.4A Kiwi
2025-11-12 03:16	KF8EEZ	KM26	HB9GZW	JN47bj	14.097165	0.01	-11	-1	1840	317	WSPR2	184000	126171	WD_3.1.7
2025-11-12 03:16	KF8EEZ	KM26	EA8BFK	IL38bo	14.097067	0.01	-17	-1	3717	268	WSPR2	371700	191160	WD_3.3.2-2
2025-11-12 03:16	KF8EEZ	KM26	ON5KQ	JO10os	14.097067	0.01	-14	-1	2348	319	WSPR2	234800	140880	WD_3.3.2-2
2025-11-12 03:16	KF8EEZ	KM26	PE0MJX	JO31ai	14.097066	0.01	-23	-1	2230	324	WSPR2	223000	76457	WD_3.2.3
2025-11-12 03:16	KF8EEZ	KM26	OE3GBB/Q	JN87aq	14.097066	0.01	-23	0	1445	332	WSPR2	144500	49543	WD_3.3.2-2
2025-11-12 03:16	KF8EEZ	KM26	OE3XOE	JN87aq	14.097067	0.01	-22	0	1445	332	WSPR2	144500	53671	WD_3.3.2-2
2025-11-12 03:16	KF8EEZ	KM26	PD0OHW	JO33lc	14.097066	0.01	-30	0	2317	329	WSPR2	231700	33100	WD_3.2.3
2025-11-12 03:16	KF8EEZ	KM26	OE6PJF	JN76ov	14.097061	0.01	-28	-1	1411	328	WSPR2	141100	28220	RP125-14
2025-11-12 03:16	KF8EEZ	KM26	OK2IP	JN89ef	14.097072	0.01	-25	0	1579	337	WSPR2	157900	45114	RP125-14
2025-11-12 03:16	KF8EEZ	KM26	HB9TJM	JN36fq	14.097053	0.01	-15	-1	1904	312	WSPR2	190400	108800	2.11_r2263
2025-11-12 03:16	KF8EEZ	KM26	EI4ACB	IO62xx	14.097166	0.01	-24	-1	3021	317	WSPR2	302100	94946	
2025-11-12 03:16	KF8EEZ	KM26	GM0DHD	IO85gw	14.097066	0.01	-19	-1	3036	324	WSPR2	303600	138789	2.7.0
2025-11-12 03:16	KF8EEZ	KM26	LA1ZM	JO38ig	14.097068	0.01	-29	-1	2765	337	WSPR2	276500	47400	2.6.1
2025-11-12 03:16	KF8EEZ	KM26	PD0RLF	JO22hh	14.097071	0.01	-26	-1	2373	324	WSPR2	237300	61020	2.6.1
2025-11-12 03:16	KF8EEZ	KM26	DD5XX	JN48ps	14.097072	0.01	-29	-2	1867	322	WSPR2	186700	32006	
2025-11-12 03:16	KF8EEZ	KM26	OH6BG	KP03qa	14.097056	0.01	-15	-2	2961	356	WSPR2	296100	169200	
2025-11-12 03:16	KF8EEZ	KM26	SV1CDN	KM17tx	14.097072	0.01	-22	-1	204	325	WSPR2	20400	7577	2.1.0
2025-11-12 03:16	KF8EEZ	KM26	M9PSY	IO86ha	14.097065	0.01	-30	0	3036	325	WSPR2	303600	43371	UberSDR
2025-11-12 03:26	KF8EEZ	KM26	DG3SDK	JN48pr	14.097068	0.01	-24	0	1863	322	WSPR2	186300	58551	1.4A Kiwi
2025-11-12 03:26	KF8EEZ	KM26	M0JLY	IO81wv	14.097072	0.01	-25	0	2730	317	WSPR2	273000	78000	1.4A Kiwi
2025-11-12 03:26	KF8EEZ	KM26	EI5DPB	IO63rm	14.097068	0.01	-23	0	3077	318	WSPR2	307700	105497	web-888
2025-11-12 03:26	KF8EEZ	KM26	DK0ABT	JN49pb	14.097046	0.01	-22	0	1888	323	WSPR2	188800	70126	1.4A Kiwi
2025-11-12 03:26	KF8EEZ	KM26	OK1HRA	JO60wa	14.097105	0.01	-31	0	1749	333	WSPR2	174900	19989	1.4A Kiwi
2025-11-12 03:26	KF8EEZ	KM26	G4ZFQ	IO90ir	14.097067	0.01	-22	0	2618	316	WSPR2	261800	97240	WD_3.3.2-1
2025-11-12 03:26	KF8EEZ	KM26	ON5KQ	JO10os	14.097068	0.01	-15	0	2348	319	WSPR2	234800	134171	WD_3.3.2-2
2025-11-12 03:26	KF8EEZ	KM26	HB9GZW	JN47bj	14.097166	0.01	-19	-1	1840	317	WSPR2	184000	84114	WD_3.1.7
2025-11-12 03:26	KF8EEZ	KM26	EA8BFK	IL38bo	14.097067	0.01	-18	0	3717	268	WSPR2	371700	180540	WD_3.3.2-2
2025-11-12 03:26	KF8EEZ	KM26	PE0MJX	JO31ai	14.097067	0.01	-27	0	2230	324	WSPR2	223000	50971	WD_3.2.3
2025-11-12 03:26	KF8EEZ	KM26	OE3XOE	JN87aq	14.097067	0.01	-20	0	1445	332	WSPR2	144500	61929	WD_3.3.2-2
2025-11-12 03:26	KF8EEZ	KM26	OE3GBB/Q	JN87aq	14.097067	0.01	-21	0	1445	332	WSPR2	144500	57800	WD_3.3.2-2
2025-11-12 03:26	KF8EEZ	KM26	IS0XDA	JN40hd	14.097075	0.01	-21	0	1480	291	WSPR2	148000	59200	v1.2.91
2025-11-12 03:26	KF8EEZ	KM26	PD0OHW	JO33lc	14.097067	0.01	-34	0	2317	329	WSPR2	231700	6620	WD_3.2.3
2025-11-12 03:26	KF8EEZ	KM26	G4HZX	IO91xk	14.097067	0.01	-17	0	2579	318	WSPR2	257900	132634	WD_3.3.2-1
2025-11-12 03:26	KF8EEZ	KM26	PI4THT	JO32kf	14.097079	0.01	-26	-2	2253	327	WSPR2	225300	57934	0.6
2025-11-12 03:26	KF8EEZ	KM26	OH6BG	KP03qa	14.097057	0.01	-22	0	2961	356	WSPR2	296100	109980	
2025-11-12 03:26	KF8EEZ	KM26	OK2IP	JN89ef	14.097073	0.01	-24	1	1579	337	WSPR2	157900	49626	RP125-14
2025-11-12 03:26	KF8EEZ	KM26	DD5XX	JN48ps	14.097073	0.01	-27	0	1867	322	WSPR2	186700	42674	
2025-11-12 03:26	KF8EEZ	KM26	OE6PJF	JN76ov	14.097062	0.01	-29	-1	1411	328	WSPR2	141100	24189	RP125-14
2025-11-12 03:26	KF8EEZ	KM26	SV1CDN	KM17tx	14.097073	0.01	-21	0	204	325	WSPR2	20400	8160	2.1.0
2025-11-12 03:26	KF8EEZ	KM26	EI4ACB	IO62xx	14.097166	0.01	-22	0	3021	317	WSPR2	302100	112209	
2025-11-12 03:26	KF8EEZ	KM26	G0BZB-SWL	IO84sx	14.09706	0.01	-26	0	2924	323	WSPR2	292400	75189	1.4A Kiwi
2025-11-12 03:26	KF8EEZ	KM26	IW3HBX	JN65an	14.097067	0.01	-28	-1	1478	317	WSPR2	147800	29560	web-888
2025-11-12 03:26	KF8EEZ	KM26	OK2IT	JN89dg	14.097068	0.01	-24	0	1586	336	WSPR2	158600	49846	web-888
2025-11-12 03:26	KF8EEZ	KM26	M9PSY	IO86ha	14.097066	0.01	-26	0	3036	325	WSPR2	303600	78069	UberSDR
2025-11-12 03:36	KF8EEZ	KM26	DK6UG	JN49cm	14.097066	0.01	-23	0	1981	322	WSPR2	198100	67920	WD_3.2.3
2025-11-12 03:36	KF8EEZ	KM26	SV9084SWL	KM25uf	14.097065	0.01	-16	0	155	154	WSPR2	15500	8414	web-888
2025-11-12 03:36	KF8EEZ	KM26	DK0ABT	JN49pb	14.097045	0.01	-24	0	1888	323	WSPR2	188800	59337	1.4A Kiwi
2025-11-12 03:36	KF8EEZ	KM26	PA0SLT/5	JO33kg	14.097064	0.01	-29	-1	2335	329	WSPR2	233500	40029	web-888
2025-11-12 03:36	KF8EEZ	KM26	IW3HBX	JN65an	14.097066	0.01	-27	-1	1478	317	WSPR2	147800	33783	web-888
2025-11-12 03:36	KF8EEZ	KM26	DARCT13	JN47wn	14.097067	0.01	-20	0	1747	320	WSPR2	174700	74871	1.4A Kiwi
2025-11-12 03:36	KF8EEZ	KM26	EI5DPB	IO63rm	14.097067	0.01	-24	-1	3077	318	WSPR2	307700	96706	web-888
2025-11-12 03:36	KF8EEZ	KM26	OK1HRA	JO60wa	14.097106	0.01	-28	0	1749	333	WSPR2	174900	34980	1.4A Kiwi
2025-11-12 03:36	KF8EEZ	KM26	DG3SDK	JN48pr	14.097067	0.01	-26	0	1863	322	WSPR2	186300	47906	1.4A Kiwi
2025-11-12 03:36	KF8EEZ	KM26	LX1LC	JN39ep	14.097067	0.01	-22	-1	2092	320	WSPR2	209200	77703	1.4A Kiwi
2025-11-12 03:36	KF8EEZ	KM26	G4ZFQ	IO90ir	14.097066	0.01	-20	-1	2618	316	WSPR2	261800	112200	WD_3.3.2-1
2025-11-12 03:36	KF8EEZ	KM26	HB9GZW	JN47bj	14.097165	0.01	-17	0	1840	317	WSPR2	184000	94629	WD_3.1.7
2025-11-12 03:36	KF8EEZ	KM26	EA8BFK	IL38bo	14.097067	0.01	-19	0	3717	268	WSPR2	371700	169920	WD_3.3.2-2
2025-11-12 03:36	KF8EEZ	KM26	PE0MJX	JO31ai	14.097066	0.01	-21	-1	2230	324	WSPR2	223000	89200	WD_3.2.3
2025-11-12 03:36	KF8EEZ	KM26	OE3XOE	JN87aq	14.097066	0.01	-18	0	1445	332	WSPR2	144500	70186	WD_3.3.2-2
2025-11-12 03:36	KF8EEZ	KM26	ON5KQ	JO10os	14.097066	0.01	-3	0	2348	319	WSPR2	234800	214674	WD_3.3.2-2
2025-11-12 03:36	KF8EEZ	KM26	G4HZX	IO91xk	14.097066	0.01	-16	-1	2579	318	WSPR2	257900	140003	WD_3.3.2-1
2025-11-12 03:36	KF8EEZ	KM26	OE3GBB/Q	JN87aq	14.097066	0.01	-20	0	1445	332	WSPR2	144500	61929	WD_3.3.2-2
2025-11-12 03:36	KF8EEZ	KM26	PD0OHW	JO33lc	14.097066	0.01	-22	0	2317	329	WSPR2	231700	86060	WD_3.2.3
2025-11-12 03:36	KF8EEZ	KM26	PI4THT	JO32kf	14.097077	0.01	-17	-1	2253	327	WSPR2	225300	115869	0.6
2025-11-12 03:36	KF8EEZ	KM26	OE6PJF	JN76ov	14.097062	0.01	-27	-2	1411	328	WSPR2	141100	32251	RP125-14
2025-11-12 03:36	KF8EEZ	KM26	F4VTQ	JN28ux	14.09707	0.01	-20	-1	2088	318	WSPR2	208800	89486	WD_3.3.2-1
2025-11-12 03:36	KF8EEZ	KM26	OK2IP	JN89ef	14.097072	0.01	-25	0	1579	337	WSPR2	157900	45114	RP125-14
2025-11-12 03:36	KF8EEZ	KM26	OH6BG	KP03qa	14.097056	0.01	-16	-1	2961	356	WSPR2	296100	160740	
2025-11-12 03:36	KF8EEZ	KM26	HA5GB	JN97ba	14.097147	0.01	-28	0	1301	336	WSPR2	130100	26020	RP125-14
2025-11-12 03:36	KF8EEZ	KM26	LA1ZM	JO38ig	14.097068	0.01	-19	-1	2765	337	WSPR2	276500	126400	2.6.1
2025-11-12 03:36	KF8EEZ	KM26	HB9TJM	JN36fq	14.097055	0.01	-12	-1	1904	312	WSPR2	190400	125120	2.11_r2263
2025-11-12 03:36	KF8EEZ	KM26	EI4ACB	IO62xx	14.097164	0.01	-20	0	3021	317	WSPR2	302100	129471	
2025-11-12 03:36	KF8EEZ	KM26	G0BZB-SWL	IO84sx	14.097059	0.01	-19	0	2924	323	WSPR2	292400	133669	1.4A Kiwi
2025-11-12 03:36	KF8EEZ	KM26	PA5KT-15	JO11wl	14.097061	0.01	-25	0	2356	322	WSPR2	235600	67314	CWSL_DIGI
2025-11-12 03:36	KF8EEZ	KM26	PA0SLT/4	JO33kg	14.097066	0.01	-29	0	2335	329	WSPR2	233500	40029	web-888
2025-11-12 03:36	KF8EEZ	KM26	R1LB	KO49tq	14.097107	0.01	-18	0	2602	6	WSPR2	260200	126383	2.0_r1714
2025-11-12 03:36	KF8EEZ	KM26	GM0DHD	IO85gw	14.097066	0.01	-14	-1	3036	324	WSPR2	303600	182160	2.7.0
2025-11-12 03:36	KF8EEZ	KM26	MW7RHR	IO73qg	14.097066	0.01	-23	-1	2950	319	WSPR2	295000	101143	3.0.0
2025-11-12 03:36	KF8EEZ	KM26	M9PSY	IO86ha	14.097065	0.01	-22	0	3036	325	WSPR2	303600	112766	UberSDR
2025-11-12 03:46	KF8EEZ	KM26	OE9GHV	JN47wk	14.097068	0.01	-14	0	1738	319	WSPR2	173800	104280	WD_3.2.3-1
2025-11-12 03:46	KF8EEZ	KM26	DK6UG	JN49cm	14.097068	0.01	-9	0	1981	322	WSPR2	198100	147160	WD_3.2.3
2025-11-12 03:46	KF8EEZ	KM26	LA3FY/2	JP40fj	14.097057	0.01	-23	0	2906	341	WSPR2	290600	99634	1.4A Kiwi
2025-11-12 03:46	KF8EEZ	KM26	DK0ABT	JN49pb	14.097046	0.01	-16	0	1888	323	WSPR2	188800	102491	1.4A Kiwi
2025-11-12 03:46	KF8EEZ	KM26	IW3HBX	JN65an	14.097067	0.01	-28	0	1478	317	WSPR2	147800	29560	web-888
2025-11-12 03:46	KF8EEZ	KM26	YL3LJ	KO26rr	14.097069	0.01	-25	0	2252	1	WSPR2	225200	64343	1.4A Kiwi
2025-11-12 03:46	KF8EEZ	KM26	SM7IUN	JO65mr	14.097069	0.01	-22	-1	2322	341	WSPR2	232200	86246	1.4A Kiwi
2025-11-12 03:46	KF8EEZ	KM26	PA0SLT/5	JO33kg	14.097066	0.01	-19	0	2335	329	WSPR2	233500	106743	web-888
2025-11-12 03:46	KF8EEZ	KM26	HB9HXZ	JN47bk	14.0971	0.01	-23	0	1843	317	WSPR2	184300	63189	1.4A Kiwi
2025-11-12 03:46	KF8EEZ	KM26	DL6OW-WTM	JO33uo	14.096999	0.01	-26	-1	2324	330	WSPR2	232400	59760	1.4A Kiwi
2025-11-12 03:46	KF8EEZ	KM26	EI5DPB	IO63rm	14.097068	0.01	-25	0	3077	318	WSPR2	307700	87914	web-888
2025-11-12 03:46	KF8EEZ	KM26	DL4ZBE	JO40ba	14.097068	0.01	-15	0	2022	323	WSPR2	202200	115543	WD_3.3.2-1
2025-11-12 03:46	KF8EEZ	KM26	HB9VQQ/RS	JN47kh	14.097069	0.01	-10	0	1789	317	WSPR2	178900	127786	WD_3.3.2-2
2025-11-12 03:46	KF8EEZ	KM26	LX1LC	JN39ep	14.097068	0.01	-16	-1	2092	320	WSPR2	209200	113566	1.4A Kiwi
2025-11-12 03:46	KF8EEZ	KM26	DARCT13	JN47wn	14.097068	0.01	-12	0	1747	320	WSPR2	174700	114803	1.4A Kiwi
2025-11-12 03:46	KF8EEZ	KM26	HB9VQQ/KS	JN47kh	14.097068	0.01	-11	0	1789	317	WSPR2	178900	122674	WD_3.3.2-2
2025-11-12 03:46	KF8EEZ	KM26	HB9VQQ/KE	JN47kh	14.097068	0.01	-21	0	1789	317	WSPR2	178900	71560	WD_3.3.2-2
2025-11-12 03:46	KF8EEZ	KM26	HB9GZW	JN47bj	14.097166	0.01	-6	0	1840	317	WSPR2	184000	152457	WD_3.1.7
2025-11-12 03:46	KF8EEZ	KM26	HB9VQQ/RE	JN47kh	14.097072	0.01	-20	0	1789	317	WSPR2	178900	76671	WD_3.3.2-2
2025-11-12 03:46	KF8EEZ	KM26	ON5KQ	JO10os	14.097067	0.01	-7	0	2348	319	WSPR2	234800	187840	WD_3.3.2-2
2025-11-12 03:46	KF8EEZ	KM26	HB9VQQ/RL	JN47kh	14.097069	0.01	-22	0	1789	317	WSPR2	178900	66449	WD_3.3.2-2
2025-11-12 03:46	KF8EEZ	KM26	OE3XOE	JN87aq	14.097067	0.01	-18	-1	1445	332	WSPR2	144500	70186	WD_3.3.2-2
2025-11-12 03:46	KF8EEZ	KM26	HB9VQQ	JN47kh	14.097069	0.01	-10	0	1789	317	WSPR2	178900	127786	WD_3.3.2-2
2025-11-12 03:46	KF8EEZ	KM26	G4HZX	IO91xk	14.097067	0.01	-19	0	2579	318	WSPR2	257900	117897	WD_3.3.2-1
2025-11-12 03:46	KF8EEZ	KM26	EA8BFK	IL38bo	14.097067	0.01	-20	0	3717	268	WSPR2	371700	159300	WD_3.3.2-2
2025-11-12 03:46	KF8EEZ	KM26	OE3GBB/Q	JN87aq	14.097067	0.01	-21	0	1445	332	WSPR2	144500	57800	WD_3.3.2-2
2025-11-12 03:46	KF8EEZ	KM26	DB1UJ-1	JO41jr	14.097068	0.01	-26	0	2121	328	WSPR2	212100	54540	1.4A Kiwi
2025-11-12 03:46	KF8EEZ	KM26	OE9XRV	JN47um	14.097067	0.01	-12	0	1753	319	WSPR2	175300	115197	WD_3.3.2-2
2025-11-12 03:46	KF8EEZ	KM26	PD0OHW	JO33lc	14.097067	0.01	-14	0	2317	329	WSPR2	231700	139020	WD_3.2.3
2025-11-12 03:46	KF8EEZ	KM26	F4VTQ	JN28ux	14.097071	0.01	-17	0	2088	318	WSPR2	208800	107383	WD_3.3.2-1
2025-11-12 03:46	KF8EEZ	KM26	PE0MJX	JO31ai	14.097067	0.01	-15	0	2230	324	WSPR2	223000	127429	WD_3.2.3
2025-11-12 03:46	KF8EEZ	KM26	OH6BG	KP03qa	14.097056	0.01	-13	0	2961	356	WSPR2	296100	186120	
2025-11-12 03:46	KF8EEZ	KM26	OE6PJF	JN76ov	14.097062	0.01	-19	0	1411	328	WSPR2	141100	64503	RP125-14
2025-11-12 03:46	KF8EEZ	KM26	DK4RW/1	JO40oe	14.097067	0.01	-26	0	1978	325	WSPR2	197800	50863	
2025-11-12 03:46	KF8EEZ	KM26	PA0SLT/4	JO33kg	14.097067	0.01	-16	0	2335	329	WSPR2	233500	126757	web-888
2025-11-12 03:46	KF8EEZ	KM26	DD5XX	JN48ps	14.097074	0.01	-16	0	1867	322	WSPR2	186700	101351	
2025-11-12 03:46	KF8EEZ	KM26	SV1CDN	KM17tx	14.097073	0.01	-26	0	204	325	WSPR2	20400	5246	2.1.0
2025-11-12 03:46	KF8EEZ	KM26	R1LB	KO49tq	14.097109	0.01	-21	0	2602	6	WSPR2	260200	104080	2.0_r1714
2025-11-12 03:46	KF8EEZ	KM26	PA5KT-15	JO11wl	14.097061	0.01	-27	0	2356	322	WSPR2	235600	53851	CWSL_DIGI
2025-11-12 03:46	KF8EEZ	KM26	DL1ECN-1	JO32uo	14.097068	0.01	-24	0	2242	329	WSPR2	224200	70463	1.4A Kiwi
2025-11-12 03:46	KF8EEZ	KM26	DF7PNX	JN49av	14.097068	0.01	-25	0	2017	323	WSPR2	201700	57629	1.4A Kiwi
2025-11-12 03:46	KF8EEZ	KM26	DG5DH	JO41ds	14.097101	0.01	-23	1	2148	328	WSPR2	214800	73646	v1.2.96
2025-11-12 03:46	KF8EEZ	KM26	DG3SDK	JN48pr	14.097068	0.01	-18	0	1863	322	WSPR2	186300	90489	1.4A Kiwi
2025-11-12 03:46	KF8EEZ	KM26	DL3TU	JN48mm	14.097085	0.01	-18	0	1862	321	WSPR2	186200	90440	
2025-11-12 03:46	KF8EEZ	KM26	HB9TJM	JN36fq	14.097055	0.01	-15	0	1904	312	WSPR2	190400	108800	2.11_r2263
2025-11-12 03:46	KF8EEZ	KM26	GM0DHD	IO85gw	14.097067	0.01	-13	0	3036	324	WSPR2	303600	190834	2.7.0
2025-11-12 03:46	KF8EEZ	KM26	EI4ACB	IO62xx	14.097166	0.01	-21	0	3021	317	WSPR2	302100	120840	
2025-11-12 03:46	KF8EEZ	KM26	HB9DSE	JN37wb	14.097068	0.01	-21	0	1835	315	WSPR2	183500	73400	1.4A Kiwi
2025-11-12 03:46	KF8EEZ	KM26	DL0BR/1	JO43jb	14.097066	0.01	-20	0	2231	331	WSPR2	223100	95614	web-888
2025-11-12 03:46	KF8EEZ	KM26	OZ7IT	JO65df	14.097068	0.01	-13	0	2296	339	WSPR2	229600	144320	2.5.2
2025-11-12 03:46	KF8EEZ	KM26	DL1ECN-8	JO32uo	14.097069	0.01	-23	0	2242	329	WSPR2	224200	76869	web-888
2025-11-12 03:46	KF8EEZ	KM26	F4VTQ/H	JN28ux	14.097085	0.01	-23	0	2088	318	WSPR2	208800	71589	SparkSDR
2025-11-12 03:46	KF8EEZ	KM26	DL2ZZ	JO31lo	14.097068	0.01	-24	-1	2201	325	WSPR2	220100	69174	
2025-11-12 03:46	KF8EEZ	KM26	M9PSY	IO86ha	14.097066	0.01	-24	0	3036	325	WSPR2	303600	95417	UberSDR
2025-11-12 03:56	KF8EEZ	KM26	DK6UG	JN49cm	14.097068	0.01	-18	1	1981	322	WSPR2	198100	96220	WD_3.2.3
2025-11-12 03:56	KF8EEZ	KM26	LX1LC	JN39ep	14.097068	0.01	-21	0	2092	320	WSPR2	209200	83680	1.4A Kiwi
2025-11-12 03:56	KF8EEZ	KM26	SV9084SWL	KM25uf	14.097066	0.01	-19	0	155	154	WSPR2	15500	7086	web-888
2025-11-12 03:56	KF8EEZ	KM26	DB1UJ-1	JO41jr	14.097068	0.01	-26	1	2121	328	WSPR2	212100	54540	1.4A Kiwi
2025-11-12 03:56	KF8EEZ	KM26	IT9JFW	JM68qd	14.09707	0.01	-24	0	1040	284	WSPR2	104000	32686	web-888
2025-11-12 03:56	KF8EEZ	KM26	DG3SDK	JN48pr	14.097068	0.01	-22	0	1863	322	WSPR2	186300	69197	1.4A Kiwi
2025-11-12 03:56	KF8EEZ	KM26	DF7PNX	JN49av	14.097068	0.01	-26	0	2017	323	WSPR2	201700	51866	1.4A Kiwi
2025-11-12 03:56	KF8EEZ	KM26	OK1HRA	JO60wa	14.097108	0.01	-15	0	1749	333	WSPR2	174900	99943	1.4A Kiwi
2025-11-12 03:56	KF8EEZ	KM26	PA0SLT/5	JO33kg	14.097066	0.01	-21	0	2335	329	WSPR2	233500	93400	web-888
2025-11-12 03:56	KF8EEZ	KM26	DL0BR/1	JO43jb	14.097065	0.01	-27	1	2231	331	WSPR2	223100	50994	web-888
2025-11-12 03:56	KF8EEZ	KM26	SM7KHA	JO65kv	14.097068	0.01	-24	0	2343	341	WSPR2	234300	73637	1.4A Kiwi
2025-11-12 03:56	KF8EEZ	KM26	DL4ZBE	JO40ba	14.097068	0.01	-17	0	2022	323	WSPR2	202200	103989	WD_3.3.2-1
2025-11-12 03:56	KF8EEZ	KM26	HB9VQQ	JN47kh	14.097069	0.01	-11	0	1789	317	WSPR2	178900	122674	WD_3.3.2-2
2025-11-12 03:56	KF8EEZ	KM26	G4ZFQ	IO90ir	14.097067	0.01	-26	0	2618	316	WSPR2	261800	67320	WD_3.3.2-1
2025-11-12 03:56	KF8EEZ	KM26	I0UVN	JN61nl	14.097068	0.01	-13	1	1163	302	WSPR2	116300	73103	WD_3.2.3-1
2025-11-12 03:56	KF8EEZ	KM26	OE9GHV	JN47wk	14.097067	0.01	-16	1	1738	319	WSPR2	173800	94349	WD_3.2.3-1
2025-11-12 03:56	KF8EEZ	KM26	HB9VQQ/KS	JN47kh	14.097067	0.01	-12	0	1789	317	WSPR2	178900	117563	WD_3.3.2-2
2025-11-12 03:56	KF8EEZ	KM26	PE0MJX	JO31ai	14.097067	0.01	-13	1	2230	324	WSPR2	223000	140171	WD_3.2.3
2025-11-12 03:56	KF8EEZ	KM26	DARCT13	JN47wn	14.097068	0.01	-22	0	1747	320	WSPR2	174700	64889	1.4A Kiwi
2025-11-12 03:56	KF8EEZ	KM26	HB9VQQ/KE	JN47kh	14.097067	0.01	-26	1	1789	317	WSPR2	178900	46003	WD_3.3.2-2
2025-11-12 03:56	KF8EEZ	KM26	ON5KQ	JO10os	14.097067	0.01	-13	0	2348	319	WSPR2	234800	147589	WD_3.3.2-2
2025-11-12 03:56	KF8EEZ	KM26	HB9VQQ/RE	JN47kh	14.097072	0.01	-26	1	1789	317	WSPR2	178900	46003	WD_3.3.2-2
2025-11-12 03:56	KF8EEZ	KM26	DK0ABT	JN49pb	14.097046	0.01	-14	0	1888	323	WSPR2	188800	113280	1.4A Kiwi
2025-11-12 03:56	KF8EEZ	KM26	EA8BFK	IL38bo	14.097067	0.01	-21	0	3717	268	WSPR2	371700	148680	WD_3.3.2-2
2025-11-12 03:56	KF8EEZ	KM26	HB9VQQ/RL	JN47kh	14.097068	0.01	-22	0	1789	317	WSPR2	178900	66449	WD_3.3.2-2
2025-11-12 03:56	KF8EEZ	KM26	F4VTQ	JN28ux	14.097071	0.01	-25	0	2088	318	WSPR2	208800	59657	WD_3.3.2-1
2025-11-12 03:56	KF8EEZ	KM26	HB9GZW	JN47bj	14.097166	0.01	-11	0	1840	317	WSPR2	184000	126171	WD_3.1.7
2025-11-12 03:56	KF8EEZ	KM26	OE3XOE	JN87aq	14.097067	0.01	-20	3	1445	332	WSPR2	144500	61929	WD_3.3.2-2
2025-11-12 03:56	KF8EEZ	KM26	HB9VQQ/RS	JN47kh	14.097069	0.01	-11	0	1789	317	WSPR2	178900	122674	WD_3.3.2-2
2025-11-12 03:56	KF8EEZ	KM26	HB9HXZ	JN47bk	14.097099	0.01	-27	0	1843	317	WSPR2	184300	42126	1.4A Kiwi
2025-11-12 03:56	KF8EEZ	KM26	OE9XRV	JN47um	14.097067	0.01	-20	0	1753	319	WSPR2	175300	75129	WD_3.3.2-2
2025-11-12 03:56	KF8EEZ	KM26	OE3GBB/Q	JN87aq	14.097067	0.01	-24	0	1445	332	WSPR2	144500	45414	WD_3.3.2-2
2025-11-12 03:56	KF8EEZ	KM26	G0BZB-SWL	IO84sx	14.09706	0.01	-23	0	2924	323	WSPR2	292400	100251	1.4A Kiwi
2025-11-12 03:56	KF8EEZ	KM26	G4HZX	IO91xk	14.097067	0.01	-17	0	2579	318	WSPR2	257900	132634	WD_3.3.2-1
2025-11-12 03:56	KF8EEZ	KM26	PD0OHW	JO33lc	14.097067	0.01	-15	0	2317	329	WSPR2	231700	132400	WD_3.2.3
2025-11-12 03:56	KF8EEZ	KM26	DK8FT	JN58oe	14.097067	0.01	-26	0	1719	324	WSPR2	171900	44203	
2025-11-12 03:56	KF8EEZ	KM26	PI4THT	JO32kf	14.09708	0.01	-17	0	2253	327	WSPR2	225300	115869	0.6
2025-11-12 03:56	KF8EEZ	KM26	OE6PJF	JN76ov	14.097062	0.01	-26	0	1411	328	WSPR2	141100	36283	RP125-14
2025-11-12 03:56	KF8EEZ	KM26	OH6BG	KP03qa	14.097056	0.01	-16	0	2961	356	WSPR2	296100	160740	
2025-11-12 03:56	KF8EEZ	KM26	OK2IP	JN89ef	14.097072	0.01	-20	4	1579	337	WSPR2	157900	67671	RP125-14
2025-11-12 03:56	KF8EEZ	KM26	SM7IUN	JO65mr	14.097068	0.01	-24	0	2322	341	WSPR2	232200	72977	1.4A Kiwi
2025-11-12 03:56	KF8EEZ	KM26	M0JLY	IO81wv	14.097071	0.01	-27	0	2730	317	WSPR2	273000	62400	1.4A Kiwi
2025-11-12 03:56	KF8EEZ	KM26	DG7SFI-2	JO54ed	14.097063	0.01	-26	0	2261	335	WSPR2	226100	58140	
2025-11-12 03:56	KF8EEZ	KM26	GM0DHD	IO85gw	14.097067	0.01	-15	0	3036	324	WSPR2	303600	173486	2.7.0
2025-11-12 03:56	KF8EEZ	KM26	YL3LJ	KO26rr	14.097068	0.01	-26	1	2252	1	WSPR2	225200	57909	1.4A Kiwi
2025-11-12 03:56	KF8EEZ	KM26	SV1CDN	KM17tx	14.097073	0.01	-25	0	204	325	WSPR2	20400	5829	2.1.0
2025-11-12 03:56	KF8EEZ	KM26	DD5XX	JN48ps	14.097074	0.01	-22	0	1867	322	WSPR2	186700	69346	
2025-11-12 03:56	KF8EEZ	KM26	EI4ACB	IO62xx	14.097166	0.01	-18	0	3021	317	WSPR2	302100	146734	
2025-11-12 03:56	KF8EEZ	KM26	R1LB	KO49tq	14.097108	0.01	-24	0	2602	6	WSPR2	260200	81777	2.0_r1714
2025-11-12 03:56	KF8EEZ	KM26	DF8OE	JO42jr	14.097103	0.01	-18	0	2203	330	WSPR2	220300	107003	
2025-11-12 03:56	KF8EEZ	KM26	PA5KT-15	JO11wl	14.097062	0.01	-28	0	2356	322	WSPR2	235600	47120	CWSL_DIGI
2025-11-12 03:56	KF8EEZ	KM26	SP2RM	JO94hj	14.097084	0.01	-22	0	2051	348	WSPR2	205100	76180	rtlsdr-056
2025-11-12 03:56	KF8EEZ	KM26	HB9DSE	JN37wb	14.097068	0.01	-21	0	1835	315	WSPR2	183500	73400	1.4A Kiwi
2025-11-12 03:56	KF8EEZ	KM26	IW3HBX	JN65an	14.097067	0.01	-17	0	1478	317	WSPR2	147800	76011	web-888
2025-11-12 03:56	KF8EEZ	KM26	DC1RDB	JN58ss	14.097067	0.01	-25	1	1748	326	WSPR2	174800	49943	RP122-16
2025-11-12 03:56	KF8EEZ	KM26	IZ6QZB	JN62qi	14.097075	0.01	-15	1	1189	307	WSPR2	118900	67943	0.8_r3058
2025-11-12 03:56	KF8EEZ	KM26	DL1ECN-1	JO32uo	14.097068	0.01	-24	0	2242	329	WSPR2	224200	70463	1.4A Kiwi
2025-11-12 03:56	KF8EEZ	KM26	DK4RW/1	JO40oe	14.097066	0.01	-23	1	1978	325	WSPR2	197800	67817	
2025-11-12 03:56	KF8EEZ	KM26	EI5DPB	IO63rm	14.097068	0.01	-26	0	3077	318	WSPR2	307700	79123	web-888
2025-11-12 03:56	KF8EEZ	KM26	SQ3H	JO82kq	14.097063	0.01	-22	0	1910	343	WSPR2	191000	70943	rtlsdr-056
2025-11-12 03:56	KF8EEZ	KM26	OK2IT	JN89dg	14.097068	0.01	-25	4	1586	336	WSPR2	158600	45314	web-888
2025-11-12 03:56	KF8EEZ	KM26	PA0SLT/4	JO33kg	14.097067	0.01	-17	0	2335	329	WSPR2	233500	120086	web-888
2025-11-12 03:56	KF8EEZ	KM26	HB9TJM	JN36fq	14.097056	0.01	-14	0	1904	312	WSPR2	190400	114240	2.11_r2263
2025-11-12 03:56	KF8EEZ	KM26	DL4RU	JN69cr	14.097069	0.01	-24	1	1795	329	WSPR2	179500	56414	2.5.4
2025-11-12 03:56	KF8EEZ	KM26	DL3TU	JN48mm	14.097085	0.01	-20	0	1862	321	WSPR2	186200	79800	
2025-11-12 03:56	KF8EEZ	KM26	OZ7IT	JO65df	14.097067	0.01	-25	0	2296	339	WSPR2	229600	65600	2.5.2
2025-11-12 03:56	KF8EEZ	KM26	DK8AF	JN59	14.097049	0.01	-22	1	1834	326	WSPR2	183400	68120	2.6.1
2025-11-12 03:56	KF8EEZ	KM26	OH3FR	KP20	14.097084	0.01	-17	0	2669	0	WSPR2	266900	137263	2.7.0
2025-11-12 03:56	KF8EEZ	KM26	DL1ECN-8	JO32uo	14.097069	0.01	-24	0	2242	329	WSPR2	224200	70463	web-888
2025-11-12 03:56	KF8EEZ	KM26	LA1ZM	JO38ig	14.097069	0.01	-23	0	2765	337	WSPR2	276500	94800	2.6.1
2025-11-12 03:56	KF8EEZ	KM26	PD0RLF	JO22hh	14.097073	0.01	-24	1	2373	324	WSPR2	237300	74580	2.6.1
2025-11-12 03:56	KF8EEZ	KM26	M9PSY	IO86ha	14.097066	0.01	-24	0	3036	325	WSPR2	303600	95417	UberSDR
2025-11-12 04:06	KF8EEZ	KM26	DK6UG	JN49cm	14.097068	0.01	-18	0	1981	322	WSPR2	198100	96220	WD_3.2.3
2025-11-12 04:06	KF8EEZ	KM26	DL4ZBE	JO40ba	14.097068	0.01	-17	0	2022	323	WSPR2	202200	103989	WD_3.3.2-1
2025-11-12 04:06	KF8EEZ	KM26	SV9084SWL	KM25uf	14.097066	0.01	-21	0	155	154	WSPR2	15500	6200	web-888
2025-11-12 04:06	KF8EEZ	KM26	DL6OW-WTM	JO33uo	14.097	0.01	-26	-1	2324	330	WSPR2	232400	59760	1.4A Kiwi
2025-11-12 04:06	KF8EEZ	KM26	HB9HXZ	JN47bk	14.0971	0.01	-25	0	1843	317	WSPR2	184300	52657	1.4A Kiwi
2025-11-12 04:06	KF8EEZ	KM26	DF7PNX	JN49av	14.097068	0.01	-27	0	2017	323	WSPR2	201700	46103	1.4A Kiwi
2025-11-12 04:06	KF8EEZ	KM26	DK0ABT	JN49pb	14.097047	0.01	-17	0	1888	323	WSPR2	188800	97097	1.4A Kiwi
2025-11-12 04:06	KF8EEZ	KM26	SM7IUN	JO65mr	14.097068	0.01	-19	0	2322	341	WSPR2	232200	106149	1.4A Kiwi
2025-11-12 04:06	KF8EEZ	KM26	SM7KHA	JO65kv	14.097069	0.01	-18	0	2343	341	WSPR2	234300	113803	1.4A Kiwi
2025-11-12 04:06	KF8EEZ	KM26	LX1LC	JN39ep	14.097069	0.01	-13	0	2092	320	WSPR2	209200	131497	1.4A Kiwi
2025-11-12 04:06	KF8EEZ	KM26	OK1HRA	JO60wa	14.097108	0.01	-12	0	1749	333	WSPR2	174900	114934	1.4A Kiwi
2025-11-12 04:06	KF8EEZ	KM26	G4ZFQ	IO90ir	14.097067	0.01	-25	0	2618	316	WSPR2	261800	74800	WD_3.3.2-1
2025-11-12 04:06	KF8EEZ	KM26	HB9VQQ/KS	JN47kh	14.097068	0.01	-6	0	1789	317	WSPR2	178900	148231	WD_3.3.2-2
2025-11-12 04:06	KF8EEZ	KM26	I0UVN	JN61nl	14.097068	0.01	-14	0	1163	302	WSPR2	116300	69780	WD_3.2.3-1
2025-11-12 04:06	KF8EEZ	KM26	OE9GHV	JN47wk	14.097068	0.01	-27	0	1738	319	WSPR2	173800	39726	WD_3.2.3-1
2025-11-12 04:06	KF8EEZ	KM26	HB9VQQ/KE	JN47kh	14.097068	0.01	-21	0	1789	317	WSPR2	178900	71560	WD_3.3.2-2
2025-11-12 04:06	KF8EEZ	KM26	HB9VQQ/RE	JN47kh	14.097072	0.01	-21	0	1789	317	WSPR2	178900	71560	WD_3.3.2-2
2025-11-12 04:06	KF8EEZ	KM26	PE0MJX	JO31ai	14.097068	0.01	-15	0	2230	324	WSPR2	223000	127429	WD_3.2.3
2025-11-12 04:06	KF8EEZ	KM26	HB9VQQ/RL	JN47kh	14.097069	0.01	-18	0	1789	317	WSPR2	178900	86894	WD_3.3.2-2
2025-11-12 04:06	KF8EEZ	KM26	HB9GZW	JN47bj	14.097166	0.01	-9	0	1840	317	WSPR2	184000	136686	WD_3.1.7
2025-11-12 04:06	KF8EEZ	KM26	HB9VQQ	JN47kh	14.097069	0.01	-5	0	1789	317	WSPR2	178900	153343	WD_3.3.2-2
2025-11-12 04:06	KF8EEZ	KM26	HB9VQQ/RS	JN47kh	14.097069	0.01	-5	0	1789	317	WSPR2	178900	153343	WD_3.3.2-2
2025-11-12 04:06	KF8EEZ	KM26	DB1UJ-1	JO41jr	14.097068	0.01	-24	0	2121	328	WSPR2	212100	66660	1.4A Kiwi
2025-11-12 04:06	KF8EEZ	KM26	ON5KQ	JO10os	14.097068	0.01	-11	0	2348	319	WSPR2	234800	161006	WD_3.3.2-2
2025-11-12 04:06	KF8EEZ	KM26	PD0OHW	JO33lc	14.097068	0.01	-11	0	2317	329	WSPR2	231700	158880	WD_3.2.3
2025-11-12 04:06	KF8EEZ	KM26	G4HZX	IO91xk	14.097067	0.01	-16	0	2579	318	WSPR2	257900	140003	WD_3.3.2-1
2025-11-12 04:06	KF8EEZ	KM26	OE3XOE	JN87aq	14.097069	0.01	-16	-3	1445	332	WSPR2	144500	78443	WD_3.3.2-2
2025-11-12 04:06	KF8EEZ	KM26	OE3GBB/Q	JN87aq	14.097067	0.01	-17	-1	1445	332	WSPR2	144500	74314	WD_3.3.2-2
2025-11-12 04:06	KF8EEZ	KM26	EA8BFK	IL38bo	14.097067	0.01	-26	0	3717	268	WSPR2	371700	95580	WD_3.3.2-2
2025-11-12 04:06	KF8EEZ	KM26	OE9XRV	JN47um	14.097068	0.01	-26	0	1753	319	WSPR2	175300	45077	WD_3.3.2-2
2025-11-12 04:06	KF8EEZ	KM26	DK4RW/1	JO40oe	14.097067	0.01	-26	0	1978	325	WSPR2	197800	50863	
2025-11-12 04:06	KF8EEZ	KM26	PI4THT	JO32kf	14.09708	0.01	-12	0	2253	327	WSPR2	225300	148054	0.6
2025-11-12 04:06	KF8EEZ	KM26	OK2IP	JN89ef	14.097073	0.01	-18	1	1579	337	WSPR2	157900	76694	RP125-14
2025-11-12 04:06	KF8EEZ	KM26	OE6PJF	JN76ov	14.097061	0.01	-15	-1	1411	328	WSPR2	141100	80629	RP125-14
2025-11-12 04:06	KF8EEZ	KM26	DK8FT	JN58oe	14.097067	0.01	-27	0	1719	324	WSPR2	171900	39291	
2025-11-12 04:06	KF8EEZ	KM26	SV1CDN	KM17tx	14.097073	0.01	-28	0	204	325	WSPR2	20400	4080	2.1.0
2025-11-12 04:06	KF8EEZ	KM26	DC1RDB	JN58ss	14.097067	0.01	-25	0	1748	326	WSPR2	174800	49943	RP122-16
2025-11-12 04:06	KF8EEZ	KM26	DD5XX	JN48ps	14.097075	0.01	-18	0	1867	322	WSPR2	186700	90683	
2025-11-12 04:06	KF8EEZ	KM26	M0JLY	IO81wv	14.097071	0.01	-24	0	2730	317	WSPR2	273000	85800	1.4A Kiwi
2025-11-12 04:06	KF8EEZ	KM26	G8SRV	IO91pm	14.09719	0.01	-24	0	2624	318	WSPR2	262400	82469	2.7.0
2025-11-12 04:06	KF8EEZ	KM26	OH6BG	KP03qa	14.097057	0.01	-17	0	2961	356	WSPR2	296100	152280	
2025-11-12 04:06	KF8EEZ	KM26	DL8KCW	JO42pb	14.097067	0.01	-8	0	2125	330	WSPR2	212500	163929	3.0.0-rc1
2025-11-12 04:06	KF8EEZ	KM26	DG5DH	JO41ds	14.097101	0.01	-20	0	2148	328	WSPR2	214800	92057	v1.2.96
2025-11-12 04:06	KF8EEZ	KM26	DL3TU	JN48mm	14.097086	0.01	-20	0	1862	321	WSPR2	186200	79800	
2025-11-12 04:06	KF8EEZ	KM26	DG3SDK	JN48pr	14.097068	0.01	-21	0	1863	322	WSPR2	186300	74520	1.4A Kiwi
2025-11-12 04:06	KF8EEZ	KM26	DL4RU	JN69cr	14.097069	0.01	-25	0	1795	329	WSPR2	179500	51286	2.5.4
2025-11-12 04:06	KF8EEZ	KM26	IT9JFW	JM68qd	14.097071	0.01	-24	0	1040	284	WSPR2	104000	32686	web-888
2025-11-12 04:06	KF8EEZ	KM26	LA1ZM	JO38ig	14.097069	0.01	-26	0	2765	337	WSPR2	276500	71100	2.6.1
2025-11-12 04:06	KF8EEZ	KM26	S59DGO	JN75cn	14.09707	0.01	-23	0	1352	322	WSPR2	135200	46354	v1.3.0-dev
2025-11-12 04:06	KF8EEZ	KM26	SQ3H	JO82kq	14.097063	0.01	-16	0	1910	343	WSPR2	191000	103686	rtlsdr-056
2025-11-12 04:06	KF8EEZ	KM26	PA0SLT/5	JO33kg	14.097066	0.01	-17	0	2335	329	WSPR2	233500	120086	web-888
2025-11-12 04:06	KF8EEZ	KM26	DL1ECN-1	JO32uo	14.097069	0.01	-22	0	2242	329	WSPR2	224200	83274	1.4A Kiwi
2025-11-12 04:06	KF8EEZ	KM26	DL2ZZ	JO31lo	14.097068	0.01	-28	0	2201	325	WSPR2	220100	44020	
2025-11-12 04:06	KF8EEZ	KM26	PA0SLT/4	JO33kg	14.097067	0.01	-14	0	2335	329	WSPR2	233500	140100	web-888
2025-11-12 04:06	KF8EEZ	KM26	DO4ZT	JO61vd	14.097078	0.01	-23	0	1856	335	WSPR2	185600	63634	v1.2.92
2025-11-12 04:06	KF8EEZ	KM26	SP8NAJ	KO00wb	14.097081	0.01	-18	0	1531	352	WSPR2	153100	74363	2.2.159
2025-11-12 04:06	KF8EEZ	KM26	OZ7IT	JO65df	14.097068	0.01	-24	0	2296	339	WSPR2	229600	72160	2.5.2
2025-11-12 04:06	KF8EEZ	KM26	DL0BR/1	JO43jb	14.097066	0.01	-21	0	2231	331	WSPR2	223100	89240	web-888
2025-11-12 04:06	KF8EEZ	KM26	IZ6QZB	JN62qi	14.097075	0.01	-18	0	1189	307	WSPR2	118900	57751	0.8_r3058
2025-11-12 04:06	KF8EEZ	KM26	DL1ECN-8	JO32uo	14.097069	0.01	-22	0	2242	329	WSPR2	224200	83274	web-888
2025-11-12 04:16	KF8EEZ	KM36	DK6UG	JN49cm	14.097067	0.01	-20	0	2093	320	WSPR2	209300	89700	WD_3.2.3
2025-11-12 04:16	KF8EEZ	KM36	OK1HRA	JO60wa	14.097108	0.01	-16	0	1835	329	WSPR2	183500	99614	1.4A Kiwi
2025-11-12 04:16	KF8EEZ	KM36	HB9HXZ	JN47bk	14.097101	0.01	-26	0	1968	314	WSPR2	196800	50606	1.4A Kiwi
2025-11-12 04:16	KF8EEZ	KM36	DARCT13	JN47wn	14.097068	0.01	-19	0	1866	317	WSPR2	186600	85303	1.4A Kiwi
2025-11-12 04:16	KF8EEZ	KM36	LX1LC	JN39ep	14.097068	0.01	-16	0	2209	318	WSPR2	220900	119917	1.4A Kiwi
2025-11-12 04:16	KF8EEZ	KM36	DL4ZBE	JO40ba	14.097068	0.01	-19	0	2132	321	WSPR2	213200	97463	WD_3.3.2-1
2025-11-12 04:16	KF8EEZ	KM36	PA0SLT/5	JO33kg	14.097066	0.01	-18	0	2430	327	WSPR2	243000	118029	web-888
2025-11-12 04:16	KF8EEZ	KM36	IW3HBX	JN65an	14.097067	0.01	-20	0	1604	314	WSPR2	160400	68743	web-888
2025-11-12 04:16	KF8EEZ	KM36	DL0BR/1	JO43jb	14.097066	0.01	-21	0	2322	328	WSPR2	232200	92880	web-888
2025-11-12 04:16	KF8EEZ	KM36	HB9VQQ	JN47kh	14.097069	0.01	-16	0	1913	315	WSPR2	191300	103849	WD_3.3.2-2
2025-11-12 04:16	KF8EEZ	KM36	DK0ABT	JN49pb	14.097047	0.01	-15	0	2000	320	WSPR2	200000	114286	1.4A Kiwi
2025-11-12 04:16	KF8EEZ	KM36	HB9VQQ/RS	JN47kh	14.097069	0.01	-16	0	1913	315	WSPR2	191300	103849	WD_3.3.2-2
2025-11-12 04:16	KF8EEZ	KM36	SM7IUN	JO65mr	14.097068	0.01	-21	0	2384	338	WSPR2	238400	95360	1.4A Kiwi
2025-11-12 04:16	KF8EEZ	KM36	OE9GHV	JN47wk	14.097068	0.01	-21	0	1858	316	WSPR2	185800	74320	WD_3.2.3-1
2025-11-12 04:16	KF8EEZ	KM36	SM7KHA	JO65kv	14.097068	0.01	-22	0	2405	338	WSPR2	240500	89329	1.4A Kiwi
2025-11-12 04:16	KF8EEZ	KM36	OH2BUA	KP30bx	14.097063	0.01	-22	0	2725	359	WSPR2	272500	101214	DS_1.0
2025-11-12 04:16	KF8EEZ	KM36	ON5KQ	JO10os	14.097067	0.01	-10	0	2467	318	WSPR2	246700	176214	WD_3.3.2-2
2025-11-12 04:16	KF8EEZ	KM36	DC5AL-R	JO31lk	14.09706	0.01	-28	-1	2294	323	WSPR2	229400	45880	
2025-11-12 04:16	KF8EEZ	KM36	HB9GZW	JN47bj	14.097166	0.01	-9	0	1966	314	WSPR2	196600	146046	WD_3.1.7
2025-11-12 04:16	KF8EEZ	KM36	PE0MJX	JO31ai	14.097068	0.01	-12	0	2338	322	WSPR2	233800	153640	WD_3.2.3
2025-11-12 04:16	KF8EEZ	KM36	HB9VQQ/KS	JN47kh	14.097068	0.01	-17	0	1913	315	WSPR2	191300	98383	WD_3.3.2-2
2025-11-12 04:16	KF8EEZ	KM36	I0UVN	JN61nl	14.097068	0.01	-14	0	1317	299	WSPR2	131700	79020	WD_3.2.3-1
2025-11-12 04:16	KF8EEZ	KM36	F4VTQ	JN28ux	14.097071	0.01	-23	0	2210	316	WSPR2	221000	75771	WD_3.3.2-1
2025-11-12 04:16	KF8EEZ	KM36	OE9XRV	JN47um	14.097067	0.01	-17	0	1874	316	WSPR2	187400	96377	WD_3.3.2-2
2025-11-12 04:16	KF8EEZ	KM36	PD0OHW	JO33lc	14.097068	0.01	-7	0	2414	326	WSPR2	241400	193120	WD_3.2.3
2025-11-12 04:16	KF8EEZ	KM36	OE3GBB/Q	JN87aq	14.097068	0.01	-14	0	1535	328	WSPR2	153500	92100	WD_3.3.2-2
2025-11-12 04:16	KF8EEZ	KM36	DB1UJ-1	JO41jr	14.097068	0.01	-23	0	2219	326	WSPR2	221900	76080	1.4A Kiwi
2025-11-12 04:16	KF8EEZ	KM36	OE3XOE	JN87aq	14.097068	0.01	-13	0	1535	328	WSPR2	153500	96486	WD_3.3.2-2
2025-11-12 04:16	KF8EEZ	KM36	PI4RSZ	JO21hp	14.097115	0.01	-25	0	2437	321	WSPR2	243700	69629	WD_3.3.2-1
2025-11-12 04:16	KF8EEZ	KM36	G4HZX	IO91xk	14.097067	0.01	-24	0	2701	317	WSPR2	270100	84889	WD_3.3.2-1
2025-11-12 04:16	KF8EEZ	KM36	OK2IP	JN89ef	14.097073	0.01	-20	1	1656	332	WSPR2	165600	70971	RP125-14
2025-11-12 04:16	KF8EEZ	KM36	PI4THT	JO32kf	14.09708	0.01	-14	0	2354	324	WSPR2	235400	141240	0.6
2025-11-12 04:16	KF8EEZ	KM36	DG3SDK	JN48pr	14.097068	0.01	-26	0	1977	319	WSPR2	197700	50837	1.4A Kiwi
2025-11-12 04:16	KF8EEZ	KM36	DK4RW/1	JO40oe	14.097067	0.01	-23	0	2083	323	WSPR2	208300	71417	
2025-11-12 04:16	KF8EEZ	KM36	DL6OW-WTM	JO33uo	14.097004	0.01	-26	-1	2415	328	WSPR2	241500	62100	1.4A Kiwi
2025-11-12 04:16	KF8EEZ	KM36	DG7SFI-2	JO54ed	14.097063	0.01	-28	0	2341	332	WSPR2	234100	46820	
2025-11-12 04:16	KF8EEZ	KM36	OE6PJF	JN76ov	14.097062	0.01	-18	-1	1511	324	WSPR2	151100	73391	RP125-14
2025-11-12 04:16	KF8EEZ	KM36	YL1VA	KO07wn	14.097086	0.01	-24	0	2374	352	WSPR2	237400	74611	v1.2.92
2025-11-12 04:16	KF8EEZ	KM36	DC1RDB	JN58ss	14.097067	0.01	-25	0	1853	322	WSPR2	185300	52943	RP122-16
2025-11-12 04:16	KF8EEZ	KM36	DF7PNX	JN49av	14.097068	0.01	-27	0	2128	320	WSPR2	212800	48640	1.4A Kiwi
2025-11-12 04:16	KF8EEZ	KM36	IZ6QZB	JN62qi	14.097075	0.01	-16	0	1335	303	WSPR2	133500	72471	0.8_r3058
2025-11-12 04:16	KF8EEZ	KM36	DL0PF	JN68rn	14.097123	0.01	-23	0	1735	325	WSPR2	173500	59486	v1.2.94
2025-11-12 04:16	KF8EEZ	KM36	DL4RU	JN69cr	14.097069	0.01	-26	0	1891	326	WSPR2	189100	48626	2.5.4
2025-11-12 04:16	KF8EEZ	KM36	DG5DH	JO41ds	14.097101	0.01	-22	0	2247	325	WSPR2	224700	83460	v1.2.96
2025-11-12 04:16	KF8EEZ	KM36	OH6BG	KP03qa	14.097057	0.01	-22	-1	2976	354	WSPR2	297600	110537	
2025-11-12 04:16	KF8EEZ	KM36	PA5KT-15	JO11wl	14.097062	0.01	-27	0	2469	320	WSPR2	246900	56434	CWSL_DIGI
2025-11-12 04:16	KF8EEZ	KM36	DL2ZZ	JO31lo	14.097066	0.01	-24	0	2305	323	WSPR2	230500	72443	
2025-11-12 04:16	KF8EEZ	KM36	PA0SLT/4	JO33kg	14.097068	0.01	-15	0	2430	327	WSPR2	243000	138857	web-888
2025-11-12 04:16	KF8EEZ	KM36	DL1ECN-1	JO32uo	14.097069	0.01	-23	0	2339	326	WSPR2	233900	80194	1.4A Kiwi
2025-11-12 04:16	KF8EEZ	KM36	S59DGO	JN75cn	14.09707	0.01	-20	0	1468	317	WSPR2	146800	62914	v1.3.0-dev
2025-11-12 04:16	KF8EEZ	KM36	SA6BSS/HL	JO68sc	14.09708	0.01	-23	0	2598	342	WSPR2	259800	89074	SparkSDR
2025-11-12 04:16	KF8EEZ	KM36	DL3TU	JN48mm	14.097085	0.01	-23	0	1978	318	WSPR2	197800	67817	
2025-11-12 04:16	KF8EEZ	KM36	DL1BAJ	JO43ap	14.097068	0.01	-26	0	2403	329	WSPR2	240300	61791	web-888
2025-11-12 04:16	KF8EEZ	KM36	DL8KCW	JO42pb	14.097067	0.01	-14	0	2220	327	WSPR2	222000	133200	3.0.0-rc1
2025-11-12 04:16	KF8EEZ	KM36	OZ7IT	JO65df	14.097068	0.01	-12	0	2363	337	WSPR2	236300	155283	2.5.2
2025-11-12 04:16	KF8EEZ	KM36	DL1ECN-8	JO32uo	14.097069	0.01	-24	-1	2339	326	WSPR2	233900	73511	web-888
2025-11-12 04:26	KF8EEZ	KM36	DK6UG	JN49cm	14.097067	0.01	-10	0	2093	320	WSPR2	209300	149500	WD_3.2.3
2025-11-12 04:26	KF8EEZ	KM36	G4LCM	IO81xv	14.09707	0.01	-23	-1	2847	316	WSPR2	284700	97611	1.4A Kiwi
2025-11-12 04:26	KF8EEZ	KM36	G4AHG	IO81ok	14.097025	0.01	-25	0	2873	315	WSPR2	287300	82086	1.4A Kiwi
2025-11-12 04:26	KF8EEZ	KM36	DARCT13	JN47wn	14.097068	0.01	-17	0	1866	317	WSPR2	186600	95966	1.4A Kiwi
2025-11-12 04:26	KF8EEZ	KM36	DB1UJ-1	JO41jr	14.097068	0.01	-18	-1	2219	326	WSPR2	221900	107780	1.4A Kiwi
2025-11-12 04:26	KF8EEZ	KM36	DF1DR	JO31rm	14.097067	0.01	-25	0	2273	324	WSPR2	227300	64943	WD_3.0.3.4
2025-11-12 04:26	KF8EEZ	KM36	DG3SDK	JN48pr	14.097068	0.01	-20	0	1977	319	WSPR2	197700	84729	1.4A Kiwi
2025-11-12 04:26	KF8EEZ	KM36	SV9084SWL	KM25uf	14.097066	0.01	-15	0	179	219	WSPR2	17900	10229	web-888
2025-11-12 04:26	KF8EEZ	KM36	PA0SLT/4	JO33kg	14.097067	0.01	-19	0	2430	327	WSPR2	243000	111086	web-888
2025-11-12 04:26	KF8EEZ	KM36	PA0SLT/5	JO33kg	14.097066	0.01	-24	0	2430	327	WSPR2	243000	76371	web-888
2025-11-12 04:26	KF8EEZ	KM36	DL0BR/1	JO43jb	14.097065	0.01	-18	-1	2322	328	WSPR2	232200	112783	web-888
2025-11-12 04:26	KF8EEZ	KM36	M0JLY	IO81wv	14.097072	0.01	-23	-1	2852	316	WSPR2	285200	97783	1.4A Kiwi
2025-11-12 04:26	KF8EEZ	KM36	YL3LJ	KO26rr	14.097068	0.01	-21	0	2254	358	WSPR2	225400	90160	1.4A Kiwi
2025-11-12 04:26	KF8EEZ	KM36	HB9DSE	JN37wb	14.097068	0.01	-13	-1	1963	313	WSPR2	196300	123389	1.4A Kiwi
2025-11-12 04:26	KF8EEZ	KM36	SM7KHA	JO65kv	14.097068	0.01	-16	0	2405	338	WSPR2	240500	130557	1.4A Kiwi
2025-11-12 04:26	KF8EEZ	KM36	DL1ECN-1	JO32uo	14.097068	0.01	-16	-1	2339	326	WSPR2	233900	126974	1.4A Kiwi
2025-11-12 04:26	KF8EEZ	KM36	DF7PNX	JN49av	14.097068	0.01	-21	0	2128	320	WSPR2	212800	85120	1.4A Kiwi
2025-11-12 04:26	KF8EEZ	KM36	OE2WNL	JN67kk	14.097068	0.01	-24	0	1680	321	WSPR2	168000	52800	web-888
2025-11-12 04:26	KF8EEZ	KM36	DL1ECN-8	JO32uo	14.097069	0.01	-16	0	2339	326	WSPR2	233900	126974	web-888
2025-11-12 04:26	KF8EEZ	KM36	DK0ABT	JN49pb	14.097047	0.01	-8	-1	2000	320	WSPR2	200000	154286	1.4A Kiwi
2025-11-12 04:26	KF8EEZ	KM36	OK1HRA	JO60wa	14.097108	0.01	-10	0	1835	329	WSPR2	183500	131071	1.4A Kiwi
2025-11-12 04:26	KF8EEZ	KM36	I0UVN	JN61nl	14.097067	0.01	-13	0	1317	299	WSPR2	131700	82783	WD_3.2.3-1
2025-11-12 04:26	KF8EEZ	KM36	HB9VQQ/KS	JN47kh	14.097067	0.01	-14	0	1913	315	WSPR2	191300	114780	WD_3.3.2-2
2025-11-12 04:26	KF8EEZ	KM36	DC5AL-R	JO31lk	14.09706	0.01	-24	0	2294	323	WSPR2	229400	72097	
2025-11-12 04:26	KF8EEZ	KM36	LX1LC	JN39ep	14.097068	0.01	-11	-1	2209	318	WSPR2	220900	151474	1.4A Kiwi
2025-11-12 04:26	KF8EEZ	KM36	HB9VQQ/KE	JN47kh	14.097067	0.01	-25	0	1913	315	WSPR2	191300	54657	WD_3.3.2-2
2025-11-12 04:26	KF8EEZ	KM36	OE9GHV	JN47wk	14.097067	0.01	-27	-1	1858	316	WSPR2	185800	42469	WD_3.2.3-1
2025-11-12 04:26	KF8EEZ	KM36	DL4ZBE	JO40ba	14.097067	0.01	-10	0	2132	321	WSPR2	213200	152286	WD_3.3.2-1
2025-11-12 04:26	KF8EEZ	KM36	HB9VQQ/RE	JN47kh	14.097072	0.01	-25	-1	1913	315	WSPR2	191300	54657	WD_3.3.2-2
2025-11-12 04:26	KF8EEZ	KM36	PE0MJX	JO31ai	14.097067	0.01	-9	0	2338	322	WSPR2	233800	173680	WD_3.2.3
2025-11-12 04:26	KF8EEZ	KM36	HB9VQQ/RL	JN47kh	14.097068	0.01	-24	0	1913	315	WSPR2	191300	60123	WD_3.3.2-2
2025-11-12 04:26	KF8EEZ	KM36	OK2IP/P	JN89gd	14.097062	0.01	-15	0	1641	332	WSPR2	164100	93771	RP122-16
2025-11-12 04:26	KF8EEZ	KM36	HB9VQQ	JN47kh	14.097067	0.01	-14	0	1913	315	WSPR2	191300	114780	WD_3.3.2-2
2025-11-12 04:26	KF8EEZ	KM36	ON5KQ	JO10os	14.097067	0.01	-5	0	2467	318	WSPR2	246700	211457	WD_3.3.2-2
2025-11-12 04:26	KF8EEZ	KM36	HB9GZW	JN47bj	14.097166	0.01	-9	-1	1966	314	WSPR2	196600	146046	WD_3.1.7
2025-11-12 04:26	KF8EEZ	KM36	HB9VQQ/RS	JN47kh	14.097069	0.01	-14	-1	1913	315	WSPR2	191300	114780	WD_3.3.2-2
2025-11-12 04:26	KF8EEZ	KM36	PD0OHW	JO33lc	14.097067	0.01	-8	0	2414	326	WSPR2	241400	186223	WD_3.2.3
2025-11-12 04:26	KF8EEZ	KM36	F4VTQ/K	JN28ux	14.097067	0.01	-28	0	2210	316	WSPR2	221000	44200	WD_3.3.2-1
2025-11-12 04:26	KF8EEZ	KM36	F4VTQ	JN28ux	14.097071	0.01	-15	-1	2210	316	WSPR2	221000	126286	WD_3.3.2-1
2025-11-12 04:26	KF8EEZ	KM36	EA8BFK	IL38bo	14.097067	0.01	-24	0	3896	269	WSPR2	389600	122446	WD_3.3.2-2
2025-11-12 04:26	KF8EEZ	KM36	DG7SFI-2	JO54ed	14.097062	0.01	-25	0	2341	332	WSPR2	234100	66886	
2025-11-12 04:26	KF8EEZ	KM36	OE9XRV	JN47um	14.097067	0.01	-15	0	1874	316	WSPR2	187400	107086	WD_3.3.2-2
2025-11-12 04:26	KF8EEZ	KM36	PI4RSZ	JO21hp	14.097114	0.01	-27	0	2437	321	WSPR2	243700	55703	WD_3.3.2-1
2025-11-12 04:26	KF8EEZ	KM36	PI4THT	JO32kf	14.09708	0.01	-13	0	2354	324	WSPR2	235400	147966	0.6
2025-11-12 04:26	KF8EEZ	KM36	OE3XOE	JN87aq	14.097067	0.01	-16	0	1535	328	WSPR2	153500	83329	WD_3.3.2-2
2025-11-12 04:26	KF8EEZ	KM36	OE3GBB/Q	JN87aq	14.097067	0.01	-19	-1	1535	328	WSPR2	153500	70171	WD_3.3.2-2
2025-11-12 04:26	KF8EEZ	KM36	OK2IP	JN89ef	14.097072	0.01	-13	2	1656	332	WSPR2	165600	104091	RP125-14
2025-11-12 04:26	KF8EEZ	KM36	R2BIY	KO85to	14.097065	0.01	-24	-1	2274	17	WSPR2	227400	71469	2.6.1
2025-11-12 04:26	KF8EEZ	KM36	DK8FT	JN58oe	14.097067	0.01	-20	0	1829	320	WSPR2	182900	78386	
2025-11-12 04:26	KF8EEZ	KM36	SM7IUN	JO65mr	14.097068	0.01	-21	0	2384	338	WSPR2	238400	95360	1.4A Kiwi
2025-11-12 04:26	KF8EEZ	KM36	OE3KFB	JN78wl	14.097069	0.01	-16	0	1611	329	WSPR2	161100	87454	2.11_r2263
2025-11-12 04:26	KF8EEZ	KM36	DK4RW/1	JO40oe	14.097066	0.01	-27	-1	2083	323	WSPR2	208300	47611	
2025-11-12 04:26	KF8EEZ	KM36	OE6PJF	JN76ov	14.097061	0.01	-13	0	1511	324	WSPR2	151100	94977	RP125-14
2025-11-12 04:26	KF8EEZ	KM36	DC1RDB	JN58ss	14.097067	0.01	-23	-1	1853	322	WSPR2	185300	63531	RP122-16
2025-11-12 04:26	KF8EEZ	KM36	EI4ACB	IO62xx	14.097166	0.01	-22	-1	3144	316	WSPR2	314400	116777	
2025-11-12 04:26	KF8EEZ	KM36	DF8OE	JO42jr	14.097103	0.01	-16	0	2296	328	WSPR2	229600	124640	
2025-11-12 04:26	KF8EEZ	KM36	WEBSDR64	LO21xo	14.097056	0.01	-25	0	2252	36	WSPR2	225200	64343	v1.2.95
2025-11-12 04:26	KF8EEZ	KM36	DD5XX	JN48ps	14.097075	0.01	-17	-1	1980	319	WSPR2	198000	101829	
2025-11-12 04:26	KF8EEZ	KM36	DG5DH	JO41ds	14.0971	0.01	-17	0	2247	325	WSPR2	224700	115560	v1.2.96
2025-11-12 04:26	KF8EEZ	KM36	DL6OW-MH	JO31kk	14.097113	0.01	-19	0	2298	323	WSPR2	229800	105051	1.4A Kiwi
2025-11-12 04:26	KF8EEZ	KM36	DL3TU	JN48mm	14.097085	0.01	-15	0	1978	318	WSPR2	197800	113029	
2025-11-12 04:26	KF8EEZ	KM36	G0FCH	IO91cn	14.097066	0.01	-24	0	2816	316	WSPR2	281600	88503	2.7.0
2025-11-12 04:26	KF8EEZ	KM36	DJ9BS	JN39pr	14.097062	0.01	-24	-1	2160	319	WSPR2	216000	67886	v1.2.96
2025-11-12 04:26	KF8EEZ	KM36	G8SRV	IO91pm	14.097191	0.01	-24	-1	2746	316	WSPR2	274600	86303	2.7.0
2025-11-12 04:26	KF8EEZ	KM36	IW3HBX	JN65an	14.097067	0.01	-19	-1	1604	314	WSPR2	160400	73326	web-888
2025-11-12 04:26	KF8EEZ	KM36	OE5MMP	JN68rc	14.097071	0.01	-27	0	1699	324	WSPR2	169900	38834	2.7.0
2025-11-12 04:26	KF8EEZ	KM36	OH3FR	KP20	14.097084	0.01	-16	-1	2672	358	WSPR2	267200	145051	2.7.0
2025-11-12 04:26	KF8EEZ	KM36	IT9JFW	JM68qd	14.09707	0.01	-21	0	1214	283	WSPR2	121400	48560	web-888
2025-11-12 04:26	KF8EEZ	KM36	S59DGO	JN75cn	14.097069	0.01	-15	0	1468	317	WSPR2	146800	83886	v1.3.0-dev
2025-11-12 04:26	KF8EEZ	KM36	DL1BAJ	JO43ap	14.097068	0.01	-26	0	2403	329	WSPR2	240300	61791	web-888
2025-11-12 04:26	KF8EEZ	KM36	DL2ZZ	JO31lo	14.097066	0.01	-21	-1	2305	323	WSPR2	230500	92200	
2025-11-12 04:26	KF8EEZ	KM36	DL0PF	JN68rn	14.097123	0.01	-19	0	1735	325	WSPR2	173500	79314	v1.2.94
2025-11-12 04:26	KF8EEZ	KM36	DL8KCW	JO42pb	14.097067	0.01	-3	0	2220	327	WSPR2	222000	202971	3.0.0-rc1
2025-11-12 04:26	KF8EEZ	KM36	SA6BSS/HL	JO68sc	14.097084	0.01	-22	0	2598	342	WSPR2	259800	96497	SparkSDR
2025-11-12 04:26	KF8EEZ	KM36	PA5KT-15	JO11wl	14.097061	0.01	-23	0	2469	320	WSPR2	246900	84651	CWSL_DIGI
2025-11-12 04:26	KF8EEZ	KM36	9A1FER	JN75xt	14.09709	0.01	-23	0	1385	322	WSPR2	138500	47486	2.7.0-rc3
2025-11-12 04:26	KF8EEZ	KM36	PA3JH	JO21rl	14.097127	0.01	-24	0	2379	321	WSPR2	237900	74769	v1.2.96
2025-11-12 04:26	KF8EEZ	KM36	HA5GB	JN97ba	14.097149	0.01	-22	0	1380	331	WSPR2	138000	51257	RP125-14
2025-11-12 04:26	KF8EEZ	KM36	EI5DPB	IO63rm	14.097069	0.01	-26	-2	3197	317	WSPR2	319700	82209	web-888
2025-11-12 04:26	KF8EEZ	KM36	SP2RM	JO94hj	14.097083	0.01	-21	0	2092	345	WSPR2	209200	83680	rtlsdr-056
2025-11-12 04:26	KF8EEZ	KM36	DO4ZT	JO61vd	14.097078	0.01	-21	0	1937	331	WSPR2	193700	77480	v1.2.92
2025-11-12 04:26	KF8EEZ	KM36	SP8NAJ	KO00wb	14.09708	0.01	-19	0	1565	346	WSPR2	156500	71543	2.2.159
2025-11-12 04:26	KF8EEZ	KM36	DL4RU	JN69cr	14.097069	0.01	-25	0	1891	326	WSPR2	189100	54029	2.5.4
2025-11-12 04:26	KF8EEZ	KM36	OK2IT	JN89dg	14.097068	0.01	-18	0	1663	332	WSPR2	166300	80774	web-888
2025-11-12 04:26	KF8EEZ	KM36	G4ENZ	IO81vv	14.097073	0.01	-20	-1	2857	316	WSPR2	285700	122443	SparkSDR
2025-11-12 04:26	KF8EEZ	KM36	F4VTQ/M	JN28ux	14.097071	0.01	-26	0	2210	316	WSPR2	221000	56829	RP125-14
2025-11-12 04:26	KF8EEZ	KM36	G0KTN	IO81ti	14.097085	0.01	-24	-1	2843	315	WSPR2	284300	89351	SparkSDR
2025-11-12 04:26	KF8EEZ	KM36	OH6BG	KP03qa	14.097056	0.01	-21	0	2976	354	WSPR2	297600	119040	
2025-11-12 04:26	KF8EEZ	KM36	F4VTQ/H	JN28ux	14.097085	0.01	-21	0	2210	316	WSPR2	221000	88400	SparkSDR
2025-11-12 04:26	KF8EEZ	KM36	OZ7IT	JO65df	14.097067	0.01	-10	0	2363	337	WSPR2	236300	168786	2.5.2
2025-11-12 04:26	KF8EEZ	KM36	F5HNK	JN08xq	14.097072	0.01	-25	0	2438	312	WSPR2	243800	69657	2.6.1
2025-11-12 04:26	KF8EEZ	KM36	DG1ATN	JO50kq	14.097066	0.01	-26	-1	2034	326	WSPR2	203400	52303	web-888
2025-11-12 04:26	KF8EEZ	KM36	OE6PWD	JN77rb	14.097096	0.01	-25	0	1511	325	WSPR2	151100	43171	2.5.4
2025-11-12 04:26	KF8EEZ	KM36	IZ6QZB	JN62qi	14.097075	0.01	-13	-1	1335	303	WSPR2	133500	83914	0.8_r3058
2025-11-12 04:36	KF8EEZ	KM36	DK6UG	JN49cm	14.097068	0.01	-15	0	2093	320	WSPR2	209300	119600	WD_3.2.3
2025-11-12 04:36	KF8EEZ	KM36	OK1HRA	JO60wa	14.097108	0.01	-13	0	1835	329	WSPR2	183500	115343	1.4A Kiwi
2025-11-12 04:36	KF8EEZ	KM36	HB9HXZ	JN47bk	14.097068	0.01	-25	0	1968	314	WSPR2	196800	56229	1.4A Kiwi
2025-11-12 04:36	KF8EEZ	KM36	SV9084SWL	KM25uf	14.097066	0.01	-20	0	179	219	WSPR2	17900	7671	web-888
2025-11-12 04:36	KF8EEZ	KM36	DARCT13	JN47wn	14.097068	0.01	-24	0	1866	317	WSPR2	186600	58646	1.4A Kiwi
2025-11-12 04:36	KF8EEZ	KM36	DL4ZBE	JO40ba	14.097067	0.01	-12	0	2132	321	WSPR2	213200	140103	WD_3.3.2-1
2025-11-12 04:36	KF8EEZ	KM36	LX1LC	JN39ep	14.097068	0.01	-13	0	2209	318	WSPR2	220900	138851	1.4A Kiwi
2025-11-12 04:36	KF8EEZ	KM36	DG3SDK	JN48pr	14.097068	0.01	-20	0	1977	319	WSPR2	197700	84729	1.4A Kiwi
2025-11-12 04:36	KF8EEZ	KM36	DF1DR	JO31rm	14.097067	0.01	-29	0	2273	324	WSPR2	227300	38966	WD_3.0.3.4
2025-11-12 04:36	KF8EEZ	KM36	DL0BR/1	JO43jb	14.097065	0.01	-22	0	2322	328	WSPR2	232200	86246	web-888
2025-11-12 04:36	KF8EEZ	KM36	DK0ABT	JN49pb	14.097047	0.01	-11	0	2000	320	WSPR2	200000	137143	1.4A Kiwi
2025-11-12 04:36	KF8EEZ	KM36	PA0SLT/4	JO33kg	14.097067	0.01	-18	0	2430	327	WSPR2	243000	118029	web-888
2025-11-12 04:36	KF8EEZ	KM36	PA0SLT/5	JO33kg	14.097066	0.01	-21	0	2430	327	WSPR2	243000	97200	web-888
2025-11-12 04:36	KF8EEZ	KM36	SM7IUN	JO65mr	14.097068	0.01	-22	0	2384	338	WSPR2	238400	88549	1.4A Kiwi
2025-11-12 04:36	KF8EEZ	KM36	M0JLY	IO81wv	14.097072	0.01	-24	0	2852	316	WSPR2	285200	89634	1.4A Kiwi
2025-11-12 04:36	KF8EEZ	KM36	HB9VQQ/RS	JN47kh	14.097069	0.01	-6	0	1913	315	WSPR2	191300	158506	WD_3.3.2-2
2025-11-12 04:36	KF8EEZ	KM36	DL6OW-MH	JO31kk	14.097113	0.01	-28	0	2298	323	WSPR2	229800	45960	1.4A Kiwi
2025-11-12 04:36	KF8EEZ	KM36	SM7KHA	JO65kv	14.097068	0.01	-22	0	2405	338	WSPR2	240500	89329	1.4A Kiwi
2025-11-12 04:36	KF8EEZ	KM36	I0UVN	JN61nl	14.097067	0.01	-16	0	1317	299	WSPR2	131700	71494	WD_3.2.3-1
2025-11-12 04:36	KF8EEZ	KM36	HB9VQQ/KS	JN47kh	14.097067	0.01	-6	0	1913	315	WSPR2	191300	158506	WD_3.3.2-2
2025-11-12 04:36	KF8EEZ	KM36	G4ZFQ	IO90ir	14.097067	0.01	-23	0	2745	314	WSPR2	274500	94114	WD_3.3.2-1
2025-11-12 04:36	KF8EEZ	KM36	HB9VQQ/KE	JN47kh	14.097067	0.01	-23	0	1913	315	WSPR2	191300	65589	WD_3.3.2-2
2025-11-12 04:36	KF8EEZ	KM36	OE9GHV	JN47wk	14.097067	0.01	-22	0	1858	316	WSPR2	185800	69011	WD_3.2.3-1
2025-11-12 04:36	KF8EEZ	KM36	DB1UJ-1	JO41jr	14.097068	0.01	-23	0	2219	326	WSPR2	221900	76080	1.4A Kiwi
2025-11-12 04:36	KF8EEZ	KM36	HB9VQQ/RE	JN47kh	14.097072	0.01	-22	0	1913	315	WSPR2	191300	71054	WD_3.3.2-2
2025-11-12 04:36	KF8EEZ	KM36	DC5AL-R	JO31lk	14.097059	0.01	-27	0	2294	323	WSPR2	229400	52434	
2025-11-12 04:36	KF8EEZ	KM36	HB9VQQ/RL	JN47kh	14.097068	0.01	-20	0	1913	315	WSPR2	191300	81986	WD_3.3.2-2
2025-11-12 04:36	KF8EEZ	KM36	ON5KQ	JO10os	14.097067	0.01	-11	0	2467	318	WSPR2	246700	169166	WD_3.3.2-2
2025-11-12 04:36	KF8EEZ	KM36	HB9VQQ	JN47kh	14.097067	0.01	-6	0	1913	315	WSPR2	191300	158506	WD_3.3.2-2
2025-11-12 04:36	KF8EEZ	KM36	HB9GZW	JN47bj	14.097166	0.01	-9	0	1966	314	WSPR2	196600	146046	WD_3.1.7
2025-11-12 04:36	KF8EEZ	KM36	PE0MJX	JO31ai	14.097067	0.01	-15	0	2338	322	WSPR2	233800	133600	WD_3.2.3
2025-11-12 04:36	KF8EEZ	KM36	YL3LJ	KO26rr	14.097068	0.01	-23	0	2254	358	WSPR2	225400	77280	1.4A Kiwi
2025-11-12 04:36	KF8EEZ	KM36	EA8BFK	IL38bo	14.097067	0.01	-23	0	3896	269	WSPR2	389600	133577	WD_3.3.2-2
2025-11-12 04:36	KF8EEZ	KM36	PD0OHW	JO33lc	14.097067	0.01	-11	0	2414	326	WSPR2	241400	165531	WD_3.2.3
2025-11-12 04:36	KF8EEZ	KM36	F4VTQ	JN28ux	14.097071	0.01	-18	0	2210	316	WSPR2	221000	107343	WD_3.3.2-1
2025-11-12 04:36	KF8EEZ	KM36	OE3GBB/Q	JN87aq	14.097067	0.01	-19	0	1535	328	WSPR2	153500	70171	WD_3.3.2-2
2025-11-12 04:36	KF8EEZ	KM36	PI4THT	JO32kf	14.09708	0.01	-12	0	2354	324	WSPR2	235400	154691	0.6
2025-11-12 04:36	KF8EEZ	KM36	OE9XRV	JN47um	14.097067	0.01	-18	0	1874	316	WSPR2	187400	91023	WD_3.3.2-2
2025-11-12 04:36	KF8EEZ	KM36	OE3XOE	JN87aq	14.097067	0.01	-17	0	1535	328	WSPR2	153500	78943	WD_3.3.2-2
2025-11-12 04:36	KF8EEZ	KM36	G4HZX	IO91xk	14.097067	0.01	-26	0	2701	317	WSPR2	270100	69454	WD_3.3.2-1
2025-11-12 04:36	KF8EEZ	KM36	OE6PJF	JN76ov	14.097061	0.01	-25	0	1511	324	WSPR2	151100	43171	RP125-14
2025-11-12 04:36	KF8EEZ	KM36	OK2IP	JN89ef	14.097072	0.01	-20	1	1656	332	WSPR2	165600	70971	RP125-14
2025-11-12 04:36	KF8EEZ	KM36	HB9DSE	JN37wb	14.097068	0.01	-22	0	1963	313	WSPR2	196300	72911	1.4A Kiwi
2025-11-12 04:36	KF8EEZ	KM36	DG5DH	JO41ds	14.0971	0.01	-22	0	2247	325	WSPR2	224700	83460	v1.2.96
2025-11-12 04:36	KF8EEZ	KM36	DL1ECN-8	JO32uo	14.097069	0.01	-26	0	2339	326	WSPR2	233900	60146	web-888
2025-11-12 04:36	KF8EEZ	KM36	EI4ACB	IO62xx	14.097166	0.01	-24	0	3144	316	WSPR2	314400	98811	
2025-11-12 04:36	KF8EEZ	KM36	OH3FR	KP20	14.097084	0.01	-17	0	2672	358	WSPR2	267200	137417	2.7.0
2025-11-12 04:36	KF8EEZ	KM36	DD5XX	JN48ps	14.097076	0.01	-17	0	1980	319	WSPR2	198000	101829	
2025-11-12 04:36	KF8EEZ	KM36	DL0PF	JN68rn	14.097123	0.01	-18	0	1735	325	WSPR2	173500	84271	v1.2.94
2025-11-12 04:36	KF8EEZ	KM36	DL4RU	JN69cr	14.097068	0.01	-29	0	1891	326	WSPR2	189100	32417	2.5.4
2025-11-12 04:36	KF8EEZ	KM36	DF7PNX	JN49av	14.097068	0.01	-20	0	2128	320	WSPR2	212800	91200	1.4A Kiwi
2025-11-12 04:36	KF8EEZ	KM36	DC1RDB	JN58ss	14.097067	0.01	-27	0	1853	322	WSPR2	185300	42354	RP122-16
2025-11-12 04:36	KF8EEZ	KM36	HB9TJM	JN36fq	14.097056	0.01	-11	0	2039	310	WSPR2	203900	139817	2.11_r2263
2025-11-12 04:36	KF8EEZ	KM36	DF8OE	JO42jr	14.097103	0.01	-18	0	2296	328	WSPR2	229600	111520	
2025-11-12 04:36	KF8EEZ	KM36	HA5GB	JN97ba	14.097148	0.01	-22	0	1380	331	WSPR2	138000	51257	RP125-14
2025-11-12 04:36	KF8EEZ	KM36	SV1CDN	KM17tx	14.097073	0.01	-29	0	339	300	WSPR2	33900	5811	2.1.0
2025-11-12 04:36	KF8EEZ	KM36	9A1FER	JN75xt	14.09709	0.01	-28	0	1385	322	WSPR2	138500	27700	2.7.0-rc3
2025-11-12 04:36	KF8EEZ	KM36	OK2IT	JN89dg	14.097068	0.01	-23	0	1663	332	WSPR2	166300	57017	web-888
2025-11-12 04:36	KF8EEZ	KM36	SA6BSS/HL	JO68sc	14.097084	0.01	-23	0	2598	342	WSPR2	259800	89074	SparkSDR
2025-11-12 04:36	KF8EEZ	KM36	IZ6QZB	JN62qi	14.097075	0.01	-16	-1	1335	303	WSPR2	133500	72471	0.8_r3058
2025-11-12 04:36	KF8EEZ	KM36	G0KTN	IO81ti	14.097084	0.01	-23	0	2843	315	WSPR2	284300	97474	SparkSDR
2025-11-12 04:36	KF8EEZ	KM36	G4ENZ	IO81vv	14.097072	0.01	-25	0	2857	316	WSPR2	285700	81629	SparkSDR
2025-11-12 04:36	KF8EEZ	KM36	OE3KFB	JN78wl	14.097069	0.01	-21	0	1611	329	WSPR2	161100	64440	2.11_r2263
2025-11-12 04:36	KF8EEZ	KM36	OH6BG	KP03qa	14.097056	0.01	-24	0	2976	354	WSPR2	297600	93531	
2025-11-12 04:36	KF8EEZ	KM36	G8SRV	IO91pm	14.09719	0.01	-27	0	2746	316	WSPR2	274600	62766	2.7.0
2025-11-12 04:36	KF8EEZ	KM36	DL3TU	JN48mm	14.097085	0.01	-26	0	1978	318	WSPR2	197800	50863	
2025-11-12 04:36	KF8EEZ	KM36	OZ7IT	JO65df	14.097067	0.01	-12	0	2363	337	WSPR2	236300	155283	2.5.2
2025-11-12 04:36	KF8EEZ	KM36	EI5DPB	IO63rm	14.097068	0.01	-24	0	3197	317	WSPR2	319700	100477	web-888
2025-11-12 04:46	KF8EEZ	KM36	DK6UG	JN49cm	14.097067	0.01	-20	0	2093	320	WSPR2	209300	89700	WD_3.2.3
2025-11-12 04:46	KF8EEZ	KM36	I0UVN	JN61nl	14.097067	0.01	-18	0	1317	299	WSPR2	131700	63969	WD_3.2.3-1
2025-11-12 04:46	KF8EEZ	KM36	PE0MJX	JO31ai	14.097067	0.01	-19	0	2338	322	WSPR2	233800	106880	WD_3.2.3
2025-11-12 04:46	KF8EEZ	KM36	OE3XOE	JN87aq	14.097067	0.01	-18	0	1535	328	WSPR2	153500	74557	WD_3.3.2-2
2025-11-12 04:46	KF8EEZ	KM36	OE3GBB/Q	JN87aq	14.097067	0.01	-18	1	1535	328	WSPR2	153500	74557	WD_3.3.2-2
2025-11-12 04:46	KF8EEZ	KM36	PD0OHW	JO33lc	14.097067	0.01	-12	0	2414	326	WSPR2	241400	158634	WD_3.2.3
2025-11-12 04:56	KF8EEZ	KM36	DK6UG	JN49cm	14.097067	0.01	-23	0	2093	320	WSPR2	209300	71760	WD_3.2.3
2025-11-12 04:56	KF8EEZ	KM36	SV9084SWL	KM25uf	14.097065	0.01	-19	0	179	219	WSPR2	17900	8183	web-888
2025-11-12 04:56	KF8EEZ	KM36	OK1HRA	JO60wa	14.097107	0.01	-15	0	1835	329	WSPR2	183500	104857	1.4A Kiwi
2025-11-12 04:56	KF8EEZ	KM36	DG3SDK	JN48pr	14.097068	0.01	-21	0	1977	319	WSPR2	197700	79080	1.4A Kiwi
2025-11-12 04:56	KF8EEZ	KM36	DARCT13	JN47wn	14.097068	0.01	-22	0	1866	317	WSPR2	186600	69309	1.4A Kiwi
2025-11-12 04:56	KF8EEZ	KM36	YL3LJ	KO26rr	14.097068	0.01	-27	-1	2254	358	WSPR2	225400	51520	1.4A Kiwi
2025-11-12 04:56	KF8EEZ	KM36	DL1BAJ	JO43ap	14.097068	0.01	-26	0	2403	329	WSPR2	240300	61791	web-888
2025-11-12 04:56	KF8EEZ	KM36	DL0BR/1	JO43jb	14.097065	0.01	-21	-1	2322	328	WSPR2	232200	92880	web-888
2025-11-12 04:56	KF8EEZ	KM36	PA0SLT/4	JO33kg	14.097067	0.01	-20	0	2430	327	WSPR2	243000	104143	web-888
2025-11-12 04:56	KF8EEZ	KM36	LX1LC	JN39ep	14.097068	0.01	-13	0	2209	318	WSPR2	220900	138851	1.4A Kiwi
2025-11-12 04:56	KF8EEZ	KM36	DF7PNX	JN49av	14.097068	0.01	-21	0	2128	320	WSPR2	212800	85120	1.4A Kiwi
2025-11-12 04:56	KF8EEZ	KM36	DL6OW-MH	JO31kk	14.097113	0.01	-23	0	2298	323	WSPR2	229800	78789	1.4A Kiwi
2025-11-12 04:56	KF8EEZ	KM36	DK0ABT	JN49pb	14.097046	0.01	-12	0	2000	320	WSPR2	200000	131429	1.4A Kiwi
2025-11-12 04:56	KF8EEZ	KM36	I0UVN	JN61nl	14.097067	0.01	-14	0	1317	299	WSPR2	131700	79020	WD_3.2.3-1
2025-11-12 04:56	KF8EEZ	KM36	SM7KHA	JO65kv	14.097068	0.01	-19	0	2405	338	WSPR2	240500	109943	1.4A Kiwi
2025-11-12 04:56	KF8EEZ	KM36	DL4ZBE	JO40ba	14.097067	0.01	-18	0	2132	321	WSPR2	213200	103554	WD_3.3.2-1
2025-11-12 04:56	KF8EEZ	KM36	G4ZFQ	IO90ir	14.097067	0.01	-24	0	2745	314	WSPR2	274500	86271	WD_3.3.2-1
2025-11-12 04:56	KF8EEZ	KM36	OE9GHV	JN47wk	14.097067	0.01	-32	0	1858	316	WSPR2	185800	15926	WD_3.2.3-1
2025-11-12 04:56	KF8EEZ	KM36	F1UBL	JN08xs	14.097068	0.01	-24	0	2442	312	WSPR2	244200	76749	1.4A Kiwi
2025-11-12 04:56	KF8EEZ	KM36	HB9VQQ/KS	JN47kh	14.097067	0.01	-13	0	1913	315	WSPR2	191300	120246	WD_3.3.2-2
2025-11-12 04:56	KF8EEZ	KM36	PE0MJX	JO31ai	14.097067	0.01	-12	0	2338	322	WSPR2	233800	153640	WD_3.2.3
2025-11-12 04:56	KF8EEZ	KM36	DC5AL-R	JO31lk	14.097059	0.01	-24	-1	2294	323	WSPR2	229400	72097	
2025-11-12 04:56	KF8EEZ	KM36	HB9VQQ/KE	JN47kh	14.097067	0.01	-27	0	1913	315	WSPR2	191300	43726	WD_3.3.2-2
2025-11-12 04:56	KF8EEZ	KM36	HB9VQQ/RE	JN47kh	14.097071	0.01	-26	0	1913	315	WSPR2	191300	49191	WD_3.3.2-2
2025-11-12 04:56	KF8EEZ	KM36	HB9VQQ/RL	JN47kh	14.097068	0.01	-24	-1	1913	315	WSPR2	191300	60123	WD_3.3.2-2
2025-11-12 04:56	KF8EEZ	KM36	HB9GZW	JN47bj	14.097166	0.01	-10	0	1966	314	WSPR2	196600	140429	WD_3.1.7
2025-11-12 04:56	KF8EEZ	KM36	HB9VQQ	JN47kh	14.097069	0.01	-12	0	1913	315	WSPR2	191300	125711	WD_3.3.2-2
2025-11-12 04:56	KF8EEZ	KM36	ON5KQ	JO10os	14.097067	0.01	-8	0	2467	318	WSPR2	246700	190311	WD_3.3.2-2
2025-11-12 04:56	KF8EEZ	KM36	HB9VQQ/RS	JN47kh	14.097069	0.01	-12	0	1913	315	WSPR2	191300	125711	WD_3.3.2-2
2025-11-12 04:56	KF8EEZ	KM36	OE3XOE	JN87aq	14.097068	0.01	-12	-1	1535	328	WSPR2	153500	100871	WD_3.3.2-2
2025-11-12 04:56	KF8EEZ	KM36	F4VTQ	JN28ux	14.097071	0.01	-23	0	2210	316	WSPR2	221000	75771	WD_3.3.2-1
2025-11-12 04:56	KF8EEZ	KM36	PI4RSZ	JO21hp	14.097114	0.01	-26	0	2437	321	WSPR2	243700	62666	WD_3.3.2-1
2025-11-12 04:56	KF8EEZ	KM36	G4HZX	IO91xk	14.097068	0.01	-25	0	2701	317	WSPR2	270100	77171	WD_3.3.2-1
2025-11-12 04:56	KF8EEZ	KM36	OE9XRV	JN47um	14.097067	0.01	-23	-1	1874	316	WSPR2	187400	64251	WD_3.3.2-2
2025-11-12 04:56	KF8EEZ	KM36	PD0OHW	JO33lc	14.097067	0.01	-11	0	2414	326	WSPR2	241400	165531	WD_3.2.3
2025-11-12 04:56	KF8EEZ	KM36	OE3GBB/Q	JN87aq	14.097067	0.01	-15	0	1535	328	WSPR2	153500	87714	WD_3.3.2-2
2025-11-12 04:56	KF8EEZ	KM36	DB1UJ-1	JO41jr	14.097068	0.01	-22	0	2219	326	WSPR2	221900	82420	1.4A Kiwi
2025-11-12 04:56	KF8EEZ	KM36	DJ2DS-1	JO33sn	14.097067	0.01	-26	0	2420	328	WSPR2	242000	62229	WD_3.3.2-2
2025-11-12 04:56	KF8EEZ	KM36	R1LB	KO49tq	14.097108	0.01	-26	0	2588	3	WSPR2	258800	66549	2.0_r1714
2025-11-12 04:56	KF8EEZ	KM36	PI4THT	JO32kf	14.097079	0.01	-10	0	2354	324	WSPR2	235400	168143	0.6
2025-11-12 04:56	KF8EEZ	KM36	OE6PJF	JN76ov	14.09706	0.01	-17	-1	1511	324	WSPR2	151100	77709	RP125-14
2025-11-12 04:56	KF8EEZ	KM36	PA5KT-15	JO11wl	14.097063	0.01	-28	0	2469	320	WSPR2	246900	49380	CWSL_DIGI
2025-11-12 04:56	KF8EEZ	KM36	DL0PF	JN68rn	14.097123	0.01	-18	0	1735	325	WSPR2	173500	84271	v1.2.94
2025-11-12 04:56	KF8EEZ	KM36	HB9TJM	JN36fq	14.097056	0.01	-16	0	2039	310	WSPR2	203900	110689	2.11_r2263
2025-11-12 04:56	KF8EEZ	KM36	DL1ECN-1	JO32uo	14.097068	0.01	-21	-1	2339	326	WSPR2	233900	93560	1.4A Kiwi
2025-11-12 04:56	KF8EEZ	KM36	DC1RDB	JN58ss	14.097067	0.01	-27	0	1853	322	WSPR2	185300	42354	RP122-16
2025-11-12 04:56	KF8EEZ	KM36	DL3TU	JN48mm	14.097085	0.01	-24	0	1978	318	WSPR2	197800	62166	
2025-11-12 04:56	KF8EEZ	KM36	HA5GB	JN97ba	14.097148	0.01	-23	0	1380	331	WSPR2	138000	47314	RP125-14
2025-11-12 04:56	KF8EEZ	KM36	DF8OE	JO42jr	14.097103	0.01	-17	0	2296	328	WSPR2	229600	118080	
2025-11-12 04:56	KF8EEZ	KM36	PA0SLT/5	JO33kg	14.097066	0.01	-24	0	2430	327	WSPR2	243000	76371	web-888
2025-11-12 04:56	KF8EEZ	KM36	OZ7IT	JO65df	14.097067	0.01	-22	-1	2363	337	WSPR2	236300	87769	2.0.0
2025-11-12 04:56	KF8EEZ	KM36	DL4RU	JN69cr	14.097069	0.01	-25	0	1891	326	WSPR2	189100	54029	2.5.4
2025-11-12 04:56	KF8EEZ	KM36	OK2IT	JN89dg	14.097068	0.01	-22	0	1663	332	WSPR2	166300	61769	web-888
2025-11-12 04:56	KF8EEZ	KM36	SQ3H	JO82kq	14.097063	0.01	-17	0	1967	340	WSPR2	196700	101160	rtlsdr-056
2025-11-12 04:56	KF8EEZ	KM36	DL1ECN-8	JO32uo	14.097068	0.01	-21	0	2339	326	WSPR2	233900	93560	web-888
2025-11-12 04:56	KF8EEZ	KM36	G0KTN	IO81ti	14.097084	0.01	-25	-1	2843	315	WSPR2	284300	81229	SparkSDR
2025-11-12 04:56	KF8EEZ	KM36	OH6BG	KP03qa	14.097056	0.01	-24	0	2976	354	WSPR2	297600	93531	
2025-11-12 05:06	KF8EEZ	KM36	OE9GHV	JN47wk	14.097067	0.01	-25	0	1858	316	WSPR2	185800	53086	WD_3.2.3-1
2025-11-12 05:06	KF8EEZ	KM36	DK6UG	JN49cm	14.097067	0.01	-11	0	2093	320	WSPR2	209300	143520	WD_3.2.3
2025-11-12 05:06	KF8EEZ	KM36	DL4ZBE	JO40ba	14.097067	0.01	-14	0	2132	321	WSPR2	213200	127920	WD_3.3.2-1
2025-11-12 05:06	KF8EEZ	KM36	SV9084SWL	KM25uf	14.097065	0.01	-19	0	179	219	WSPR2	17900	8183	web-888
2025-11-12 05:06	KF8EEZ	KM36	G4MSA	IO90au	14.097068	0.01	-25	0	2793	314	WSPR2	279300	79800	1.4A Kiwi
2025-11-12 05:06	KF8EEZ	KM36	DK0ABT	JN49pb	14.097046	0.01	-8	0	2000	320	WSPR2	200000	154286	1.4A Kiwi
2025-11-12 05:06	KF8EEZ	KM36	DL0BR/1	JO43jb	14.097065	0.01	-18	0	2322	328	WSPR2	232200	112783	web-888
2025-11-12 05:06	KF8EEZ	KM36	OK1HRA	JO60wa	14.097107	0.01	-12	0	1835	329	WSPR2	183500	120586	1.4A Kiwi
2025-11-12 05:06	KF8EEZ	KM36	I0UVN	JN61nl	14.097067	0.01	-16	0	1317	299	WSPR2	131700	71494	WD_3.2.3-1
2025-11-12 05:06	KF8EEZ	KM36	HB9VQQ/KS	JN47kh	14.097067	0.01	-9	0	1913	315	WSPR2	191300	142109	WD_3.3.2-2
2025-11-12 05:06	KF8EEZ	KM36	G4ZFQ	IO90ir	14.097067	0.01	-19	0	2745	314	WSPR2	274500	125486	WD_3.3.2-1
2025-11-12 05:06	KF8EEZ	KM36	HB9VQQ/KE	JN47kh	14.097067	0.01	-19	0	1913	315	WSPR2	191300	87451	WD_3.3.2-2
2025-11-12 05:06	KF8EEZ	KM36	PE0MJX	JO31ai	14.097067	0.01	-11	0	2338	322	WSPR2	233800	160320	WD_3.2.3
2025-11-12 05:06	KF8EEZ	KM36	HB9GZW	JN47bj	14.097165	0.01	-10	0	1966	314	WSPR2	196600	140429	WD_3.1.7
2025-11-12 05:06	KF8EEZ	KM36	ON5KQ	JO10os	14.097067	0.01	-4	0	2467	318	WSPR2	246700	218506	WD_3.3.2-2
2025-11-12 05:06	KF8EEZ	KM36	HB9VQQ/RE	JN47kh	14.097071	0.01	-19	0	1913	315	WSPR2	191300	87451	WD_3.3.2-2
2025-11-12 05:06	KF8EEZ	KM36	OK2IP/P	JN89gd	14.097061	0.01	-18	0	1641	332	WSPR2	164100	79706	RP122-16
2025-11-12 05:06	KF8EEZ	KM36	PD0OHW	JO33lc	14.097067	0.01	-9	0	2414	326	WSPR2	241400	179326	WD_3.2.3
2025-11-12 05:06	KF8EEZ	KM36	HB9VQQ/RL	JN47kh	14.097068	0.01	-18	0	1913	315	WSPR2	191300	92917	WD_3.3.2-2
2025-11-12 05:06	KF8EEZ	KM36	HB9VQQ	JN47kh	14.097067	0.01	-9	0	1913	315	WSPR2	191300	142109	WD_3.3.2-2
2025-11-12 05:06	KF8EEZ	KM36	F4VTQ	JN28ux	14.097071	0.01	-18	0	2210	316	WSPR2	221000	107343	WD_3.3.2-1
2025-11-12 05:06	KF8EEZ	KM36	HB9VQQ/RS	JN47kh	14.097069	0.01	-9	0	1913	315	WSPR2	191300	142109	WD_3.3.2-2
2025-11-12 05:06	KF8EEZ	KM36	OE3XOE	JN87aq	14.097066	0.01	-14	0	1535	328	WSPR2	153500	92100	WD_3.3.2-2
2025-11-12 05:06	KF8EEZ	KM36	OE3GBB/Q	JN87aq	14.097067	0.01	-16	0	1535	328	WSPR2	153500	83329	WD_3.3.2-2
2025-11-12 05:06	KF8EEZ	KM36	DK4RW/1	JO40oe	14.097066	0.01	-24	0	2083	323	WSPR2	208300	65466	
2025-11-12 05:06	KF8EEZ	KM36	OE9XRV	JN47um	14.097067	0.01	-18	0	1874	316	WSPR2	187400	91023	WD_3.3.2-2
2025-11-12 05:06	KF8EEZ	KM36	PI4THT	JO32kf	14.097079	0.01	-13	-1	2354	324	WSPR2	235400	147966	0.6
2025-11-12 05:06	KF8EEZ	KM36	DB1UJ-1	JO41jr	14.097068	0.01	-24	0	2219	326	WSPR2	221900	69740	1.4A Kiwi
2025-11-12 05:06	KF8EEZ	KM36	9A1FER	JN75xt	14.097089	0.01	-29	0	1385	322	WSPR2	138500	23743	2.7.0-rc3
2025-11-12 05:06	KF8EEZ	KM36	OE6PJF	JN76ov	14.09706	0.01	-15	0	1511	324	WSPR2	151100	86343	RP125-14
2025-11-12 05:06	KF8EEZ	KM36	F5178SWL	JN37km	14.097082	0.01	-12	0	2054	313	WSPR2	205400	134977	v1.2.97
2025-11-12 05:06	KF8EEZ	KM36	DD5XX	JN48ps	14.097078	0.01	-21	0	1980	319	WSPR2	198000	79200	
2025-11-12 05:06	KF8EEZ	KM36	DG5DH	JO41ds	14.0971	0.01	-20	0	2247	325	WSPR2	224700	96300	v1.2.96
2025-11-12 05:06	KF8EEZ	KM36	SP8NAJ	KO00wb	14.097079	0.01	-20	0	1565	346	WSPR2	156500	67071	2.2.159
2025-11-12 05:06	KF8EEZ	KM36	HA5GB	JN97ba	14.097148	0.01	-19	0	1380	331	WSPR2	138000	63086	RP125-14
2025-11-12 05:06	KF8EEZ	KM36	DL0PF	JN68rn	14.097123	0.01	-15	0	1735	325	WSPR2	173500	99143	v1.2.94
2025-11-12 05:06	KF8EEZ	KM36	PA0SLT/5	JO33kg	14.097066	0.01	-19	0	2430	327	WSPR2	243000	111086	web-888
2025-11-12 05:06	KF8EEZ	KM36	PA0SLT/4	JO33kg	14.097067	0.01	-15	0	2430	327	WSPR2	243000	138857	web-888
2025-11-12 05:06	KF8EEZ	KM36	DL4RU	JN69cr	14.097068	0.01	-22	0	1891	326	WSPR2	189100	70237	2.5.4
2025-11-12 05:06	KF8EEZ	KM36	DL1ECN-8	JO32uo	14.097068	0.01	-21	0	2339	326	WSPR2	233900	93560	web-888
2025-11-12 05:06	KF8EEZ	KM36	F5HNK	JN08xq	14.097071	0.01	-24	0	2438	312	WSPR2	243800	76623	2.6.1
2025-11-12 05:06	KF8EEZ	KM36	OZ7IT	JO65df	14.097067	0.01	-13	0	2363	337	WSPR2	236300	148531	2.5.2
2025-11-12 05:06	KF8EEZ	KM36	DL8KCW	JO42pb	14.097066	0.01	-12	0	2220	327	WSPR2	222000	145886	3.0.0-rc1
2025-11-12 05:06	KF8EEZ	KM36	OH6BG	KP03qa	14.097056	0.01	-24	0	2976	354	WSPR2	297600	93531	
2025-11-12 05:16	KF8EEZ	KM36	DK6UG	JN49cm	14.097067	0.01	-13	0	2093	320	WSPR2	209300	131560	WD_3.2.3
2025-11-12 05:16	KF8EEZ	KM36	SV9084SWL	KM25uf	14.097065	0.01	-23	0	179	219	WSPR2	17900	6137	web-888
2025-11-12 05:16	KF8EEZ	KM36	OK1HRA	JO60wa	14.097107	0.01	-12	0	1835	329	WSPR2	183500	120586	1.4A Kiwi
2025-11-12 05:16	KF8EEZ	KM36	DF7PNX	JN49av	14.097067	0.01	-23	0	2128	320	WSPR2	212800	72960	1.4A Kiwi
2025-11-12 05:16	KF8EEZ	KM36	OK2IT	JN89dg	14.097067	0.01	-21	0	1663	332	WSPR2	166300	66520	web-888
2025-11-12 05:16	KF8EEZ	KM36	LX1LC	JN39ep	14.097068	0.01	-11	0	2209	318	WSPR2	220900	151474	1.4A Kiwi
2025-11-12 05:16	KF8EEZ	KM36	YL3LJ	KO26rr	14.097068	0.01	-22	0	2254	358	WSPR2	225400	83720	1.4A Kiwi
2025-11-12 05:16	KF8EEZ	KM36	DL4ZBE	JO40ba	14.097067	0.01	-13	0	2132	321	WSPR2	213200	134011	WD_3.3.2-1
2025-11-12 05:16	KF8EEZ	KM36	I0UVN	JN61nl	14.097067	0.01	-11	0	1317	299	WSPR2	131700	90309	WD_3.2.3-1
2025-11-12 05:16	KF8EEZ	KM36	DK0ABT	JN49pb	14.097046	0.01	-11	0	2000	320	WSPR2	200000	137143	1.4A Kiwi
2025-11-12 05:16	KF8EEZ	KM36	HB9VQQ/KS	JN47kh	14.097067	0.01	-11	0	1913	315	WSPR2	191300	131177	WD_3.3.2-2
2025-11-12 05:16	KF8EEZ	KM36	DARCT13	JN47wn	14.097067	0.01	-14	0	1866	317	WSPR2	186600	111960	1.4A Kiwi
2025-11-12 05:16	KF8EEZ	KM36	OE9GHV	JN47wk	14.097067	0.01	-26	0	1858	316	WSPR2	185800	47777	WD_3.2.3-1
2025-11-12 05:16	KF8EEZ	KM36	G4ZFQ	IO90ir	14.097068	0.01	-24	0	2745	314	WSPR2	274500	86271	WD_3.3.2-1
2025-11-12 05:16	KF8EEZ	KM36	DB1UJ-1	JO41jr	14.097067	0.01	-25	0	2219	326	WSPR2	221900	63400	1.4A Kiwi
2025-11-12 05:16	KF8EEZ	KM36	HB9VQQ/KE	JN47kh	14.097067	0.01	-26	0	1913	315	WSPR2	191300	49191	WD_3.3.2-2
2025-11-12 05:16	KF8EEZ	KM36	PE0MJX	JO31ai	14.097066	0.01	-20	0	2338	322	WSPR2	233800	100200	WD_3.2.3
2025-11-12 05:16	KF8EEZ	KM36	HB9VQQ/RE	JN47kh	14.097071	0.01	-25	0	1913	315	WSPR2	191300	54657	WD_3.3.2-2
2025-11-12 05:16	KF8EEZ	KM36	ON5KQ	JO10os	14.097066	0.01	-19	0	2467	318	WSPR2	246700	112777	WD_3.3.2-2
2025-11-12 05:16	KF8EEZ	KM36	HB9VQQ/RL	JN47kh	14.097068	0.01	-22	0	1913	315	WSPR2	191300	71054	WD_3.3.2-2
2025-11-12 05:16	KF8EEZ	KM36	HB9GZW	JN47bj	14.097165	0.01	-12	0	1966	314	WSPR2	196600	129194	WD_3.1.7
2025-11-12 05:16	KF8EEZ	KM36	HB9VQQ	JN47kh	14.097069	0.01	-10	0	1913	315	WSPR2	191300	136643	WD_3.3.2-2
2025-11-12 05:16	KF8EEZ	KM36	OK2IP/P	JN89gd	14.097061	0.01	-19	0	1641	332	WSPR2	164100	75017	RP122-16
2025-11-12 05:16	KF8EEZ	KM36	HB9VQQ/RS	JN47kh	14.097069	0.01	-10	0	1913	315	WSPR2	191300	136643	WD_3.3.2-2
2025-11-12 05:16	KF8EEZ	KM36	PD0OHW	JO33lc	14.097066	0.01	-19	0	2414	326	WSPR2	241400	110354	WD_3.2.3
2025-11-12 05:16	KF8EEZ	KM36	F4VTQ	JN28ux	14.09707	0.01	-18	0	2210	316	WSPR2	221000	107343	WD_3.3.2-1
2025-11-12 05:16	KF8EEZ	KM36	OE3XOE	JN87aq	14.097068	0.01	-16	0	1535	328	WSPR2	153500	83329	WD_3.3.2-2
2025-11-12 05:16	KF8EEZ	KM36	PI4THT	JO32kf	14.097079	0.01	-19	0	2354	324	WSPR2	235400	107611	0.6
2025-11-12 05:16	KF8EEZ	KM36	F5178SWL	JN37km	14.097082	0.01	-21	0	2054	313	WSPR2	205400	82160	v1.2.97
2025-11-12 05:16	KF8EEZ	KM36	PA0SLT/4	JO33kg	14.097067	0.01	-22	0	2430	327	WSPR2	243000	90257	web-888
2025-11-12 05:16	KF8EEZ	KM36	OE9XRV	JN47um	14.097067	0.01	-18	0	1874	316	WSPR2	187400	91023	WD_3.3.2-2
2025-11-12 05:16	KF8EEZ	KM36	HB9DSE	JN37wb	14.097067	0.01	-19	0	1963	313	WSPR2	196300	89737	1.4A Kiwi
2025-11-12 05:16	KF8EEZ	KM36	OE3GBB/Q	JN87aq	14.097067	0.01	-16	0	1535	328	WSPR2	153500	83329	WD_3.3.2-2
2025-11-12 05:16	KF8EEZ	KM36	DD5XX	JN48ps	14.097079	0.01	-16	0	1980	319	WSPR2	198000	107486	
2025-11-12 05:16	KF8EEZ	KM36	DL0PF	JN68rn	14.097123	0.01	-17	0	1735	325	WSPR2	173500	89229	v1.2.94
2025-11-12 05:16	KF8EEZ	KM36	DG3SDK	JN48pr	14.097067	0.01	-19	0	1977	319	WSPR2	197700	90377	1.4A Kiwi
2025-11-12 05:16	KF8EEZ	KM36	HB9TJM	JN36fq	14.097056	0.01	-13	0	2039	310	WSPR2	203900	128166	2.11_r2263
2025-11-12 05:16	KF8EEZ	KM36	HA5GB	JN97ba	14.097149	0.01	-16	0	1380	331	WSPR2	138000	74914	RP125-14
2025-11-12 05:16	KF8EEZ	KM36	DK4RW/1	JO40oe	14.097066	0.01	-26	0	2083	323	WSPR2	208300	53563	
2025-11-12 05:16	KF8EEZ	KM36	LA1ZM	JO38ig	14.09707	0.01	-14	0	2838	335	WSPR2	283800	170280	2.6.1
2025-11-12 05:16	KF8EEZ	KM36	DL3TU	JN48mm	14.097086	0.01	-26	0	1978	318	WSPR2	197800	50863	
2025-11-12 05:16	KF8EEZ	KM36	DO4ZT	JO61vd	14.097077	0.01	-24	0	1937	331	WSPR2	193700	60877	v1.2.92
2025-11-12 05:16	KF8EEZ	KM36	DL4RU	JN69cr	14.097068	0.01	-22	0	1891	326	WSPR2	189100	70237	2.5.4
2025-11-12 05:16	KF8EEZ	KM36	DL8KCW	JO42pb	14.097066	0.01	-13	0	2220	327	WSPR2	222000	139543	3.0.0-rc1
2025-11-12 05:16	KF8EEZ	KM36	F4VTQ/H	JN28ux	14.097085	0.01	-23	0	2210	316	WSPR2	221000	75771	SparkSDR
2025-11-12 05:16	KF8EEZ	KM36	OH6BG	KP03qa	14.097055	0.01	-23	0	2976	354	WSPR2	297600	102034	
2025-11-12 05:26	KF8EEZ	KM36	I0UVN	JN61nl	14.097067	0.01	-14	-2	1317	299	WSPR2	131700	79020	WD_3.2.3-1
2025-11-12 05:26	KF8EEZ	KM36	DL4ZBE	JO40ba	14.097067	0.01	-15	-2	2132	321	WSPR2	213200	121829	WD_3.3.2-1
2025-11-12 05:26	KF8EEZ	KM36	HB9VQQ/KS	JN47kh	14.097067	0.01	-12	-2	1913	315	WSPR2	191300	125711	WD_3.3.2-2
2025-11-12 05:26	KF8EEZ	KM36	HB9GZW	JN47bj	14.097166	0.01	-6	-1	1966	314	WSPR2	196600	162897	WD_3.1.7
2025-11-12 05:26	KF8EEZ	KM36	HB9VQQ	JN47kh	14.097067	0.01	-12	-2	1913	315	WSPR2	191300	125711	WD_3.3.2-2
2025-11-12 05:26	KF8EEZ	KM36	HB9VQQ/RS	JN47kh	14.097069	0.01	-14	0	1913	315	WSPR2	191300	114780	WD_3.3.2-2
2025-11-12 05:26	KF8EEZ	KM36	OE3XOE	JN87aq	14.097067	0.01	-10	0	1535	328	WSPR2	153500	109643	WD_3.3.2-2
2025-11-12 05:26	KF8EEZ	KM36	OE9XRV	JN47um	14.097067	0.01	-15	-1	1874	316	WSPR2	187400	107086	WD_3.3.2-2
2025-11-12 05:26	KF8EEZ	KM36	OE3GBB/Q	JN87aq	14.097067	0.01	-12	0	1535	328	WSPR2	153500	100871	WD_3.3.2-2
2025-11-12 05:26	KF8EEZ	KM36	DL4RU	JN69cr	14.097069	0.01	-20	-1	1891	326	WSPR2	189100	81043	2.5.4
2025-11-12 05:36	KF8EEZ	KM36	SV9084SWL	KM25uf	14.097065	0.01	-21	0	179	219	WSPR2	17900	7160	web-888
2025-11-12 05:36	KF8EEZ	KM36	I0UVN	JN61nl	14.097067	0.01	-13	0	1317	299	WSPR2	131700	82783	WD_3.2.3-1
2025-11-12 05:36	KF8EEZ	KM36	HB9DSE	JN37wb	14.097068	0.01	-19	0	1963	313	WSPR2	196300	89737	1.4A Kiwi
2025-11-12 05:36	KF8EEZ	KM36	HB9VQQ/KS	JN47kh	14.097067	0.01	-12	0	1913	315	WSPR2	191300	125711	WD_3.3.2-2
2025-11-12 05:36	KF8EEZ	KM36	HB9VQQ/KE	JN47kh	14.097067	0.01	-27	0	1913	315	WSPR2	191300	43726	WD_3.3.2-2
2025-11-12 05:36	KF8EEZ	KM36	HB9VQQ/RE	JN47kh	14.097071	0.01	-26	0	1913	315	WSPR2	191300	49191	WD_3.3.2-2
2025-11-12 05:36	KF8EEZ	KM36	HB9VQQ/RL	JN47kh	14.097068	0.01	-22	0	1913	315	WSPR2	191300	71054	WD_3.3.2-2
2025-11-12 05:36	KF8EEZ	KM36	HB9GZW	JN47bj	14.097166	0.01	-6	0	1966	314	WSPR2	196600	162897	WD_3.1.7
2025-11-12 05:36	KF8EEZ	KM36	HB9VQQ	JN47kh	14.097067	0.01	-12	0	1913	315	WSPR2	191300	125711	WD_3.3.2-2
2025-11-12 05:36	KF8EEZ	KM36	DD5XX	JN48ps	14.09708	0.01	-14	0	1980	319	WSPR2	198000	118800	
2025-11-12 05:36	KF8EEZ	KM36	HB9VQQ/RS	JN47kh	14.097069	0.01	-12	0	1913	315	WSPR2	191300	125711	WD_3.3.2-2
2025-11-12 05:36	KF8EEZ	KM36	OE6PJF	JN76ov	14.097059	0.01	-11	0	1511	324	WSPR2	151100	103611	RP125-14
2025-11-12 05:36	KF8EEZ	KM36	F4VTQ	JN28ux	14.097071	0.01	-18	0	2210	316	WSPR2	221000	107343	WD_3.3.2-1
2025-11-12 05:36	KF8EEZ	KM36	OE3XOE	JN87aq	14.097067	0.01	-14	-1	1535	328	WSPR2	153500	92100	WD_3.3.2-2
2025-11-12 05:36	KF8EEZ	KM36	OE3GBB/Q	JN87aq	14.097067	0.01	-16	0	1535	328	WSPR2	153500	83329	WD_3.3.2-2
2025-11-12 05:36	KF8EEZ	KM36	F5178SWL	JN37km	14.097082	0.01	-12	0	2054	313	WSPR2	205400	134977	v1.2.97
2025-11-12 05:36	KF8EEZ	KM36	HA5GB	JN97ba	14.097149	0.01	-19	0	1380	331	WSPR2	138000	63086	RP125-14
2025-11-12 05:36	KF8EEZ	KM36	DL3TU	JN48mm	14.097086	0.01	-26	0	1978	318	WSPR2	197800	50863	
2025-11-12 05:36	KF8EEZ	KM36	DL4RU	JN69cr	14.097068	0.01	-28	0	1891	326	WSPR2	189100	37820	2.5.4
2025-11-12 05:36	KF8EEZ	KM36	OH6BG	KP03qa	14.097055	0.01	-22	0	2976	354	WSPR2	297600	110537	
2025-11-12 05:46	KF8EEZ	KM36	I0UVN	JN61nl	14.097067	0.01	-13	0	1317	299	WSPR2	131700	82783	WD_3.2.3-1
2025-11-12 05:46	KF8EEZ	KM36	HB9VQQ	JN47kh	14.097067	0.01	-10	0	1913	315	WSPR2	191300	136643	WD_3.3.2-2
2025-11-12 05:46	KF8EEZ	KM36	DL4ZBE	JO40ba	14.097067	0.01	-20	0	2132	321	WSPR2	213200	91371	WD_3.3.2-1
2025-11-12 05:46	KF8EEZ	KM36	HB9VQQ/RS	JN47kh	14.097069	0.01	-10	0	1913	315	WSPR2	191300	136643	WD_3.3.2-2
2025-11-12 05:46	KF8EEZ	KM36	HB9VQQ/KS	JN47kh	14.097067	0.01	-10	0	1913	315	WSPR2	191300	136643	WD_3.3.2-2
2025-11-12 05:46	KF8EEZ	KM36	HB9GZW	JN47bj	14.097166	0.01	-7	0	1966	314	WSPR2	196600	157280	WD_3.1.7
2025-11-12 05:46	KF8EEZ	KM36	OK2IP/P	JN89gd	14.097061	0.01	-15	0	1641	332	WSPR2	164100	93771	RP122-16
2025-11-12 05:46	KF8EEZ	KM36	OE3XOE	JN87aq	14.097066	0.01	-10	0	1535	328	WSPR2	153500	109643	WD_3.3.2-2
2025-11-12 05:46	KF8EEZ	KM36	OE9XRV	JN47um	14.097067	0.01	-21	0	1874	316	WSPR2	187400	74960	WD_3.3.2-2
2025-11-12 05:46	KF8EEZ	KM36	OE3GBB/Q	JN87aq	14.097067	0.01	-8	0	1535	328	WSPR2	153500	118414	WD_3.3.2-2
2025-11-12 05:46	KF8EEZ	KM36	F5178SWL	JN37km	14.097082	0.01	-16	0	2054	313	WSPR2	205400	111503	v1.2.97
2025-11-12 05:46	KF8EEZ	KM36	OE6PJF	JN76ov	14.097059	0.01	-14	0	1511	324	WSPR2	151100	90660	RP125-14
2025-11-12 05:46	KF8EEZ	KM36	HB9TJM	JN36fq	14.097057	0.01	-9	0	2039	310	WSPR2	203900	151469	2.11_r2263
2025-11-12 05:46	KF8EEZ	KM36	DL0PF	JN68rn	14.097123	0.01	-12	0	1735	325	WSPR2	173500	114014	v1.2.94
2025-11-12 05:46	KF8EEZ	KM36	SP8NAJ	KO00wb	14.097079	0.01	-24	0	1565	346	WSPR2	156500	49186	2.2.159
2025-11-12 05:56	KF8EEZ	KM36	DK6UG	JN49cm	14.097067	0.01	-17	0	2093	320	WSPR2	209300	107640	WD_3.2.3
2025-11-12 05:56	KF8EEZ	KM36	OK1HRA	JO60wa	14.097106	0.01	-11	0	1835	329	WSPR2	183500	125829	1.4A Kiwi
2025-11-12 05:56	KF8EEZ	KM36	HB9VQQ	JN47kh	14.097069	0.01	-7	0	1913	315	WSPR2	191300	153040	WD_3.3.2-2
2025-11-12 05:56	KF8EEZ	KM36	OK2IT	JN89dg	14.097068	0.01	-19	0	1663	332	WSPR2	166300	76023	web-888
2025-11-12 05:56	KF8EEZ	KM36	DARCT13	JN47wn	14.097068	0.01	-12	0	1866	317	WSPR2	186600	122623	1.4A Kiwi
2025-11-12 05:56	KF8EEZ	KM36	DK0ABT	JN49pb	14.097046	0.01	-14	0	2000	320	WSPR2	200000	120000	1.4A Kiwi
2025-11-12 05:56	KF8EEZ	KM36	I0UVN	JN61nl	14.097067	0.01	-12	0	1317	299	WSPR2	131700	86546	WD_3.2.3-1
2025-11-12 05:56	KF8EEZ	KM36	HB9VQQ/RS	JN47kh	14.097069	0.01	-7	0	1913	315	WSPR2	191300	153040	WD_3.3.2-2
2025-11-12 05:56	KF8EEZ	KM36	G4ZFQ	IO90ir	14.097067	0.01	-24	0	2745	314	WSPR2	274500	86271	WD_3.3.2-1
2025-11-12 05:56	KF8EEZ	KM36	HB9VQQ/KS	JN47kh	14.097067	0.01	-8	0	1913	315	WSPR2	191300	147574	WD_3.3.2-2
2025-11-12 05:56	KF8EEZ	KM36	HB9VQQ/RE	JN47kh	14.097072	0.01	-17	-1	1913	315	WSPR2	191300	98383	WD_3.3.2-2
2025-11-12 05:56	KF8EEZ	KM36	ON5KQ	JO10os	14.097066	0.01	-13	0	2467	318	WSPR2	246700	155069	WD_3.3.2-2
2025-11-12 05:56	KF8EEZ	KM36	HB9VQQ/RL	JN47kh	14.097068	0.01	-20	0	1913	315	WSPR2	191300	81986	WD_3.3.2-2
2025-11-12 05:56	KF8EEZ	KM36	EA8BFK	IL38bo	14.097067	0.01	-13	0	3896	269	WSPR2	389600	244891	WD_3.3.2-2
2025-11-12 05:56	KF8EEZ	KM36	HB9GZW	JN47bj	14.097166	0.01	-9	0	1966	314	WSPR2	196600	146046	WD_3.1.7
2025-11-12 05:56	KF8EEZ	KM36	OE3XOE	JN87aq	14.097068	0.01	-2	0	1535	328	WSPR2	153500	144729	WD_3.3.2-2
2025-11-12 05:56	KF8EEZ	KM36	OE9XRV	JN47um	14.097067	0.01	-15	0	1874	316	WSPR2	187400	107086	WD_3.3.2-2
2025-11-12 05:56	KF8EEZ	KM36	OE3GBB/Q	JN87aq	14.097067	0.01	-5	0	1535	328	WSPR2	153500	131571	WD_3.3.2-2
2025-11-12 05:56	KF8EEZ	KM36	OE6PJF	JN76ov	14.097058	0.01	-16	0	1511	324	WSPR2	151100	82026	RP125-14
2025-11-12 05:56	KF8EEZ	KM36	DG3SDK	JN48pr	14.097068	0.01	-21	0	1977	319	WSPR2	197700	79080	1.4A Kiwi
2025-11-12 05:56	KF8EEZ	KM36	PI4THT	JO32kf	14.097079	0.01	-17	0	2354	324	WSPR2	235400	121063	0.6
2025-11-12 05:56	KF8EEZ	KM36	DD5XX	JN48ps	14.097082	0.01	-14	-1	1980	319	WSPR2	198000	118800	
2025-11-12 05:56	KF8EEZ	KM36	HA5GB	JN97ba	14.097149	0.01	-19	0	1380	331	WSPR2	138000	63086	RP125-14
2025-11-12 05:56	KF8EEZ	KM36	DL0PF	JN68rn	14.097123	0.01	-19	0	1735	325	WSPR2	173500	79314	v1.2.94
2025-11-12 05:56	KF8EEZ	KM36	LA1ZM	JO38ig	14.097068	0.01	-25	0	2838	335	WSPR2	283800	81086	2.6.1
2025-11-12 05:56	KF8EEZ	KM36	9A1FER	JN75xt	14.097089	0.01	-26	-1	1385	322	WSPR2	138500	35614	2.7.0-rc3
2025-11-12 05:56	KF8EEZ	KM36	DL4RU	JN69cr	14.097069	0.01	-26	0	1891	326	WSPR2	189100	48626	2.5.4
2025-11-12 06:06	KF8EEZ	KM36	DK6UG	JN49cm	14.097067	0.01	-14	0	2093	320	WSPR2	209300	125580	WD_3.2.3
2025-11-12 06:06	KF8EEZ	KM36	YL3LJ	KO26rr	14.097068	0.01	-22	0	2254	358	WSPR2	225400	83720	1.4A Kiwi
2025-11-12 06:06	KF8EEZ	KM36	HB9VQQ/RS	JN47kh	14.097069	0.01	-9	0	1913	315	WSPR2	191300	142109	WD_3.3.2-2
2025-11-12 06:06	KF8EEZ	KM36	I0UVN	JN61nl	14.097067	0.01	-15	0	1317	299	WSPR2	131700	75257	WD_3.2.3-1
2025-11-12 06:06	KF8EEZ	KM36	DL4ZBE	JO40ba	14.097067	0.01	-15	0	2132	321	WSPR2	213200	121829	WD_3.3.2-1
2025-11-12 06:06	KF8EEZ	KM36	HB9VQQ/KS	JN47kh	14.097067	0.01	-9	0	1913	315	WSPR2	191300	142109	WD_3.3.2-2
2025-11-12 06:06	KF8EEZ	KM36	G4ZFQ	IO90ir	14.097066	0.01	-17	0	2745	314	WSPR2	274500	141171	WD_3.3.2-1
2025-11-12 06:06	KF8EEZ	KM36	HB9VQQ	JN47kh	14.097067	0.01	-9	0	1913	315	WSPR2	191300	142109	WD_3.3.2-2
2025-11-12 06:06	KF8EEZ	KM36	HB9GZW	JN47bj	14.097166	0.01	-9	0	1966	314	WSPR2	196600	146046	WD_3.1.7
2025-11-12 06:06	KF8EEZ	KM36	OE3XOE	JN87aq	14.097067	0.01	-17	0	1535	328	WSPR2	153500	78943	WD_3.3.2-2
2025-11-12 06:06	KF8EEZ	KM36	OE9XRV	JN47um	14.097067	0.01	-14	0	1874	316	WSPR2	187400	112440	WD_3.3.2-2
2025-11-12 06:06	KF8EEZ	KM36	OE3GBB/Q	JN87aq	14.097067	0.01	-19	0	1535	328	WSPR2	153500	70171	WD_3.3.2-2
2025-11-12 06:06	KF8EEZ	KM36	DC1RDB	JN58ss	14.097067	0.01	-25	0	1853	322	WSPR2	185300	52943	RP122-16
2025-11-12 06:06	KF8EEZ	KM36	OE6PJF	JN76ov	14.097058	0.01	-16	0	1511	324	WSPR2	151100	82026	RP125-14
2025-11-12 06:06	KF8EEZ	KM36	DD5XX	JN48ps	14.097084	0.01	-17	0	1980	319	WSPR2	198000	101829	
2025-11-12 06:06	KF8EEZ	KM36	SP8NAJ	KO00wb	14.097079	0.01	-24	0	1565	346	WSPR2	156500	49186	2.2.159
2025-11-12 06:06	KF8EEZ	KM36	R4ABX	LN28ep	14.097097	0.01	-22	0	1957	41	WSPR2	195700	72689	v1.2.95
2025-11-12 06:06	KF8EEZ	KM36	DL4RU	JN69cr	14.097069	0.01	-28	0	1891	326	WSPR2	189100	37820	2.5.4
2025-11-12 06:06	KF8EEZ	KM36	DL8KCW	JO42pb	14.097066	0.01	-11	0	2220	327	WSPR2	222000	152229	3.0.0-rc1
2025-11-12 06:16	KF8EEZ	KM36	DK6UG	JN49cm	14.097067	0.01	-12	0	2093	320	WSPR2	209300	137540	WD_3.2.3
2025-11-12 06:16	KF8EEZ	KM36	DG3SDK	JN48pr	14.097067	0.01	-17	0	1977	319	WSPR2	197700	101674	1.4A Kiwi
2025-11-12 06:16	KF8EEZ	KM36	SV9084SWL	KM25uf	14.097065	0.01	-26	0	179	219	WSPR2	17900	4603	web-888
2025-11-12 06:16	KF8EEZ	KM36	HB9HXZ	JN47bk	14.097068	0.01	-23	0	1968	314	WSPR2	196800	67474	1.4A Kiwi
2025-11-12 06:16	KF8EEZ	KM36	YL3LJ	KO26rr	14.097068	0.01	-26	0	2254	358	WSPR2	225400	57960	1.4A Kiwi
2025-11-12 06:16	KF8EEZ	KM36	DK0ABT	JN49pb	14.097046	0.01	-9	0	2000	320	WSPR2	200000	148571	1.4A Kiwi
2025-11-12 06:16	KF8EEZ	KM36	HB9DSE	JN37wb	14.097068	0.01	-20	0	1963	313	WSPR2	196300	84129	1.4A Kiwi
2025-11-12 06:16	KF8EEZ	KM36	OK1HRA	JO60wa	14.097106	0.01	-14	0	1835	329	WSPR2	183500	110100	1.4A Kiwi
2025-11-12 06:16	KF8EEZ	KM36	DL4ZBE	JO40ba	14.097067	0.01	-18	0	2132	321	WSPR2	213200	103554	WD_3.3.2-1
2025-11-12 06:16	KF8EEZ	KM36	G4ZFQ	IO90ir	14.097067	0.01	-25	0	2745	314	WSPR2	274500	78429	WD_3.3.2-1
2025-11-12 06:16	KF8EEZ	KM36	I0UVN	JN61nl	14.097067	0.01	-15	0	1317	299	WSPR2	131700	75257	WD_3.2.3-1
2025-11-12 06:16	KF8EEZ	KM36	DARCT13	JN47wn	14.097067	0.01	-16	0	1866	317	WSPR2	186600	101297	1.4A Kiwi
2025-11-12 06:16	KF8EEZ	KM36	HB9VQQ/KS	JN47kh	14.097067	0.01	-11	0	1913	315	WSPR2	191300	131177	WD_3.3.2-2
2025-11-12 06:16	KF8EEZ	KM36	HB9VQQ/KE	JN47kh	14.097067	0.01	-23	0	1913	315	WSPR2	191300	65589	WD_3.3.2-2
2025-11-12 06:16	KF8EEZ	KM36	HB9VQQ/RE	JN47kh	14.097071	0.01	-23	0	1913	315	WSPR2	191300	65589	WD_3.3.2-2
2025-11-12 06:16	KF8EEZ	KM36	HB9VQQ/RL	JN47kh	14.097068	0.01	-23	0	1913	315	WSPR2	191300	65589	WD_3.3.2-2
2025-11-12 06:16	KF8EEZ	KM36	HB9VQQ	JN47kh	14.097067	0.01	-11	0	1913	315	WSPR2	191300	131177	WD_3.3.2-2
2025-11-12 06:16	KF8EEZ	KM36	HB9GZW	JN47bj	14.097166	0.01	-9	0	1966	314	WSPR2	196600	146046	WD_3.1.7
2025-11-12 06:16	KF8EEZ	KM36	HB9VQQ/RS	JN47kh	14.097069	0.01	-11	0	1913	315	WSPR2	191300	131177	WD_3.3.2-2
2025-11-12 06:16	KF8EEZ	KM36	ON5KQ	JO10os	14.097067	0.01	-19	0	2467	318	WSPR2	246700	112777	WD_3.3.2-2
2025-11-12 06:16	KF8EEZ	KM36	OK2IP/P	JN89gd	14.097061	0.01	-19	0	1641	332	WSPR2	164100	75017	RP122-16
2025-11-12 06:16	KF8EEZ	KM36	OE3XOE	JN87aq	14.097066	0.01	-13	0	1535	328	WSPR2	153500	96486	WD_3.3.2-2
2025-11-12 06:16	KF8EEZ	KM36	OE6PJF	JN76ov	14.097058	0.01	-14	0	1511	324	WSPR2	151100	90660	RP125-14
2025-11-12 06:16	KF8EEZ	KM36	G4HZX	IO91xk	14.097067	0.01	-24	0	2701	317	WSPR2	270100	84889	WD_3.3.2-1
2025-11-12 06:16	KF8EEZ	KM36	DK4RW/1	JO40oe	14.097066	0.01	-26	0	2083	323	WSPR2	208300	53563	
2025-11-12 06:16	KF8EEZ	KM36	F5178SWL	JN37km	14.097082	0.01	-17	0	2054	313	WSPR2	205400	105634	v1.2.97
2025-11-12 06:16	KF8EEZ	KM36	OE9XRV	JN47um	14.097067	0.01	-12	0	1874	316	WSPR2	187400	123149	WD_3.3.2-2
2025-11-12 06:16	KF8EEZ	KM36	OE3GBB/Q	JN87aq	14.097067	0.01	-13	0	1535	328	WSPR2	153500	96486	WD_3.3.2-2
2025-11-12 06:16	KF8EEZ	KM36	DL3TU	JN48mm	14.097087	0.01	-22	0	1978	318	WSPR2	197800	73469	
2025-11-12 06:16	KF8EEZ	KM36	OH3FR	KP20	14.097084	0.01	-17	0	2672	358	WSPR2	267200	137417	2.7.0
2025-11-12 06:16	KF8EEZ	KM36	OH6BG	KP03qa	14.097056	0.01	-22	0	2976	354	WSPR2	297600	110537	
2025-11-12 06:16	KF8EEZ	KM36	HA5GB	JN97ba	14.097149	0.01	-22	1	1380	331	WSPR2	138000	51257	RP125-14
2025-11-12 06:16	KF8EEZ	KM36	DL4RU	JN69cr	14.097069	0.01	-27	0	1891	326	WSPR2	189100	43223	2.5.4
2025-11-12 06:16	KF8EEZ	KM36	9A1FER	JN75xt	14.097088	0.01	-28	0	1385	322	WSPR2	138500	27700	2.7.0-rc3
2025-11-12 06:16	KF8EEZ	KM36	HB9TJM	JN36fq	14.097058	0.01	-15	0	2039	310	WSPR2	203900	116514	2.11_r2263
2025-11-12 06:16	KF8EEZ	KM36	G0FCH	IO91cn	14.097065	0.01	-30	0	2816	316	WSPR2	281600	40229	2.7.0
2025-11-12 06:26	KF8EEZ	KM36	DK6UG	JN49cm	14.097067	0.01	-19	0	2093	320	WSPR2	209300	95680	WD_3.2.3
2025-11-12 06:26	KF8EEZ	KM36	OK1HRA	JO60wa	14.097106	0.01	-16	0	1835	329	WSPR2	183500	99614	1.4A Kiwi
2025-11-12 06:26	KF8EEZ	KM36	OK2IT	JN89dg	14.097068	0.01	-21	0	1663	332	WSPR2	166300	66520	web-888
2025-11-12 06:26	KF8EEZ	KM36	HB9HXZ	JN47bk	14.097068	0.01	-25	0	1968	314	WSPR2	196800	56229	1.4A Kiwi
2025-11-12 06:26	KF8EEZ	KM36	DK0ABT	JN49pb	14.097046	0.01	-13	0	2000	320	WSPR2	200000	125714	1.4A Kiwi
2025-11-12 06:26	KF8EEZ	KM36	YL3LJ	KO26rr	14.097067	0.01	-24	0	2254	358	WSPR2	225400	70840	1.4A Kiwi
2025-11-12 06:26	KF8EEZ	KM36	DL4ZBE	JO40ba	14.097067	0.01	-24	1	2132	321	WSPR2	213200	67006	WD_3.3.2-1
2025-11-12 06:26	KF8EEZ	KM36	I0UVN	JN61nl	14.097067	0.01	-14	0	1317	299	WSPR2	131700	79020	WD_3.2.3-1
2025-11-12 06:26	KF8EEZ	KM36	HB9DSE	JN37wb	14.097068	0.01	-19	0	1963	313	WSPR2	196300	89737	1.4A Kiwi
2025-11-12 06:26	KF8EEZ	KM36	HB9VQQ	JN47kh	14.097067	0.01	-11	0	1913	315	WSPR2	191300	131177	WD_3.3.2-2
2025-11-12 06:26	KF8EEZ	KM36	HB9VQQ/RS	JN47kh	14.097069	0.01	-12	0	1913	315	WSPR2	191300	125711	WD_3.3.2-2
2025-11-12 06:26	KF8EEZ	KM36	DARCT13	JN47wn	14.097068	0.01	-15	0	1866	317	WSPR2	186600	106629	1.4A Kiwi
2025-11-12 06:26	KF8EEZ	KM36	ON5KQ	JO10os	14.097068	0.01	-19	1	2467	318	WSPR2	246700	112777	WD_3.3.2-2
2025-11-12 06:26	KF8EEZ	KM36	HB9GZW	JN47bj	14.097166	0.01	-7	0	1966	314	WSPR2	196600	157280	WD_3.1.7
2025-11-12 06:26	KF8EEZ	KM36	HB9VQQ/KS	JN47kh	14.097067	0.01	-11	0	1913	315	WSPR2	191300	131177	WD_3.3.2-2
2025-11-12 06:26	KF8EEZ	KM36	OK2IP/P	JN89gd	14.097062	0.01	-20	0	1641	332	WSPR2	164100	70329	RP122-16
2025-11-12 06:26	KF8EEZ	KM36	HB9VQQ/KE	JN47kh	14.097067	0.01	-23	0	1913	315	WSPR2	191300	65589	WD_3.3.2-2
2025-11-12 06:26	KF8EEZ	KM36	HB9VQQ/RE	JN47kh	14.097071	0.01	-22	0	1913	315	WSPR2	191300	71054	WD_3.3.2-2
2025-11-12 06:26	KF8EEZ	KM36	HB9VQQ/RL	JN47kh	14.097068	0.01	-21	0	1913	315	WSPR2	191300	76520	WD_3.3.2-2
2025-11-12 06:26	KF8EEZ	KM36	PD0OHW	JO33lc	14.097067	0.01	-25	0	2414	326	WSPR2	241400	68971	WD_3.2.3
2025-11-12 06:26	KF8EEZ	KM36	G4HZX	IO91xk	14.097068	0.01	-20	1	2701	317	WSPR2	270100	115757	WD_3.3.2-1
2025-11-12 06:26	KF8EEZ	KM36	OE3XOE	JN87aq	14.097068	0.01	-15	2	1535	328	WSPR2	153500	87714	WD_3.3.2-2
2025-11-12 06:26	KF8EEZ	KM36	OE3GBB/Q	JN87aq	14.097067	0.01	-15	0	1535	328	WSPR2	153500	87714	WD_3.3.2-2
2025-11-12 06:26	KF8EEZ	KM36	OE6PJF	JN76ov	14.097058	0.01	-14	0	1511	324	WSPR2	151100	90660	RP125-14
2025-11-12 06:26	KF8EEZ	KM36	SP8NAJ	KO00wb	14.09708	0.01	-22	0	1565	346	WSPR2	156500	58129	2.2.159
2025-11-12 06:26	KF8EEZ	KM36	F5178SWL	JN37km	14.097082	0.01	-23	0	2054	313	WSPR2	205400	70423	v1.2.97
2025-11-12 06:26	KF8EEZ	KM36	DL0PF	JN68rn	14.097123	0.01	-19	1	1735	325	WSPR2	173500	79314	v1.2.94
2025-11-12 06:26	KF8EEZ	KM36	9A1FER	JN75xt	14.097089	0.01	-28	1	1385	322	WSPR2	138500	27700	2.7.0-rc3
2025-11-12 06:26	KF8EEZ	KM36	DK8FT	JN58oe	14.097067	0.01	-24	0	1829	320	WSPR2	182900	57483	
2025-11-12 06:26	KF8EEZ	KM36	DC1RDB	JN58ss	14.097067	0.01	-24	0	1853	322	WSPR2	185300	58237	RP122-16
2025-11-12 06:26	KF8EEZ	KM36	DD5XX	JN48ps	14.097085	0.01	-18	0	1980	319	WSPR2	198000	96171	
2025-11-12 06:26	KF8EEZ	KM36	HA4DJW	JN97uc	14.097066	0.01	-18	0	1324	335	WSPR2	132400	64309	2.7.0
2025-11-12 06:26	KF8EEZ	KM36	DG3SDK	JN48pr	14.097068	0.01	-21	0	1977	319	WSPR2	197700	79080	1.4A Kiwi
2025-11-12 06:26	KF8EEZ	KM36	HA5GB	JN97ba	14.097149	0.01	-22	0	1380	331	WSPR2	138000	51257	RP125-14
2025-11-12 06:26	KF8EEZ	KM36	G8SRV	IO91pm	14.09719	0.01	-27	1	2746	316	WSPR2	274600	62766	2.7.0
2025-11-12 06:26	KF8EEZ	KM36	DL3TU	JN48mm	14.097087	0.01	-21	0	1978	318	WSPR2	197800	79120	
2025-11-12 06:26	KF8EEZ	KM36	HB9TJM	JN36fq	14.097058	0.01	-13	0	2039	310	WSPR2	203900	128166	2.11_r2263
2025-11-12 06:26	KF8EEZ	KM36	DL4RU	JN69cr	14.097069	0.01	-22	0	1891	326	WSPR2	189100	70237	2.5.4
2025-11-12 06:26	KF8EEZ	KM36	OH6BG	KP03qa	14.097056	0.01	-23	0	2976	354	WSPR2	297600	102034	
2025-11-12 06:26	KF8EEZ	KM36	LA1ZM	JO38ig	14.097071	0.01	-18	0	2838	335	WSPR2	283800	137846	2.6.1
2025-11-12 06:36	KF8EEZ	KM36	HB9VQQ/RS	JN47kh	14.097069	0.01	-12	0	1913	315	WSPR2	191300	125711	WD_3.3.2-2
2025-11-12 06:36	KF8EEZ	KM36	HB9VQQ/KS	JN47kh	14.097067	0.01	-13	0	1913	315	WSPR2	191300	120246	WD_3.3.2-2
2025-11-12 06:36	KF8EEZ	KM36	HB9VQQ	JN47kh	14.097069	0.01	-12	0	1913	315	WSPR2	191300	125711	WD_3.3.2-2
2025-11-12 06:36	KF8EEZ	KM36	HB9GZW	JN47bj	14.097166	0.01	-13	2	1966	314	WSPR2	196600	123577	WD_3.1.7
2025-11-13 04:26	KF8EEZ	KM67	PD0OHW	JO33lc	14.097067	0.01	-22	0	2649	319	WSPR2	264900	98391	WD_3.2.3
2025-11-13 04:26	KF8EEZ	KM67	HB9GZW	JN47bj	14.097166	0.01	-21	0	2303	306	WSPR2	230300	92120	WD_3.1.7
2025-11-13 04:26	KF8EEZ	KM67	SV1CDN	KM17tx	14.097073	0.01	-21	-1	822	277	WSPR2	82200	32880	2.1.0
2025-11-13 04:36	KF8EEZ	KM67	HB9VQQ	JN47kh	14.097067	0.01	-20	0	2246	307	WSPR2	224600	96257	WD_3.3.2-2
2025-11-13 04:36	KF8EEZ	KM67	HB9VQQ/RS	JN47kh	14.097069	0.01	-20	0	2246	307	WSPR2	224600	96257	WD_3.3.2-2
2025-11-13 04:36	KF8EEZ	KM67	SV9084SWL	KM25uf	14.097066	0.01	-22	0	696	251	WSPR2	69600	25851	web-888
2025-11-13 04:36	KF8EEZ	KM67	HB9VQQ/KS	JN47kh	14.097067	0.01	-20	0	2246	307	WSPR2	224600	96257	WD_3.3.2-2
2025-11-13 04:36	KF8EEZ	KM67	ON5KQ	JO10os	14.097067	0.01	-20	0	2768	312	WSPR2	276800	118629	WD_3.3.2-2
2025-11-13 04:36	KF8EEZ	KM67	PD0OHW	JO33lc	14.097067	0.01	-25	0	2649	319	WSPR2	264900	75686	WD_3.2.3
2025-11-13 04:36	KF8EEZ	KM67	HB9GZW	JN47bj	14.097166	0.01	-18	0	2303	306	WSPR2	230300	111860	WD_3.1.7
2025-11-13 04:36	KF8EEZ	KM67	SV1CDN	KM17tx	14.097073	0.01	-18	0	822	277	WSPR2	82200	39926	2.1.0
